-- =========================================================
-- Pupoo v4.2 Seed (100 rows per table)
-- - 각 테이블당 100건(요청사항)
-- - FK/UNIQUE/CHK/트리거 조건 준수
-- - encoding: UTF-8 (No BOM)
-- =========================================================

SET NAMES utf8mb4;
SET FOREIGN_KEY_CHECKS = 0;
SET SQL_SAFE_UPDATES=0;

-- TRUNCATE (자식 -> 부모 순서)
TRUNCATE TABLE qr_logs;
TRUNCATE TABLE qr_codes;
TRUNCATE TABLE refunds;
TRUNCATE TABLE payment_transactions;
TRUNCATE TABLE payments;
TRUNCATE TABLE inquiry_answers;
TRUNCATE TABLE inquiries;
TRUNCATE TABLE content_reports;
TRUNCATE TABLE review_comments;
TRUNCATE TABLE reviews;
TRUNCATE TABLE board_banned_words;
TRUNCATE TABLE post_comments;
TRUNCATE TABLE files;
TRUNCATE TABLE posts;
TRUNCATE TABLE boards;
TRUNCATE TABLE notices;
TRUNCATE TABLE gallery_likes;
TRUNCATE TABLE gallery_images;
TRUNCATE TABLE galleries;
TRUNCATE TABLE congestions;
TRUNCATE TABLE experience_waits;
TRUNCATE TABLE booth_waits;
TRUNCATE TABLE program_speakers;
TRUNCATE TABLE speakers;
TRUNCATE TABLE contest_votes;
TRUNCATE TABLE program_participation_stats;
TRUNCATE TABLE event_history;
TRUNCATE TABLE event_program_apply;
TRUNCATE TABLE event_program;
TRUNCATE TABLE booths;
TRUNCATE TABLE event_apply;
TRUNCATE TABLE event;
TRUNCATE TABLE pet;
TRUNCATE TABLE social_account;
TRUNCATE TABLE admin_logs;
TRUNCATE TABLE refresh_token;
TRUNCATE TABLE signup_sessions;
TRUNCATE TABLE phone_verification_token;
TRUNCATE TABLE email_verification_token;
TRUNCATE TABLE event_interest_map;
TRUNCATE TABLE user_interest_subscriptions;
TRUNCATE TABLE interests;
TRUNCATE TABLE notification_settings;
TRUNCATE TABLE notification_inbox;
TRUNCATE TABLE notification_send;
TRUNCATE TABLE notification;
TRUNCATE TABLE users;

-- users
INSERT INTO users (user_id, email, password, nickname, phone, status, role_name, show_age, show_gender, show_pet, email_verified, phone_verified) VALUES
(1, 'admin@pupoo.com', '$2a$10$abcdefghijklmnopqrstuv', '푸푸관리자', '010-1001-1007', 'ACTIVE', 'ADMIN', 1, 0, 1, 1, 1),
(2, 'staff@pupoo.com', '$2a$10$abcdefghijklmnopqrstuv', '운영스태프', '010-1002-1014', 'ACTIVE', 'ADMIN', 0, 1, 0, 1, 1),
(3, 'user0003@example.com', '$2a$10$abcdefghijklmnopqrstuv', '유저0003', '010-1003-1021', 'ACTIVE', 'USER', 1, 0, 1, 1, 1),
(4, 'user0004@example.com', '$2a$10$abcdefghijklmnopqrstuv', '유저0004', '010-1004-1028', 'ACTIVE', 'USER', 0, 1, 0, 1, 1),
(5, 'user0005@example.com', '$2a$10$abcdefghijklmnopqrstuv', '유저0005', '010-1005-1035', 'ACTIVE', 'USER', 1, 0, 1, 1, 1),
(6, 'user0006@example.com', '$2a$10$abcdefghijklmnopqrstuv', '유저0006', '010-1006-1042', 'ACTIVE', 'USER', 0, 1, 0, 1, 1),
(7, 'user0007@example.com', '$2a$10$abcdefghijklmnopqrstuv', '유저0007', '010-1007-1049', 'ACTIVE', 'USER', 1, 0, 1, 1, 1),
(8, 'user0008@example.com', '$2a$10$abcdefghijklmnopqrstuv', '유저0008', '010-1008-1056', 'ACTIVE', 'USER', 0, 1, 0, 1, 1),
(9, 'user0009@example.com', '$2a$10$abcdefghijklmnopqrstuv', '유저0009', '010-1009-1063', 'ACTIVE', 'USER', 1, 0, 1, 1, 1),
(10, 'user0010@example.com', '$2a$10$abcdefghijklmnopqrstuv', '유저0010', '010-1010-1070', 'ACTIVE', 'USER', 0, 1, 0, 1, 1),
(11, 'user0011@example.com', '$2a$10$abcdefghijklmnopqrstuv', '유저0011', '010-1011-1077', 'ACTIVE', 'USER', 1, 0, 1, 1, 1),
(12, 'user0012@example.com', '$2a$10$abcdefghijklmnopqrstuv', '유저0012', '010-1012-1084', 'ACTIVE', 'USER', 0, 1, 0, 1, 1),
(13, 'user0013@example.com', '$2a$10$abcdefghijklmnopqrstuv', '유저0013', '010-1013-1091', 'ACTIVE', 'USER', 1, 0, 1, 1, 1),
(14, 'user0014@example.com', '$2a$10$abcdefghijklmnopqrstuv', '유저0014', '010-1014-1098', 'ACTIVE', 'USER', 0, 1, 0, 1, 1),
(15, 'user0015@example.com', '$2a$10$abcdefghijklmnopqrstuv', '유저0015', '010-1015-1105', 'ACTIVE', 'USER', 1, 0, 1, 1, 1),
(16, 'user0016@example.com', '$2a$10$abcdefghijklmnopqrstuv', '유저0016', '010-1016-1112', 'ACTIVE', 'USER', 0, 1, 0, 1, 1),
(17, 'user0017@example.com', '$2a$10$abcdefghijklmnopqrstuv', '유저0017', '010-1017-1119', 'ACTIVE', 'USER', 1, 0, 1, 1, 1),
(18, 'user0018@example.com', '$2a$10$abcdefghijklmnopqrstuv', '유저0018', '010-1018-1126', 'ACTIVE', 'USER', 0, 1, 0, 1, 1),
(19, 'user0019@example.com', '$2a$10$abcdefghijklmnopqrstuv', '유저0019', '010-1019-1133', 'ACTIVE', 'USER', 1, 0, 1, 1, 1),
(20, 'user0020@example.com', '$2a$10$abcdefghijklmnopqrstuv', '유저0020', '010-1020-1140', 'ACTIVE', 'USER', 0, 1, 0, 1, 1),
(21, 'user0021@example.com', '$2a$10$abcdefghijklmnopqrstuv', '유저0021', '010-1021-1147', 'ACTIVE', 'USER', 1, 0, 1, 1, 1),
(22, 'user0022@example.com', '$2a$10$abcdefghijklmnopqrstuv', '유저0022', '010-1022-1154', 'ACTIVE', 'USER', 0, 1, 0, 1, 1),
(23, 'user0023@example.com', '$2a$10$abcdefghijklmnopqrstuv', '유저0023', '010-1023-1161', 'ACTIVE', 'USER', 1, 0, 1, 1, 1),
(24, 'user0024@example.com', '$2a$10$abcdefghijklmnopqrstuv', '유저0024', '010-1024-1168', 'ACTIVE', 'USER', 0, 1, 0, 1, 1),
(25, 'user0025@example.com', '$2a$10$abcdefghijklmnopqrstuv', '유저0025', '010-1025-1175', 'ACTIVE', 'USER', 1, 0, 1, 1, 1),
(26, 'user0026@example.com', '$2a$10$abcdefghijklmnopqrstuv', '유저0026', '010-1026-1182', 'ACTIVE', 'USER', 0, 1, 0, 1, 1),
(27, 'user0027@example.com', '$2a$10$abcdefghijklmnopqrstuv', '유저0027', '010-1027-1189', 'ACTIVE', 'USER', 1, 0, 1, 1, 1),
(28, 'user0028@example.com', '$2a$10$abcdefghijklmnopqrstuv', '유저0028', '010-1028-1196', 'ACTIVE', 'USER', 0, 1, 0, 1, 1),
(29, 'user0029@example.com', '$2a$10$abcdefghijklmnopqrstuv', '유저0029', '010-1029-1203', 'ACTIVE', 'USER', 1, 0, 1, 1, 1),
(30, 'user0030@example.com', '$2a$10$abcdefghijklmnopqrstuv', '유저0030', '010-1030-1210', 'ACTIVE', 'USER', 0, 1, 0, 1, 1),
(31, 'user0031@example.com', '$2a$10$abcdefghijklmnopqrstuv', '유저0031', '010-1031-1217', 'ACTIVE', 'USER', 1, 0, 1, 1, 1),
(32, 'user0032@example.com', '$2a$10$abcdefghijklmnopqrstuv', '유저0032', '010-1032-1224', 'ACTIVE', 'USER', 0, 1, 0, 1, 1),
(33, 'user0033@example.com', '$2a$10$abcdefghijklmnopqrstuv', '유저0033', '010-1033-1231', 'ACTIVE', 'USER', 1, 0, 1, 1, 1),
(34, 'user0034@example.com', '$2a$10$abcdefghijklmnopqrstuv', '유저0034', '010-1034-1238', 'ACTIVE', 'USER', 0, 1, 0, 1, 1),
(35, 'user0035@example.com', '$2a$10$abcdefghijklmnopqrstuv', '유저0035', '010-1035-1245', 'ACTIVE', 'USER', 1, 0, 1, 1, 1),
(36, 'user0036@example.com', '$2a$10$abcdefghijklmnopqrstuv', '유저0036', '010-1036-1252', 'ACTIVE', 'USER', 0, 1, 0, 1, 1),
(37, 'user0037@example.com', '$2a$10$abcdefghijklmnopqrstuv', '유저0037', '010-1037-1259', 'ACTIVE', 'USER', 1, 0, 1, 1, 1),
(38, 'user0038@example.com', '$2a$10$abcdefghijklmnopqrstuv', '유저0038', '010-1038-1266', 'ACTIVE', 'USER', 0, 1, 0, 1, 1),
(39, 'user0039@example.com', '$2a$10$abcdefghijklmnopqrstuv', '유저0039', '010-1039-1273', 'ACTIVE', 'USER', 1, 0, 1, 1, 1),
(40, 'user0040@example.com', '$2a$10$abcdefghijklmnopqrstuv', '유저0040', '010-1040-1280', 'ACTIVE', 'USER', 0, 1, 0, 1, 1),
(41, 'user0041@example.com', '$2a$10$abcdefghijklmnopqrstuv', '유저0041', '010-1041-1287', 'ACTIVE', 'USER', 1, 0, 1, 1, 1),
(42, 'user0042@example.com', '$2a$10$abcdefghijklmnopqrstuv', '유저0042', '010-1042-1294', 'ACTIVE', 'USER', 0, 1, 0, 1, 1),
(43, 'user0043@example.com', '$2a$10$abcdefghijklmnopqrstuv', '유저0043', '010-1043-1301', 'ACTIVE', 'USER', 1, 0, 1, 1, 1),
(44, 'user0044@example.com', '$2a$10$abcdefghijklmnopqrstuv', '유저0044', '010-1044-1308', 'ACTIVE', 'USER', 0, 1, 0, 1, 1),
(45, 'user0045@example.com', '$2a$10$abcdefghijklmnopqrstuv', '유저0045', '010-1045-1315', 'ACTIVE', 'USER', 1, 0, 1, 1, 1),
(46, 'user0046@example.com', '$2a$10$abcdefghijklmnopqrstuv', '유저0046', '010-1046-1322', 'ACTIVE', 'USER', 0, 1, 0, 1, 1),
(47, 'user0047@example.com', '$2a$10$abcdefghijklmnopqrstuv', '유저0047', '010-1047-1329', 'ACTIVE', 'USER', 1, 0, 1, 1, 1),
(48, 'user0048@example.com', '$2a$10$abcdefghijklmnopqrstuv', '유저0048', '010-1048-1336', 'ACTIVE', 'USER', 0, 1, 0, 1, 1),
(49, 'user0049@example.com', '$2a$10$abcdefghijklmnopqrstuv', '유저0049', '010-1049-1343', 'ACTIVE', 'USER', 1, 0, 1, 1, 1),
(50, 'user0050@example.com', '$2a$10$abcdefghijklmnopqrstuv', '유저0050', '010-1050-1350', 'ACTIVE', 'USER', 0, 1, 0, 1, 1),
(51, 'user0051@example.com', '$2a$10$abcdefghijklmnopqrstuv', '유저0051', '010-1051-1357', 'ACTIVE', 'USER', 1, 0, 1, 1, 1),
(52, 'user0052@example.com', '$2a$10$abcdefghijklmnopqrstuv', '유저0052', '010-1052-1364', 'ACTIVE', 'USER', 0, 1, 0, 1, 1),
(53, 'user0053@example.com', '$2a$10$abcdefghijklmnopqrstuv', '유저0053', '010-1053-1371', 'ACTIVE', 'USER', 1, 0, 1, 1, 1),
(54, 'user0054@example.com', '$2a$10$abcdefghijklmnopqrstuv', '유저0054', '010-1054-1378', 'ACTIVE', 'USER', 0, 1, 0, 1, 1),
(55, 'user0055@example.com', '$2a$10$abcdefghijklmnopqrstuv', '유저0055', '010-1055-1385', 'ACTIVE', 'USER', 1, 0, 1, 1, 1),
(56, 'user0056@example.com', '$2a$10$abcdefghijklmnopqrstuv', '유저0056', '010-1056-1392', 'ACTIVE', 'USER', 0, 1, 0, 1, 1),
(57, 'user0057@example.com', '$2a$10$abcdefghijklmnopqrstuv', '유저0057', '010-1057-1399', 'ACTIVE', 'USER', 1, 0, 1, 1, 1),
(58, 'user0058@example.com', '$2a$10$abcdefghijklmnopqrstuv', '유저0058', '010-1058-1406', 'ACTIVE', 'USER', 0, 1, 0, 1, 1),
(59, 'user0059@example.com', '$2a$10$abcdefghijklmnopqrstuv', '유저0059', '010-1059-1413', 'ACTIVE', 'USER', 1, 0, 1, 1, 1),
(60, 'user0060@example.com', '$2a$10$abcdefghijklmnopqrstuv', '유저0060', '010-1060-1420', 'ACTIVE', 'USER', 0, 1, 0, 1, 1),
(61, 'user0061@example.com', '$2a$10$abcdefghijklmnopqrstuv', '유저0061', '010-1061-1427', 'ACTIVE', 'USER', 1, 0, 1, 1, 1),
(62, 'user0062@example.com', '$2a$10$abcdefghijklmnopqrstuv', '유저0062', '010-1062-1434', 'ACTIVE', 'USER', 0, 1, 0, 1, 1),
(63, 'user0063@example.com', '$2a$10$abcdefghijklmnopqrstuv', '유저0063', '010-1063-1441', 'ACTIVE', 'USER', 1, 0, 1, 1, 1),
(64, 'user0064@example.com', '$2a$10$abcdefghijklmnopqrstuv', '유저0064', '010-1064-1448', 'ACTIVE', 'USER', 0, 1, 0, 1, 1),
(65, 'user0065@example.com', '$2a$10$abcdefghijklmnopqrstuv', '유저0065', '010-1065-1455', 'ACTIVE', 'USER', 1, 0, 1, 1, 1),
(66, 'user0066@example.com', '$2a$10$abcdefghijklmnopqrstuv', '유저0066', '010-1066-1462', 'ACTIVE', 'USER', 0, 1, 0, 1, 1),
(67, 'user0067@example.com', '$2a$10$abcdefghijklmnopqrstuv', '유저0067', '010-1067-1469', 'ACTIVE', 'USER', 1, 0, 1, 1, 1),
(68, 'user0068@example.com', '$2a$10$abcdefghijklmnopqrstuv', '유저0068', '010-1068-1476', 'ACTIVE', 'USER', 0, 1, 0, 1, 1),
(69, 'user0069@example.com', '$2a$10$abcdefghijklmnopqrstuv', '유저0069', '010-1069-1483', 'ACTIVE', 'USER', 1, 0, 1, 1, 1),
(70, 'user0070@example.com', '$2a$10$abcdefghijklmnopqrstuv', '유저0070', '010-1070-1490', 'ACTIVE', 'USER', 0, 1, 0, 1, 1),
(71, 'user0071@example.com', '$2a$10$abcdefghijklmnopqrstuv', '유저0071', '010-1071-1497', 'ACTIVE', 'USER', 1, 0, 1, 1, 1),
(72, 'user0072@example.com', '$2a$10$abcdefghijklmnopqrstuv', '유저0072', '010-1072-1504', 'ACTIVE', 'USER', 0, 1, 0, 1, 1),
(73, 'user0073@example.com', '$2a$10$abcdefghijklmnopqrstuv', '유저0073', '010-1073-1511', 'ACTIVE', 'USER', 1, 0, 1, 1, 1),
(74, 'user0074@example.com', '$2a$10$abcdefghijklmnopqrstuv', '유저0074', '010-1074-1518', 'ACTIVE', 'USER', 0, 1, 0, 1, 1),
(75, 'user0075@example.com', '$2a$10$abcdefghijklmnopqrstuv', '유저0075', '010-1075-1525', 'ACTIVE', 'USER', 1, 0, 1, 1, 1),
(76, 'user0076@example.com', '$2a$10$abcdefghijklmnopqrstuv', '유저0076', '010-1076-1532', 'ACTIVE', 'USER', 0, 1, 0, 1, 1),
(77, 'user0077@example.com', '$2a$10$abcdefghijklmnopqrstuv', '유저0077', '010-1077-1539', 'ACTIVE', 'USER', 1, 0, 1, 1, 1),
(78, 'user0078@example.com', '$2a$10$abcdefghijklmnopqrstuv', '유저0078', '010-1078-1546', 'ACTIVE', 'USER', 0, 1, 0, 1, 1),
(79, 'user0079@example.com', '$2a$10$abcdefghijklmnopqrstuv', '유저0079', '010-1079-1553', 'ACTIVE', 'USER', 1, 0, 1, 1, 1),
(80, 'user0080@example.com', '$2a$10$abcdefghijklmnopqrstuv', '유저0080', '010-1080-1560', 'ACTIVE', 'USER', 0, 1, 0, 1, 1),
(81, 'user0081@example.com', '$2a$10$abcdefghijklmnopqrstuv', '유저0081', '010-1081-1567', 'ACTIVE', 'USER', 1, 0, 1, 1, 1),
(82, 'user0082@example.com', '$2a$10$abcdefghijklmnopqrstuv', '유저0082', '010-1082-1574', 'ACTIVE', 'USER', 0, 1, 0, 1, 1),
(83, 'user0083@example.com', '$2a$10$abcdefghijklmnopqrstuv', '유저0083', '010-1083-1581', 'ACTIVE', 'USER', 1, 0, 1, 1, 1),
(84, 'user0084@example.com', '$2a$10$abcdefghijklmnopqrstuv', '유저0084', '010-1084-1588', 'ACTIVE', 'USER', 0, 1, 0, 1, 1),
(85, 'user0085@example.com', '$2a$10$abcdefghijklmnopqrstuv', '유저0085', '010-1085-1595', 'ACTIVE', 'USER', 1, 0, 1, 1, 1),
(86, 'user0086@example.com', '$2a$10$abcdefghijklmnopqrstuv', '유저0086', '010-1086-1602', 'ACTIVE', 'USER', 0, 1, 0, 1, 1),
(87, 'user0087@example.com', '$2a$10$abcdefghijklmnopqrstuv', '유저0087', '010-1087-1609', 'ACTIVE', 'USER', 1, 0, 1, 1, 1),
(88, 'user0088@example.com', '$2a$10$abcdefghijklmnopqrstuv', '유저0088', '010-1088-1616', 'ACTIVE', 'USER', 0, 1, 0, 1, 1),
(89, 'user0089@example.com', '$2a$10$abcdefghijklmnopqrstuv', '유저0089', '010-1089-1623', 'ACTIVE', 'USER', 1, 0, 1, 1, 1),
(90, 'user0090@example.com', '$2a$10$abcdefghijklmnopqrstuv', '유저0090', '010-1090-1630', 'ACTIVE', 'USER', 0, 1, 0, 1, 1),
(91, 'user0091@example.com', '$2a$10$abcdefghijklmnopqrstuv', '유저0091', '010-1091-1637', 'ACTIVE', 'USER', 1, 0, 1, 1, 1),
(92, 'user0092@example.com', '$2a$10$abcdefghijklmnopqrstuv', '유저0092', '010-1092-1644', 'ACTIVE', 'USER', 0, 1, 0, 1, 1),
(93, 'user0093@example.com', '$2a$10$abcdefghijklmnopqrstuv', '유저0093', '010-1093-1651', 'ACTIVE', 'USER', 1, 0, 1, 1, 1),
(94, 'user0094@example.com', '$2a$10$abcdefghijklmnopqrstuv', '유저0094', '010-1094-1658', 'ACTIVE', 'USER', 0, 1, 0, 1, 1),
(95, 'user0095@example.com', '$2a$10$abcdefghijklmnopqrstuv', '유저0095', '010-1095-1665', 'ACTIVE', 'USER', 1, 0, 1, 1, 1),
(96, 'user0096@example.com', '$2a$10$abcdefghijklmnopqrstuv', '유저0096', '010-1096-1672', 'ACTIVE', 'USER', 0, 1, 0, 1, 1),
(97, 'user0097@example.com', '$2a$10$abcdefghijklmnopqrstuv', '유저0097', '010-1097-1679', 'ACTIVE', 'USER', 1, 0, 1, 1, 1),
(98, 'user0098@example.com', '$2a$10$abcdefghijklmnopqrstuv', '유저0098', '010-1098-1686', 'ACTIVE', 'USER', 0, 1, 0, 1, 1),
(99, 'user0099@example.com', '$2a$10$abcdefghijklmnopqrstuv', '유저0099', '010-1099-1693', 'ACTIVE', 'USER', 1, 0, 1, 1, 1),
(100, 'user0100@example.com', '$2a$10$abcdefghijklmnopqrstuv', '유저0100', '010-1100-1700', 'ACTIVE', 'USER', 0, 1, 0, 1, 1);

-- social_account
INSERT INTO social_account (social_id, user_id, provider, provider_uid) VALUES
(1, 1, 'NAVER', 'naver_0001_74f4b52922'),
(2, 2, 'GOOGLE', 'google_0002_47ed00f716'),
(3, 3, 'APPLE', 'apple_0003_0d87589886'),
(4, 4, 'KAKAO', 'kakao_0004_c8969ca248'),
(5, 5, 'NAVER', 'naver_0005_674b6793dd'),
(6, 6, 'GOOGLE', 'google_0006_4af12027bf'),
(7, 7, 'APPLE', 'apple_0007_192ec93322'),
(8, 8, 'KAKAO', 'kakao_0008_8e08a72f9c'),
(9, 9, 'NAVER', 'naver_0009_bb3471b923'),
(10, 10, 'GOOGLE', 'google_0010_b3b6ca40ab'),
(11, 11, 'APPLE', 'apple_0011_f8d6308059'),
(12, 12, 'KAKAO', 'kakao_0012_db5b6cabda'),
(13, 13, 'NAVER', 'naver_0013_6d214886cc'),
(14, 14, 'GOOGLE', 'google_0014_61e45facc3'),
(15, 15, 'APPLE', 'apple_0015_ef03ac33d3'),
(16, 16, 'KAKAO', 'kakao_0016_db54d8953e'),
(17, 17, 'NAVER', 'naver_0017_a7721e8a00'),
(18, 18, 'GOOGLE', 'google_0018_a61c57405d'),
(19, 19, 'APPLE', 'apple_0019_d7cea4ba93'),
(20, 20, 'KAKAO', 'kakao_0020_1732e1340b'),
(21, 21, 'NAVER', 'naver_0021_73c7ef0183'),
(22, 22, 'GOOGLE', 'google_0022_1cbc8737ac'),
(23, 23, 'APPLE', 'apple_0023_1141afda14'),
(24, 24, 'KAKAO', 'kakao_0024_b8fa3e3a83'),
(25, 25, 'NAVER', 'naver_0025_80f405f73b'),
(26, 26, 'GOOGLE', 'google_0026_3bbfc72f33'),
(27, 27, 'APPLE', 'apple_0027_0897c0ece5'),
(28, 28, 'KAKAO', 'kakao_0028_fc2d963a83'),
(29, 29, 'NAVER', 'naver_0029_ac7221f4eb'),
(30, 30, 'GOOGLE', 'google_0030_4da3791502'),
(31, 31, 'APPLE', 'apple_0031_65c0d6939c'),
(32, 32, 'KAKAO', 'kakao_0032_3bad76132f'),
(33, 33, 'NAVER', 'naver_0033_4ba8a798d7'),
(34, 34, 'GOOGLE', 'google_0034_8587f44438'),
(35, 35, 'APPLE', 'apple_0035_67482defd8'),
(36, 36, 'KAKAO', 'kakao_0036_f761d91f80'),
(37, 37, 'NAVER', 'naver_0037_22abe23971'),
(38, 38, 'GOOGLE', 'google_0038_55e33a1490'),
(39, 39, 'APPLE', 'apple_0039_6e80929933'),
(40, 40, 'KAKAO', 'kakao_0040_c106f6e359'),
(41, 41, 'NAVER', 'naver_0041_0369db73a4'),
(42, 42, 'GOOGLE', 'google_0042_37fa64e5a1'),
(43, 43, 'APPLE', 'apple_0043_d156e57880'),
(44, 44, 'KAKAO', 'kakao_0044_d97dda199c'),
(45, 45, 'NAVER', 'naver_0045_b3908a7c02'),
(46, 46, 'GOOGLE', 'google_0046_1d7be0d938'),
(47, 47, 'APPLE', 'apple_0047_12bc19090c'),
(48, 48, 'KAKAO', 'kakao_0048_bf8f011fd0'),
(49, 49, 'NAVER', 'naver_0049_6f4e02989c'),
(50, 50, 'GOOGLE', 'google_0050_09963b9361'),
(51, 51, 'APPLE', 'apple_0051_c9fb4ada29'),
(52, 52, 'KAKAO', 'kakao_0052_abe7aef107'),
(53, 53, 'NAVER', 'naver_0053_0fb0a9b9c6'),
(54, 54, 'GOOGLE', 'google_0054_3aa6036f47'),
(55, 55, 'APPLE', 'apple_0055_39a9897a24'),
(56, 56, 'KAKAO', 'kakao_0056_e741bede08'),
(57, 57, 'NAVER', 'naver_0057_f780fd049b'),
(58, 58, 'GOOGLE', 'google_0058_46bdf3594a'),
(59, 59, 'APPLE', 'apple_0059_8e58d86169'),
(60, 60, 'KAKAO', 'kakao_0060_0f8a3e9d69'),
(61, 61, 'NAVER', 'naver_0061_72ee37b8cf'),
(62, 62, 'GOOGLE', 'google_0062_3cbada4411'),
(63, 63, 'APPLE', 'apple_0063_61cf7dde30'),
(64, 64, 'KAKAO', 'kakao_0064_e777096108'),
(65, 65, 'NAVER', 'naver_0065_f00d79f221'),
(66, 66, 'GOOGLE', 'google_0066_4d484593c5'),
(67, 67, 'APPLE', 'apple_0067_062e0f9cf4'),
(68, 68, 'KAKAO', 'kakao_0068_a0208f6413'),
(69, 69, 'NAVER', 'naver_0069_825a5bd1dc'),
(70, 70, 'GOOGLE', 'google_0070_8076bc299c'),
(71, 71, 'APPLE', 'apple_0071_4c3ce93872'),
(72, 72, 'KAKAO', 'kakao_0072_624a60ff10'),
(73, 73, 'NAVER', 'naver_0073_1e1e6017c5'),
(74, 74, 'GOOGLE', 'google_0074_59347d7ad0'),
(75, 75, 'APPLE', 'apple_0075_5c7484eb85'),
(76, 76, 'KAKAO', 'kakao_0076_f341653ff7'),
(77, 77, 'NAVER', 'naver_0077_6f700d3d4d'),
(78, 78, 'GOOGLE', 'google_0078_b0306540f2'),
(79, 79, 'APPLE', 'apple_0079_30c3e8f2d4'),
(80, 80, 'KAKAO', 'kakao_0080_a9158a5a8f'),
(81, 81, 'NAVER', 'naver_0081_8d4f08a7f3'),
(82, 82, 'GOOGLE', 'google_0082_66d191cba2'),
(83, 83, 'APPLE', 'apple_0083_522e1ddbcf'),
(84, 84, 'KAKAO', 'kakao_0084_9015292cc2'),
(85, 85, 'NAVER', 'naver_0085_0ec6efd0cb'),
(86, 86, 'GOOGLE', 'google_0086_67b41eea09'),
(87, 87, 'APPLE', 'apple_0087_cd56c74c61'),
(88, 88, 'KAKAO', 'kakao_0088_76a28496b3'),
(89, 89, 'NAVER', 'naver_0089_d0ee72bcb9'),
(90, 90, 'GOOGLE', 'google_0090_5409060855'),
(91, 91, 'APPLE', 'apple_0091_f4456bf744'),
(92, 92, 'KAKAO', 'kakao_0092_96bbbc1b8e'),
(93, 93, 'NAVER', 'naver_0093_7f15dd889c'),
(94, 94, 'GOOGLE', 'google_0094_59097f9263'),
(95, 95, 'APPLE', 'apple_0095_356f3ad8de'),
(96, 96, 'KAKAO', 'kakao_0096_6601a9dd5e'),
(97, 97, 'NAVER', 'naver_0097_de7d97ec0d'),
(98, 98, 'GOOGLE', 'google_0098_be4000a8d2'),
(99, 99, 'APPLE', 'apple_0099_8b4fd8badd'),
(100, 100, 'KAKAO', 'kakao_0100_d4cef9b5d1');

-- pet
INSERT INTO pet (pet_id, user_id, pet_name, pet_breed, pet_age, pet_weight) VALUES
(1, 1, '초코1', 'CAT', 2, 'S'),
(2, 2, '보리2', 'OTHER', 3, 'M'),
(3, 3, '율무3', 'DOG', 4, 'L'),
(4, 4, '하루4', 'CAT', 5, 'XL'),
(5, 5, '라떼5', 'OTHER', 6, NULL),
(6, 6, '몽이6', 'DOG', 7, 'XS'),
(7, 7, '콩이7', 'CAT', 8, 'S'),
(8, 8, '두부8', 'OTHER', 9, 'M'),
(9, 9, '별이9', 'DOG', 10, 'L'),
(10, 10, '마루0', 'CAT', 11, 'XL'),
(11, 11, '초코1', 'OTHER', 12, NULL),
(12, 12, '보리2', 'DOG', 13, 'XS'),
(13, 13, '율무3', 'CAT', 14, 'S'),
(14, 14, '하루4', 'OTHER', 15, 'M'),
(15, 15, '라떼5', 'DOG', 1, 'L'),
(16, 16, '몽이6', 'CAT', 2, 'XL'),
(17, 17, '콩이7', 'OTHER', 3, NULL),
(18, 18, '두부8', 'DOG', 4, 'XS'),
(19, 19, '별이9', 'CAT', 5, 'S'),
(20, 20, '마루0', 'OTHER', 6, 'M'),
(21, 21, '초코1', 'DOG', 7, 'L'),
(22, 22, '보리2', 'CAT', 8, 'XL'),
(23, 23, '율무3', 'OTHER', 9, NULL),
(24, 24, '하루4', 'DOG', 10, 'XS'),
(25, 25, '라떼5', 'CAT', 11, 'S'),
(26, 26, '몽이6', 'OTHER', 12, 'M'),
(27, 27, '콩이7', 'DOG', 13, 'L'),
(28, 28, '두부8', 'CAT', 14, 'XL'),
(29, 29, '별이9', 'OTHER', 15, NULL),
(30, 30, '마루0', 'DOG', 1, 'XS'),
(31, 31, '초코1', 'CAT', 2, 'S'),
(32, 32, '보리2', 'OTHER', 3, 'M'),
(33, 33, '율무3', 'DOG', 4, 'L'),
(34, 34, '하루4', 'CAT', 5, 'XL'),
(35, 35, '라떼5', 'OTHER', 6, NULL),
(36, 36, '몽이6', 'DOG', 7, 'XS'),
(37, 37, '콩이7', 'CAT', 8, 'S'),
(38, 38, '두부8', 'OTHER', 9, 'M'),
(39, 39, '별이9', 'DOG', 10, 'L'),
(40, 40, '마루0', 'CAT', 11, 'XL'),
(41, 41, '초코1', 'OTHER', 12, NULL),
(42, 42, '보리2', 'DOG', 13, 'XS'),
(43, 43, '율무3', 'CAT', 14, 'S'),
(44, 44, '하루4', 'OTHER', 15, 'M'),
(45, 45, '라떼5', 'DOG', 1, 'L'),
(46, 46, '몽이6', 'CAT', 2, 'XL'),
(47, 47, '콩이7', 'OTHER', 3, NULL),
(48, 48, '두부8', 'DOG', 4, 'XS'),
(49, 49, '별이9', 'CAT', 5, 'S'),
(50, 50, '마루0', 'OTHER', 6, 'M'),
(51, 51, '초코1', 'DOG', 7, 'L'),
(52, 52, '보리2', 'CAT', 8, 'XL'),
(53, 53, '율무3', 'OTHER', 9, NULL),
(54, 54, '하루4', 'DOG', 10, 'XS'),
(55, 55, '라떼5', 'CAT', 11, 'S'),
(56, 56, '몽이6', 'OTHER', 12, 'M'),
(57, 57, '콩이7', 'DOG', 13, 'L'),
(58, 58, '두부8', 'CAT', 14, 'XL'),
(59, 59, '별이9', 'OTHER', 15, NULL),
(60, 60, '마루0', 'DOG', 1, 'XS'),
(61, 61, '초코1', 'CAT', 2, 'S'),
(62, 62, '보리2', 'OTHER', 3, 'M'),
(63, 63, '율무3', 'DOG', 4, 'L'),
(64, 64, '하루4', 'CAT', 5, 'XL'),
(65, 65, '라떼5', 'OTHER', 6, NULL),
(66, 66, '몽이6', 'DOG', 7, 'XS'),
(67, 67, '콩이7', 'CAT', 8, 'S'),
(68, 68, '두부8', 'OTHER', 9, 'M'),
(69, 69, '별이9', 'DOG', 10, 'L'),
(70, 70, '마루0', 'CAT', 11, 'XL'),
(71, 71, '초코1', 'OTHER', 12, NULL),
(72, 72, '보리2', 'DOG', 13, 'XS'),
(73, 73, '율무3', 'CAT', 14, 'S'),
(74, 74, '하루4', 'OTHER', 15, 'M'),
(75, 75, '라떼5', 'DOG', 1, 'L'),
(76, 76, '몽이6', 'CAT', 2, 'XL'),
(77, 77, '콩이7', 'OTHER', 3, NULL),
(78, 78, '두부8', 'DOG', 4, 'XS'),
(79, 79, '별이9', 'CAT', 5, 'S'),
(80, 80, '마루0', 'OTHER', 6, 'M'),
(81, 81, '초코1', 'DOG', 7, 'L'),
(82, 82, '보리2', 'CAT', 8, 'XL'),
(83, 83, '율무3', 'OTHER', 9, NULL),
(84, 84, '하루4', 'DOG', 10, 'XS'),
(85, 85, '라떼5', 'CAT', 11, 'S'),
(86, 86, '몽이6', 'OTHER', 12, 'M'),
(87, 87, '콩이7', 'DOG', 13, 'L'),
(88, 88, '두부8', 'CAT', 14, 'XL'),
(89, 89, '별이9', 'OTHER', 15, NULL),
(90, 90, '마루0', 'DOG', 1, 'XS'),
(91, 91, '초코1', 'CAT', 2, 'S'),
(92, 92, '보리2', 'OTHER', 3, 'M'),
(93, 93, '율무3', 'DOG', 4, 'L'),
(94, 94, '하루4', 'CAT', 5, 'XL'),
(95, 95, '라떼5', 'OTHER', 6, NULL),
(96, 96, '몽이6', 'DOG', 7, 'XS'),
(97, 97, '콩이7', 'CAT', 8, 'S'),
(98, 98, '두부8', 'OTHER', 9, 'M'),
(99, 99, '별이9', 'DOG', 10, 'L'),
(100, 100, '마루0', 'CAT', 11, 'XL');

-- event
INSERT INTO event (event_id, event_name, description, start_at, end_at, location, status, round_no) VALUES
(1, '푸푸 펫 이벤트 001', '반려동물 행사 #001 (부스/세미나/체험/콘테스트)', '2026-03-03 10:00:00', '2026-03-05 18:00:00', '서울 2구 어딘가 1번지', 'ONGOING', 2),
(2, '푸푸 펫 이벤트 002', '반려동물 행사 #002 (부스/세미나/체험/콘테스트)', '2026-03-05 10:00:00', '2026-03-07 18:00:00', '서울 3구 어딘가 2번지', 'ENDED', 3),
(3, '푸푸 펫 이벤트 003', '반려동물 행사 #003 (부스/세미나/체험/콘테스트)', '2026-03-07 10:00:00', '2026-03-09 18:00:00', '서울 4구 어딘가 3번지', 'CANCELLED', 4),
(4, '푸푸 펫 이벤트 004', '반려동물 행사 #004 (부스/세미나/체험/콘테스트)', '2026-03-09 10:00:00', '2026-03-11 18:00:00', '서울 5구 어딘가 4번지', 'PLANNED', 5),
(5, '푸푸 펫 이벤트 005', '반려동물 행사 #005 (부스/세미나/체험/콘테스트)', '2026-03-11 10:00:00', '2026-03-13 18:00:00', '서울 6구 어딘가 5번지', 'ONGOING', 1),
(6, '푸푸 펫 이벤트 006', '반려동물 행사 #006 (부스/세미나/체험/콘테스트)', '2026-03-13 10:00:00', '2026-03-15 18:00:00', '서울 7구 어딘가 6번지', 'ENDED', 2),
(7, '푸푸 펫 이벤트 007', '반려동물 행사 #007 (부스/세미나/체험/콘테스트)', '2026-03-15 10:00:00', '2026-03-17 18:00:00', '서울 8구 어딘가 7번지', 'CANCELLED', 3),
(8, '푸푸 펫 이벤트 008', '반려동물 행사 #008 (부스/세미나/체험/콘테스트)', '2026-03-17 10:00:00', '2026-03-19 18:00:00', '서울 9구 어딘가 8번지', 'PLANNED', 4),
(9, '푸푸 펫 이벤트 009', '반려동물 행사 #009 (부스/세미나/체험/콘테스트)', '2026-03-19 10:00:00', '2026-03-21 18:00:00', '서울 10구 어딘가 9번지', 'ONGOING', 5),
(10, '푸푸 펫 이벤트 010', '반려동물 행사 #010 (부스/세미나/체험/콘테스트)', '2026-03-21 10:00:00', '2026-03-23 18:00:00', '서울 11구 어딘가 10번지', 'ENDED', 1),
(11, '푸푸 펫 이벤트 011', '반려동물 행사 #011 (부스/세미나/체험/콘테스트)', '2026-03-23 10:00:00', '2026-03-25 18:00:00', '서울 12구 어딘가 11번지', 'CANCELLED', 2),
(12, '푸푸 펫 이벤트 012', '반려동물 행사 #012 (부스/세미나/체험/콘테스트)', '2026-03-25 10:00:00', '2026-03-27 18:00:00', '서울 13구 어딘가 12번지', 'PLANNED', 3),
(13, '푸푸 펫 이벤트 013', '반려동물 행사 #013 (부스/세미나/체험/콘테스트)', '2026-03-27 10:00:00', '2026-03-29 18:00:00', '서울 14구 어딘가 13번지', 'ONGOING', 4),
(14, '푸푸 펫 이벤트 014', '반려동물 행사 #014 (부스/세미나/체험/콘테스트)', '2026-03-29 10:00:00', '2026-03-31 18:00:00', '서울 15구 어딘가 14번지', 'ENDED', 5),
(15, '푸푸 펫 이벤트 015', '반려동물 행사 #015 (부스/세미나/체험/콘테스트)', '2026-03-31 10:00:00', '2026-04-02 18:00:00', '서울 16구 어딘가 15번지', 'CANCELLED', 1),
(16, '푸푸 펫 이벤트 016', '반려동물 행사 #016 (부스/세미나/체험/콘테스트)', '2026-04-02 10:00:00', '2026-04-04 18:00:00', '서울 17구 어딘가 16번지', 'PLANNED', 2),
(17, '푸푸 펫 이벤트 017', '반려동물 행사 #017 (부스/세미나/체험/콘테스트)', '2026-04-04 10:00:00', '2026-04-06 18:00:00', '서울 18구 어딘가 17번지', 'ONGOING', 3),
(18, '푸푸 펫 이벤트 018', '반려동물 행사 #018 (부스/세미나/체험/콘테스트)', '2026-04-06 10:00:00', '2026-04-08 18:00:00', '서울 19구 어딘가 18번지', 'ENDED', 4),
(19, '푸푸 펫 이벤트 019', '반려동물 행사 #019 (부스/세미나/체험/콘테스트)', '2026-04-08 10:00:00', '2026-04-10 18:00:00', '서울 20구 어딘가 19번지', 'CANCELLED', 5),
(20, '푸푸 펫 이벤트 020', '반려동물 행사 #020 (부스/세미나/체험/콘테스트)', '2026-04-10 10:00:00', '2026-04-12 18:00:00', '서울 21구 어딘가 20번지', 'PLANNED', 1),
(21, '푸푸 펫 이벤트 021', '반려동물 행사 #021 (부스/세미나/체험/콘테스트)', '2026-04-12 10:00:00', '2026-04-14 18:00:00', '서울 22구 어딘가 21번지', 'ONGOING', 2),
(22, '푸푸 펫 이벤트 022', '반려동물 행사 #022 (부스/세미나/체험/콘테스트)', '2026-04-14 10:00:00', '2026-04-16 18:00:00', '서울 23구 어딘가 22번지', 'ENDED', 3),
(23, '푸푸 펫 이벤트 023', '반려동물 행사 #023 (부스/세미나/체험/콘테스트)', '2026-04-16 10:00:00', '2026-04-18 18:00:00', '서울 24구 어딘가 23번지', 'CANCELLED', 4),
(24, '푸푸 펫 이벤트 024', '반려동물 행사 #024 (부스/세미나/체험/콘테스트)', '2026-04-18 10:00:00', '2026-04-20 18:00:00', '서울 25구 어딘가 24번지', 'PLANNED', 5),
(25, '푸푸 펫 이벤트 025', '반려동물 행사 #025 (부스/세미나/체험/콘테스트)', '2026-04-20 10:00:00', '2026-04-22 18:00:00', '서울 1구 어딘가 25번지', 'ONGOING', 1),
(26, '푸푸 펫 이벤트 026', '반려동물 행사 #026 (부스/세미나/체험/콘테스트)', '2026-04-22 10:00:00', '2026-04-24 18:00:00', '서울 2구 어딘가 26번지', 'ENDED', 2),
(27, '푸푸 펫 이벤트 027', '반려동물 행사 #027 (부스/세미나/체험/콘테스트)', '2026-04-24 10:00:00', '2026-04-26 18:00:00', '서울 3구 어딘가 27번지', 'CANCELLED', 3),
(28, '푸푸 펫 이벤트 028', '반려동물 행사 #028 (부스/세미나/체험/콘테스트)', '2026-04-26 10:00:00', '2026-04-28 18:00:00', '서울 4구 어딘가 28번지', 'PLANNED', 4),
(29, '푸푸 펫 이벤트 029', '반려동물 행사 #029 (부스/세미나/체험/콘테스트)', '2026-04-28 10:00:00', '2026-04-30 18:00:00', '서울 5구 어딘가 29번지', 'ONGOING', 5),
(30, '푸푸 펫 이벤트 030', '반려동물 행사 #030 (부스/세미나/체험/콘테스트)', '2026-04-30 10:00:00', '2026-05-02 18:00:00', '서울 6구 어딘가 30번지', 'ENDED', 1),
(31, '푸푸 펫 이벤트 031', '반려동물 행사 #031 (부스/세미나/체험/콘테스트)', '2026-05-02 10:00:00', '2026-05-04 18:00:00', '서울 7구 어딘가 31번지', 'CANCELLED', 2),
(32, '푸푸 펫 이벤트 032', '반려동물 행사 #032 (부스/세미나/체험/콘테스트)', '2026-05-04 10:00:00', '2026-05-06 18:00:00', '서울 8구 어딘가 32번지', 'PLANNED', 3),
(33, '푸푸 펫 이벤트 033', '반려동물 행사 #033 (부스/세미나/체험/콘테스트)', '2026-05-06 10:00:00', '2026-05-08 18:00:00', '서울 9구 어딘가 33번지', 'ONGOING', 4),
(34, '푸푸 펫 이벤트 034', '반려동물 행사 #034 (부스/세미나/체험/콘테스트)', '2026-05-08 10:00:00', '2026-05-10 18:00:00', '서울 10구 어딘가 34번지', 'ENDED', 5),
(35, '푸푸 펫 이벤트 035', '반려동물 행사 #035 (부스/세미나/체험/콘테스트)', '2026-05-10 10:00:00', '2026-05-12 18:00:00', '서울 11구 어딘가 35번지', 'CANCELLED', 1),
(36, '푸푸 펫 이벤트 036', '반려동물 행사 #036 (부스/세미나/체험/콘테스트)', '2026-05-12 10:00:00', '2026-05-14 18:00:00', '서울 12구 어딘가 36번지', 'PLANNED', 2),
(37, '푸푸 펫 이벤트 037', '반려동물 행사 #037 (부스/세미나/체험/콘테스트)', '2026-05-14 10:00:00', '2026-05-16 18:00:00', '서울 13구 어딘가 37번지', 'ONGOING', 3),
(38, '푸푸 펫 이벤트 038', '반려동물 행사 #038 (부스/세미나/체험/콘테스트)', '2026-05-16 10:00:00', '2026-05-18 18:00:00', '서울 14구 어딘가 38번지', 'ENDED', 4),
(39, '푸푸 펫 이벤트 039', '반려동물 행사 #039 (부스/세미나/체험/콘테스트)', '2026-05-18 10:00:00', '2026-05-20 18:00:00', '서울 15구 어딘가 39번지', 'CANCELLED', 5),
(40, '푸푸 펫 이벤트 040', '반려동물 행사 #040 (부스/세미나/체험/콘테스트)', '2026-05-20 10:00:00', '2026-05-22 18:00:00', '서울 16구 어딘가 40번지', 'PLANNED', 1),
(41, '푸푸 펫 이벤트 041', '반려동물 행사 #041 (부스/세미나/체험/콘테스트)', '2026-05-22 10:00:00', '2026-05-24 18:00:00', '서울 17구 어딘가 41번지', 'ONGOING', 2),
(42, '푸푸 펫 이벤트 042', '반려동물 행사 #042 (부스/세미나/체험/콘테스트)', '2026-05-24 10:00:00', '2026-05-26 18:00:00', '서울 18구 어딘가 42번지', 'ENDED', 3),
(43, '푸푸 펫 이벤트 043', '반려동물 행사 #043 (부스/세미나/체험/콘테스트)', '2026-05-26 10:00:00', '2026-05-28 18:00:00', '서울 19구 어딘가 43번지', 'CANCELLED', 4),
(44, '푸푸 펫 이벤트 044', '반려동물 행사 #044 (부스/세미나/체험/콘테스트)', '2026-05-28 10:00:00', '2026-05-30 18:00:00', '서울 20구 어딘가 44번지', 'PLANNED', 5),
(45, '푸푸 펫 이벤트 045', '반려동물 행사 #045 (부스/세미나/체험/콘테스트)', '2026-05-30 10:00:00', '2026-06-01 18:00:00', '서울 21구 어딘가 45번지', 'ONGOING', 1),
(46, '푸푸 펫 이벤트 046', '반려동물 행사 #046 (부스/세미나/체험/콘테스트)', '2026-06-01 10:00:00', '2026-06-03 18:00:00', '서울 22구 어딘가 46번지', 'ENDED', 2),
(47, '푸푸 펫 이벤트 047', '반려동물 행사 #047 (부스/세미나/체험/콘테스트)', '2026-06-03 10:00:00', '2026-06-05 18:00:00', '서울 23구 어딘가 47번지', 'CANCELLED', 3),
(48, '푸푸 펫 이벤트 048', '반려동물 행사 #048 (부스/세미나/체험/콘테스트)', '2026-06-05 10:00:00', '2026-06-07 18:00:00', '서울 24구 어딘가 48번지', 'PLANNED', 4),
(49, '푸푸 펫 이벤트 049', '반려동물 행사 #049 (부스/세미나/체험/콘테스트)', '2026-06-07 10:00:00', '2026-06-09 18:00:00', '서울 25구 어딘가 49번지', 'ONGOING', 5),
(50, '푸푸 펫 이벤트 050', '반려동물 행사 #050 (부스/세미나/체험/콘테스트)', '2026-06-09 10:00:00', '2026-06-11 18:00:00', '서울 1구 어딘가 50번지', 'ENDED', 1),
(51, '푸푸 펫 이벤트 051', '반려동물 행사 #051 (부스/세미나/체험/콘테스트)', '2026-06-11 10:00:00', '2026-06-13 18:00:00', '서울 2구 어딘가 51번지', 'CANCELLED', 2),
(52, '푸푸 펫 이벤트 052', '반려동물 행사 #052 (부스/세미나/체험/콘테스트)', '2026-06-13 10:00:00', '2026-06-15 18:00:00', '서울 3구 어딘가 52번지', 'PLANNED', 3),
(53, '푸푸 펫 이벤트 053', '반려동물 행사 #053 (부스/세미나/체험/콘테스트)', '2026-06-15 10:00:00', '2026-06-17 18:00:00', '서울 4구 어딘가 53번지', 'ONGOING', 4),
(54, '푸푸 펫 이벤트 054', '반려동물 행사 #054 (부스/세미나/체험/콘테스트)', '2026-06-17 10:00:00', '2026-06-19 18:00:00', '서울 5구 어딘가 54번지', 'ENDED', 5),
(55, '푸푸 펫 이벤트 055', '반려동물 행사 #055 (부스/세미나/체험/콘테스트)', '2026-06-19 10:00:00', '2026-06-21 18:00:00', '서울 6구 어딘가 55번지', 'CANCELLED', 1),
(56, '푸푸 펫 이벤트 056', '반려동물 행사 #056 (부스/세미나/체험/콘테스트)', '2026-06-21 10:00:00', '2026-06-23 18:00:00', '서울 7구 어딘가 56번지', 'PLANNED', 2),
(57, '푸푸 펫 이벤트 057', '반려동물 행사 #057 (부스/세미나/체험/콘테스트)', '2026-06-23 10:00:00', '2026-06-25 18:00:00', '서울 8구 어딘가 57번지', 'ONGOING', 3),
(58, '푸푸 펫 이벤트 058', '반려동물 행사 #058 (부스/세미나/체험/콘테스트)', '2026-06-25 10:00:00', '2026-06-27 18:00:00', '서울 9구 어딘가 58번지', 'ENDED', 4),
(59, '푸푸 펫 이벤트 059', '반려동물 행사 #059 (부스/세미나/체험/콘테스트)', '2026-06-27 10:00:00', '2026-06-29 18:00:00', '서울 10구 어딘가 59번지', 'CANCELLED', 5),
(60, '푸푸 펫 이벤트 060', '반려동물 행사 #060 (부스/세미나/체험/콘테스트)', '2026-06-29 10:00:00', '2026-07-01 18:00:00', '서울 11구 어딘가 60번지', 'PLANNED', 1),
(61, '푸푸 펫 이벤트 061', '반려동물 행사 #061 (부스/세미나/체험/콘테스트)', '2026-07-01 10:00:00', '2026-07-03 18:00:00', '서울 12구 어딘가 61번지', 'ONGOING', 2),
(62, '푸푸 펫 이벤트 062', '반려동물 행사 #062 (부스/세미나/체험/콘테스트)', '2026-07-03 10:00:00', '2026-07-05 18:00:00', '서울 13구 어딘가 62번지', 'ENDED', 3),
(63, '푸푸 펫 이벤트 063', '반려동물 행사 #063 (부스/세미나/체험/콘테스트)', '2026-07-05 10:00:00', '2026-07-07 18:00:00', '서울 14구 어딘가 63번지', 'CANCELLED', 4),
(64, '푸푸 펫 이벤트 064', '반려동물 행사 #064 (부스/세미나/체험/콘테스트)', '2026-07-07 10:00:00', '2026-07-09 18:00:00', '서울 15구 어딘가 64번지', 'PLANNED', 5),
(65, '푸푸 펫 이벤트 065', '반려동물 행사 #065 (부스/세미나/체험/콘테스트)', '2026-07-09 10:00:00', '2026-07-11 18:00:00', '서울 16구 어딘가 65번지', 'ONGOING', 1),
(66, '푸푸 펫 이벤트 066', '반려동물 행사 #066 (부스/세미나/체험/콘테스트)', '2026-07-11 10:00:00', '2026-07-13 18:00:00', '서울 17구 어딘가 66번지', 'ENDED', 2),
(67, '푸푸 펫 이벤트 067', '반려동물 행사 #067 (부스/세미나/체험/콘테스트)', '2026-07-13 10:00:00', '2026-07-15 18:00:00', '서울 18구 어딘가 67번지', 'CANCELLED', 3),
(68, '푸푸 펫 이벤트 068', '반려동물 행사 #068 (부스/세미나/체험/콘테스트)', '2026-07-15 10:00:00', '2026-07-17 18:00:00', '서울 19구 어딘가 68번지', 'PLANNED', 4),
(69, '푸푸 펫 이벤트 069', '반려동물 행사 #069 (부스/세미나/체험/콘테스트)', '2026-07-17 10:00:00', '2026-07-19 18:00:00', '서울 20구 어딘가 69번지', 'ONGOING', 5),
(70, '푸푸 펫 이벤트 070', '반려동물 행사 #070 (부스/세미나/체험/콘테스트)', '2026-07-19 10:00:00', '2026-07-21 18:00:00', '서울 21구 어딘가 70번지', 'ENDED', 1),
(71, '푸푸 펫 이벤트 071', '반려동물 행사 #071 (부스/세미나/체험/콘테스트)', '2026-07-21 10:00:00', '2026-07-23 18:00:00', '서울 22구 어딘가 71번지', 'CANCELLED', 2),
(72, '푸푸 펫 이벤트 072', '반려동물 행사 #072 (부스/세미나/체험/콘테스트)', '2026-07-23 10:00:00', '2026-07-25 18:00:00', '서울 23구 어딘가 72번지', 'PLANNED', 3),
(73, '푸푸 펫 이벤트 073', '반려동물 행사 #073 (부스/세미나/체험/콘테스트)', '2026-07-25 10:00:00', '2026-07-27 18:00:00', '서울 24구 어딘가 73번지', 'ONGOING', 4),
(74, '푸푸 펫 이벤트 074', '반려동물 행사 #074 (부스/세미나/체험/콘테스트)', '2026-07-27 10:00:00', '2026-07-29 18:00:00', '서울 25구 어딘가 74번지', 'ENDED', 5),
(75, '푸푸 펫 이벤트 075', '반려동물 행사 #075 (부스/세미나/체험/콘테스트)', '2026-07-29 10:00:00', '2026-07-31 18:00:00', '서울 1구 어딘가 75번지', 'CANCELLED', 1),
(76, '푸푸 펫 이벤트 076', '반려동물 행사 #076 (부스/세미나/체험/콘테스트)', '2026-07-31 10:00:00', '2026-08-02 18:00:00', '서울 2구 어딘가 76번지', 'PLANNED', 2),
(77, '푸푸 펫 이벤트 077', '반려동물 행사 #077 (부스/세미나/체험/콘테스트)', '2026-08-02 10:00:00', '2026-08-04 18:00:00', '서울 3구 어딘가 77번지', 'ONGOING', 3),
(78, '푸푸 펫 이벤트 078', '반려동물 행사 #078 (부스/세미나/체험/콘테스트)', '2026-08-04 10:00:00', '2026-08-06 18:00:00', '서울 4구 어딘가 78번지', 'ENDED', 4),
(79, '푸푸 펫 이벤트 079', '반려동물 행사 #079 (부스/세미나/체험/콘테스트)', '2026-08-06 10:00:00', '2026-08-08 18:00:00', '서울 5구 어딘가 79번지', 'CANCELLED', 5),
(80, '푸푸 펫 이벤트 080', '반려동물 행사 #080 (부스/세미나/체험/콘테스트)', '2026-08-08 10:00:00', '2026-08-10 18:00:00', '서울 6구 어딘가 80번지', 'PLANNED', 1),
(81, '푸푸 펫 이벤트 081', '반려동물 행사 #081 (부스/세미나/체험/콘테스트)', '2026-08-10 10:00:00', '2026-08-12 18:00:00', '서울 7구 어딘가 81번지', 'ONGOING', 2),
(82, '푸푸 펫 이벤트 082', '반려동물 행사 #082 (부스/세미나/체험/콘테스트)', '2026-08-12 10:00:00', '2026-08-14 18:00:00', '서울 8구 어딘가 82번지', 'ENDED', 3),
(83, '푸푸 펫 이벤트 083', '반려동물 행사 #083 (부스/세미나/체험/콘테스트)', '2026-08-14 10:00:00', '2026-08-16 18:00:00', '서울 9구 어딘가 83번지', 'CANCELLED', 4),
(84, '푸푸 펫 이벤트 084', '반려동물 행사 #084 (부스/세미나/체험/콘테스트)', '2026-08-16 10:00:00', '2026-08-18 18:00:00', '서울 10구 어딘가 84번지', 'PLANNED', 5),
(85, '푸푸 펫 이벤트 085', '반려동물 행사 #085 (부스/세미나/체험/콘테스트)', '2026-08-18 10:00:00', '2026-08-20 18:00:00', '서울 11구 어딘가 85번지', 'ONGOING', 1),
(86, '푸푸 펫 이벤트 086', '반려동물 행사 #086 (부스/세미나/체험/콘테스트)', '2026-08-20 10:00:00', '2026-08-22 18:00:00', '서울 12구 어딘가 86번지', 'ENDED', 2),
(87, '푸푸 펫 이벤트 087', '반려동물 행사 #087 (부스/세미나/체험/콘테스트)', '2026-08-22 10:00:00', '2026-08-24 18:00:00', '서울 13구 어딘가 87번지', 'CANCELLED', 3),
(88, '푸푸 펫 이벤트 088', '반려동물 행사 #088 (부스/세미나/체험/콘테스트)', '2026-08-24 10:00:00', '2026-08-26 18:00:00', '서울 14구 어딘가 88번지', 'PLANNED', 4),
(89, '푸푸 펫 이벤트 089', '반려동물 행사 #089 (부스/세미나/체험/콘테스트)', '2026-08-26 10:00:00', '2026-08-28 18:00:00', '서울 15구 어딘가 89번지', 'ONGOING', 5),
(90, '푸푸 펫 이벤트 090', '반려동물 행사 #090 (부스/세미나/체험/콘테스트)', '2026-08-28 10:00:00', '2026-08-30 18:00:00', '서울 16구 어딘가 90번지', 'ENDED', 1),
(91, '푸푸 펫 이벤트 091', '반려동물 행사 #091 (부스/세미나/체험/콘테스트)', '2026-08-30 10:00:00', '2026-09-01 18:00:00', '서울 17구 어딘가 91번지', 'CANCELLED', 2),
(92, '푸푸 펫 이벤트 092', '반려동물 행사 #092 (부스/세미나/체험/콘테스트)', '2026-09-01 10:00:00', '2026-09-03 18:00:00', '서울 18구 어딘가 92번지', 'PLANNED', 3),
(93, '푸푸 펫 이벤트 093', '반려동물 행사 #093 (부스/세미나/체험/콘테스트)', '2026-09-03 10:00:00', '2026-09-05 18:00:00', '서울 19구 어딘가 93번지', 'ONGOING', 4),
(94, '푸푸 펫 이벤트 094', '반려동물 행사 #094 (부스/세미나/체험/콘테스트)', '2026-09-05 10:00:00', '2026-09-07 18:00:00', '서울 20구 어딘가 94번지', 'ENDED', 5),
(95, '푸푸 펫 이벤트 095', '반려동물 행사 #095 (부스/세미나/체험/콘테스트)', '2026-09-07 10:00:00', '2026-09-09 18:00:00', '서울 21구 어딘가 95번지', 'CANCELLED', 1),
(96, '푸푸 펫 이벤트 096', '반려동물 행사 #096 (부스/세미나/체험/콘테스트)', '2026-09-09 10:00:00', '2026-09-11 18:00:00', '서울 22구 어딘가 96번지', 'PLANNED', 2),
(97, '푸푸 펫 이벤트 097', '반려동물 행사 #097 (부스/세미나/체험/콘테스트)', '2026-09-11 10:00:00', '2026-09-13 18:00:00', '서울 23구 어딘가 97번지', 'ONGOING', 3),
(98, '푸푸 펫 이벤트 098', '반려동물 행사 #098 (부스/세미나/체험/콘테스트)', '2026-09-13 10:00:00', '2026-09-15 18:00:00', '서울 24구 어딘가 98번지', 'ENDED', 4),
(99, '푸푸 펫 이벤트 099', '반려동물 행사 #099 (부스/세미나/체험/콘테스트)', '2026-09-15 10:00:00', '2026-09-17 18:00:00', '서울 25구 어딘가 99번지', 'CANCELLED', 5),
(100, '푸푸 펫 이벤트 100', '반려동물 행사 #100 (부스/세미나/체험/콘테스트)', '2026-09-17 10:00:00', '2026-09-19 18:00:00', '서울 1구 어딘가 100번지', 'PLANNED', 1);

-- event_apply
INSERT INTO event_apply (apply_id, user_id, event_id, status) VALUES
(1, 1, 1, 'APPROVED'),
(2, 2, 2, 'APPROVED'),
(3, 3, 3, 'APPROVED'),
(4, 4, 4, 'APPROVED'),
(5, 5, 5, 'APPROVED'),
(6, 6, 6, 'APPROVED'),
(7, 7, 7, 'APPROVED'),
(8, 8, 8, 'APPROVED'),
(9, 9, 9, 'APPROVED'),
(10, 10, 10, 'APPROVED'),
(11, 11, 11, 'APPROVED'),
(12, 12, 12, 'APPROVED'),
(13, 13, 13, 'APPROVED'),
(14, 14, 14, 'APPROVED'),
(15, 15, 15, 'APPROVED'),
(16, 16, 16, 'APPROVED'),
(17, 17, 17, 'APPROVED'),
(18, 18, 18, 'APPROVED'),
(19, 19, 19, 'APPROVED'),
(20, 20, 20, 'APPROVED'),
(21, 21, 21, 'APPROVED'),
(22, 22, 22, 'APPROVED'),
(23, 23, 23, 'APPROVED'),
(24, 24, 24, 'APPROVED'),
(25, 25, 25, 'APPROVED'),
(26, 26, 26, 'APPROVED'),
(27, 27, 27, 'APPROVED'),
(28, 28, 28, 'APPROVED'),
(29, 29, 29, 'APPROVED'),
(30, 30, 30, 'APPROVED'),
(31, 31, 31, 'APPROVED'),
(32, 32, 32, 'APPROVED'),
(33, 33, 33, 'APPROVED'),
(34, 34, 34, 'APPROVED'),
(35, 35, 35, 'APPROVED'),
(36, 36, 36, 'APPROVED'),
(37, 37, 37, 'APPROVED'),
(38, 38, 38, 'APPROVED'),
(39, 39, 39, 'APPROVED'),
(40, 40, 40, 'APPROVED'),
(41, 41, 41, 'APPROVED'),
(42, 42, 42, 'APPROVED'),
(43, 43, 43, 'APPROVED'),
(44, 44, 44, 'APPROVED'),
(45, 45, 45, 'APPROVED'),
(46, 46, 46, 'APPROVED'),
(47, 47, 47, 'APPROVED'),
(48, 48, 48, 'APPROVED'),
(49, 49, 49, 'APPROVED'),
(50, 50, 50, 'APPROVED'),
(51, 51, 51, 'APPROVED'),
(52, 52, 52, 'APPROVED'),
(53, 53, 53, 'APPROVED'),
(54, 54, 54, 'APPROVED'),
(55, 55, 55, 'APPROVED'),
(56, 56, 56, 'APPROVED'),
(57, 57, 57, 'APPROVED'),
(58, 58, 58, 'APPROVED'),
(59, 59, 59, 'APPROVED'),
(60, 60, 60, 'APPROVED'),
(61, 61, 61, 'APPROVED'),
(62, 62, 62, 'APPROVED'),
(63, 63, 63, 'APPROVED'),
(64, 64, 64, 'APPROVED'),
(65, 65, 65, 'APPROVED'),
(66, 66, 66, 'APPROVED'),
(67, 67, 67, 'APPROVED'),
(68, 68, 68, 'APPROVED'),
(69, 69, 69, 'APPROVED'),
(70, 70, 70, 'APPROVED'),
(71, 71, 71, 'APPROVED'),
(72, 72, 72, 'APPROVED'),
(73, 73, 73, 'APPROVED'),
(74, 74, 74, 'APPROVED'),
(75, 75, 75, 'APPROVED'),
(76, 76, 76, 'APPROVED'),
(77, 77, 77, 'APPROVED'),
(78, 78, 78, 'APPROVED'),
(79, 79, 79, 'APPROVED'),
(80, 80, 80, 'APPROVED'),
(81, 81, 81, 'APPROVED'),
(82, 82, 82, 'APPROVED'),
(83, 83, 83, 'APPROVED'),
(84, 84, 84, 'APPROVED'),
(85, 85, 85, 'APPROVED'),
(86, 86, 86, 'APPROVED'),
(87, 87, 87, 'APPROVED'),
(88, 88, 88, 'APPROVED'),
(89, 89, 89, 'APPROVED'),
(90, 90, 90, 'APPROVED'),
(91, 91, 91, 'APPROVED'),
(92, 92, 92, 'APPROVED'),
(93, 93, 93, 'APPROVED'),
(94, 94, 94, 'APPROVED'),
(95, 95, 95, 'APPROVED'),
(96, 96, 96, 'APPROVED'),
(97, 97, 97, 'APPROVED'),
(98, 98, 98, 'APPROVED'),
(99, 99, 99, 'APPROVED'),
(100, 100, 100, 'APPROVED');

-- booths
INSERT INTO booths (booth_id, event_id, place_name, type, description, company, zone, status) VALUES
(1, 2, 'B-001', 'BOOTH_EXPERIENCE', '부스 설명 001', '브랜드02', 'ZONE_B', 'CLOSED'),
(2, 3, 'C-002', 'BOOTH_SALE', '부스 설명 002', '브랜드03', 'ZONE_C', 'PAUSED'),
(3, 4, 'R-003', 'BOOTH_FOOD', '부스 설명 003', '브랜드04', 'OTHER', 'OPEN'),
(4, 5, 'A-004', 'BOOTH_INFO', '부스 설명 004', '브랜드05', 'ZONE_A', 'CLOSED'),
(5, 6, 'B-005', 'BOOTH_SPONSOR', '부스 설명 005', '브랜드06', 'ZONE_B', 'PAUSED'),
(6, 7, 'C-006', 'SESSION_ROOM', '부스 설명 006', '브랜드07', 'ZONE_C', 'OPEN'),
(7, 8, 'R-007', 'CONTEST_ZONE', '부스 설명 007', '브랜드08', 'OTHER', 'CLOSED'),
(8, 9, 'A-008', 'STAGE', '부스 설명 008', '브랜드09', 'ZONE_A', 'PAUSED'),
(9, 10, 'B-009', 'ETC', '부스 설명 009', '브랜드10', 'ZONE_B', 'OPEN'),
(10, 11, 'C-010', 'BOOTH_COMPANY', '부스 설명 010', '브랜드11', 'ZONE_C', 'CLOSED'),
(11, 12, 'R-011', 'BOOTH_EXPERIENCE', '부스 설명 011', '브랜드12', 'OTHER', 'PAUSED'),
(12, 13, 'A-012', 'BOOTH_SALE', '부스 설명 012', '브랜드13', 'ZONE_A', 'OPEN'),
(13, 14, 'B-013', 'BOOTH_FOOD', '부스 설명 013', '브랜드14', 'ZONE_B', 'CLOSED'),
(14, 15, 'C-014', 'BOOTH_INFO', '부스 설명 014', '브랜드15', 'ZONE_C', 'PAUSED'),
(15, 16, 'R-015', 'BOOTH_SPONSOR', '부스 설명 015', '브랜드16', 'OTHER', 'OPEN'),
(16, 17, 'A-016', 'SESSION_ROOM', '부스 설명 016', '브랜드17', 'ZONE_A', 'CLOSED'),
(17, 18, 'B-017', 'CONTEST_ZONE', '부스 설명 017', '브랜드18', 'ZONE_B', 'PAUSED'),
(18, 19, 'C-018', 'STAGE', '부스 설명 018', '브랜드19', 'ZONE_C', 'OPEN'),
(19, 20, 'R-019', 'ETC', '부스 설명 019', '브랜드20', 'OTHER', 'CLOSED'),
(20, 21, 'A-020', 'BOOTH_COMPANY', '부스 설명 020', '브랜드21', 'ZONE_A', 'PAUSED'),
(21, 22, 'B-021', 'BOOTH_EXPERIENCE', '부스 설명 021', '브랜드22', 'ZONE_B', 'OPEN'),
(22, 23, 'C-022', 'BOOTH_SALE', '부스 설명 022', '브랜드23', 'ZONE_C', 'CLOSED'),
(23, 24, 'R-023', 'BOOTH_FOOD', '부스 설명 023', '브랜드24', 'OTHER', 'PAUSED'),
(24, 25, 'A-024', 'BOOTH_INFO', '부스 설명 024', '브랜드25', 'ZONE_A', 'OPEN'),
(25, 26, 'B-025', 'BOOTH_SPONSOR', '부스 설명 025', '브랜드26', 'ZONE_B', 'CLOSED'),
(26, 27, 'C-026', 'SESSION_ROOM', '부스 설명 026', '브랜드27', 'ZONE_C', 'PAUSED'),
(27, 28, 'R-027', 'CONTEST_ZONE', '부스 설명 027', '브랜드28', 'OTHER', 'OPEN'),
(28, 29, 'A-028', 'STAGE', '부스 설명 028', '브랜드29', 'ZONE_A', 'CLOSED'),
(29, 30, 'B-029', 'ETC', '부스 설명 029', '브랜드30', 'ZONE_B', 'PAUSED'),
(30, 31, 'C-030', 'BOOTH_COMPANY', '부스 설명 030', '브랜드31', 'ZONE_C', 'OPEN'),
(31, 32, 'R-031', 'BOOTH_EXPERIENCE', '부스 설명 031', '브랜드32', 'OTHER', 'CLOSED'),
(32, 33, 'A-032', 'BOOTH_SALE', '부스 설명 032', '브랜드33', 'ZONE_A', 'PAUSED'),
(33, 34, 'B-033', 'BOOTH_FOOD', '부스 설명 033', '브랜드34', 'ZONE_B', 'OPEN'),
(34, 35, 'C-034', 'BOOTH_INFO', '부스 설명 034', '브랜드35', 'ZONE_C', 'CLOSED'),
(35, 36, 'R-035', 'BOOTH_SPONSOR', '부스 설명 035', '브랜드36', 'OTHER', 'PAUSED'),
(36, 37, 'A-036', 'SESSION_ROOM', '부스 설명 036', '브랜드37', 'ZONE_A', 'OPEN'),
(37, 38, 'B-037', 'CONTEST_ZONE', '부스 설명 037', '브랜드38', 'ZONE_B', 'CLOSED'),
(38, 39, 'C-038', 'STAGE', '부스 설명 038', '브랜드39', 'ZONE_C', 'PAUSED'),
(39, 40, 'R-039', 'ETC', '부스 설명 039', '브랜드40', 'OTHER', 'OPEN'),
(40, 41, 'A-040', 'BOOTH_COMPANY', '부스 설명 040', '브랜드01', 'ZONE_A', 'CLOSED'),
(41, 42, 'B-041', 'BOOTH_EXPERIENCE', '부스 설명 041', '브랜드02', 'ZONE_B', 'PAUSED'),
(42, 43, 'C-042', 'BOOTH_SALE', '부스 설명 042', '브랜드03', 'ZONE_C', 'OPEN'),
(43, 44, 'R-043', 'BOOTH_FOOD', '부스 설명 043', '브랜드04', 'OTHER', 'CLOSED'),
(44, 45, 'A-044', 'BOOTH_INFO', '부스 설명 044', '브랜드05', 'ZONE_A', 'PAUSED'),
(45, 46, 'B-045', 'BOOTH_SPONSOR', '부스 설명 045', '브랜드06', 'ZONE_B', 'OPEN'),
(46, 47, 'C-046', 'SESSION_ROOM', '부스 설명 046', '브랜드07', 'ZONE_C', 'CLOSED'),
(47, 48, 'R-047', 'CONTEST_ZONE', '부스 설명 047', '브랜드08', 'OTHER', 'PAUSED'),
(48, 49, 'A-048', 'STAGE', '부스 설명 048', '브랜드09', 'ZONE_A', 'OPEN'),
(49, 50, 'B-049', 'ETC', '부스 설명 049', '브랜드10', 'ZONE_B', 'CLOSED'),
(50, 51, 'C-050', 'BOOTH_COMPANY', '부스 설명 050', '브랜드11', 'ZONE_C', 'PAUSED'),
(51, 52, 'R-051', 'BOOTH_EXPERIENCE', '부스 설명 051', '브랜드12', 'OTHER', 'OPEN'),
(52, 53, 'A-052', 'BOOTH_SALE', '부스 설명 052', '브랜드13', 'ZONE_A', 'CLOSED'),
(53, 54, 'B-053', 'BOOTH_FOOD', '부스 설명 053', '브랜드14', 'ZONE_B', 'PAUSED'),
(54, 55, 'C-054', 'BOOTH_INFO', '부스 설명 054', '브랜드15', 'ZONE_C', 'OPEN'),
(55, 56, 'R-055', 'BOOTH_SPONSOR', '부스 설명 055', '브랜드16', 'OTHER', 'CLOSED'),
(56, 57, 'A-056', 'SESSION_ROOM', '부스 설명 056', '브랜드17', 'ZONE_A', 'PAUSED'),
(57, 58, 'B-057', 'CONTEST_ZONE', '부스 설명 057', '브랜드18', 'ZONE_B', 'OPEN'),
(58, 59, 'C-058', 'STAGE', '부스 설명 058', '브랜드19', 'ZONE_C', 'CLOSED'),
(59, 60, 'R-059', 'ETC', '부스 설명 059', '브랜드20', 'OTHER', 'PAUSED'),
(60, 61, 'A-060', 'BOOTH_COMPANY', '부스 설명 060', '브랜드21', 'ZONE_A', 'OPEN'),
(61, 62, 'B-061', 'BOOTH_EXPERIENCE', '부스 설명 061', '브랜드22', 'ZONE_B', 'CLOSED'),
(62, 63, 'C-062', 'BOOTH_SALE', '부스 설명 062', '브랜드23', 'ZONE_C', 'PAUSED'),
(63, 64, 'R-063', 'BOOTH_FOOD', '부스 설명 063', '브랜드24', 'OTHER', 'OPEN'),
(64, 65, 'A-064', 'BOOTH_INFO', '부스 설명 064', '브랜드25', 'ZONE_A', 'CLOSED'),
(65, 66, 'B-065', 'BOOTH_SPONSOR', '부스 설명 065', '브랜드26', 'ZONE_B', 'PAUSED'),
(66, 67, 'C-066', 'SESSION_ROOM', '부스 설명 066', '브랜드27', 'ZONE_C', 'OPEN'),
(67, 68, 'R-067', 'CONTEST_ZONE', '부스 설명 067', '브랜드28', 'OTHER', 'CLOSED'),
(68, 69, 'A-068', 'STAGE', '부스 설명 068', '브랜드29', 'ZONE_A', 'PAUSED'),
(69, 70, 'B-069', 'ETC', '부스 설명 069', '브랜드30', 'ZONE_B', 'OPEN'),
(70, 71, 'C-070', 'BOOTH_COMPANY', '부스 설명 070', '브랜드31', 'ZONE_C', 'CLOSED'),
(71, 72, 'R-071', 'BOOTH_EXPERIENCE', '부스 설명 071', '브랜드32', 'OTHER', 'PAUSED'),
(72, 73, 'A-072', 'BOOTH_SALE', '부스 설명 072', '브랜드33', 'ZONE_A', 'OPEN'),
(73, 74, 'B-073', 'BOOTH_FOOD', '부스 설명 073', '브랜드34', 'ZONE_B', 'CLOSED'),
(74, 75, 'C-074', 'BOOTH_INFO', '부스 설명 074', '브랜드35', 'ZONE_C', 'PAUSED'),
(75, 76, 'R-075', 'BOOTH_SPONSOR', '부스 설명 075', '브랜드36', 'OTHER', 'OPEN'),
(76, 77, 'A-076', 'SESSION_ROOM', '부스 설명 076', '브랜드37', 'ZONE_A', 'CLOSED'),
(77, 78, 'B-077', 'CONTEST_ZONE', '부스 설명 077', '브랜드38', 'ZONE_B', 'PAUSED'),
(78, 79, 'C-078', 'STAGE', '부스 설명 078', '브랜드39', 'ZONE_C', 'OPEN'),
(79, 80, 'R-079', 'ETC', '부스 설명 079', '브랜드40', 'OTHER', 'CLOSED'),
(80, 81, 'A-080', 'BOOTH_COMPANY', '부스 설명 080', '브랜드01', 'ZONE_A', 'PAUSED'),
(81, 82, 'B-081', 'BOOTH_EXPERIENCE', '부스 설명 081', '브랜드02', 'ZONE_B', 'OPEN'),
(82, 83, 'C-082', 'BOOTH_SALE', '부스 설명 082', '브랜드03', 'ZONE_C', 'CLOSED'),
(83, 84, 'R-083', 'BOOTH_FOOD', '부스 설명 083', '브랜드04', 'OTHER', 'PAUSED'),
(84, 85, 'A-084', 'BOOTH_INFO', '부스 설명 084', '브랜드05', 'ZONE_A', 'OPEN'),
(85, 86, 'B-085', 'BOOTH_SPONSOR', '부스 설명 085', '브랜드06', 'ZONE_B', 'CLOSED'),
(86, 87, 'C-086', 'SESSION_ROOM', '부스 설명 086', '브랜드07', 'ZONE_C', 'PAUSED'),
(87, 88, 'R-087', 'CONTEST_ZONE', '부스 설명 087', '브랜드08', 'OTHER', 'OPEN'),
(88, 89, 'A-088', 'STAGE', '부스 설명 088', '브랜드09', 'ZONE_A', 'CLOSED'),
(89, 90, 'B-089', 'ETC', '부스 설명 089', '브랜드10', 'ZONE_B', 'PAUSED'),
(90, 91, 'C-090', 'BOOTH_COMPANY', '부스 설명 090', '브랜드11', 'ZONE_C', 'OPEN'),
(91, 92, 'R-091', 'BOOTH_EXPERIENCE', '부스 설명 091', '브랜드12', 'OTHER', 'CLOSED'),
(92, 93, 'A-092', 'BOOTH_SALE', '부스 설명 092', '브랜드13', 'ZONE_A', 'PAUSED'),
(93, 94, 'B-093', 'BOOTH_FOOD', '부스 설명 093', '브랜드14', 'ZONE_B', 'OPEN'),
(94, 95, 'C-094', 'BOOTH_INFO', '부스 설명 094', '브랜드15', 'ZONE_C', 'CLOSED'),
(95, 96, 'R-095', 'BOOTH_SPONSOR', '부스 설명 095', '브랜드16', 'OTHER', 'PAUSED'),
(96, 97, 'A-096', 'SESSION_ROOM', '부스 설명 096', '브랜드17', 'ZONE_A', 'OPEN'),
(97, 98, 'B-097', 'CONTEST_ZONE', '부스 설명 097', '브랜드18', 'ZONE_B', 'CLOSED'),
(98, 99, 'C-098', 'STAGE', '부스 설명 098', '브랜드19', 'ZONE_C', 'PAUSED'),
(99, 100, 'R-099', 'ETC', '부스 설명 099', '브랜드20', 'OTHER', 'OPEN'),
(100, 1, 'A-100', 'BOOTH_COMPANY', '부스 설명 100', '브랜드21', 'ZONE_A', 'CLOSED');

-- event_program
INSERT INTO event_program (program_id, event_id, category, program_title, description, start_at, end_at, booth_id) VALUES
(1, 1, 'SESSION', 'SESSION 프로그램 001', 'SESSION 설명 001 - 실제 운영 흐름 시뮬레이션', '2026-03-03 12:00:00', '2026-03-03 13:30:00', 2),
(2, 2, 'EXPERIENCE', 'EXPERIENCE 프로그램 002', 'EXPERIENCE 설명 002 - 실제 운영 흐름 시뮬레이션', '2026-03-05 13:00:00', '2026-03-05 14:30:00', 3),
(3, 3, 'CONTEST', 'CONTEST 프로그램 003', 'CONTEST 설명 003 - 실제 운영 흐름 시뮬레이션', '2026-03-07 14:00:00', '2026-03-07 15:30:00', 4),
(4, 4, 'SESSION', 'SESSION 프로그램 004', 'SESSION 설명 004 - 실제 운영 흐름 시뮬레이션', '2026-03-09 15:00:00', '2026-03-09 16:30:00', 5),
(5, 5, 'EXPERIENCE', 'EXPERIENCE 프로그램 005', 'EXPERIENCE 설명 005 - 실제 운영 흐름 시뮬레이션', '2026-03-11 11:00:00', '2026-03-11 12:30:00', 6),
(6, 6, 'CONTEST', 'CONTEST 프로그램 006', 'CONTEST 설명 006 - 실제 운영 흐름 시뮬레이션', '2026-03-13 12:00:00', '2026-03-13 13:30:00', 7),
(7, 7, 'SESSION', 'SESSION 프로그램 007', 'SESSION 설명 007 - 실제 운영 흐름 시뮬레이션', '2026-03-15 13:00:00', '2026-03-15 14:30:00', 8),
(8, 8, 'EXPERIENCE', 'EXPERIENCE 프로그램 008', 'EXPERIENCE 설명 008 - 실제 운영 흐름 시뮬레이션', '2026-03-17 14:00:00', '2026-03-17 15:30:00', 9),
(9, 9, 'CONTEST', 'CONTEST 프로그램 009', 'CONTEST 설명 009 - 실제 운영 흐름 시뮬레이션', '2026-03-19 15:00:00', '2026-03-19 16:30:00', 10),
(10, 10, 'SESSION', 'SESSION 프로그램 010', 'SESSION 설명 010 - 실제 운영 흐름 시뮬레이션', '2026-03-21 11:00:00', '2026-03-21 12:30:00', 11),
(11, 11, 'EXPERIENCE', 'EXPERIENCE 프로그램 011', 'EXPERIENCE 설명 011 - 실제 운영 흐름 시뮬레이션', '2026-03-23 12:00:00', '2026-03-23 13:30:00', 12),
(12, 12, 'CONTEST', 'CONTEST 프로그램 012', 'CONTEST 설명 012 - 실제 운영 흐름 시뮬레이션', '2026-03-25 13:00:00', '2026-03-25 14:30:00', 13),
(13, 13, 'SESSION', 'SESSION 프로그램 013', 'SESSION 설명 013 - 실제 운영 흐름 시뮬레이션', '2026-03-27 14:00:00', '2026-03-27 15:30:00', 14),
(14, 14, 'EXPERIENCE', 'EXPERIENCE 프로그램 014', 'EXPERIENCE 설명 014 - 실제 운영 흐름 시뮬레이션', '2026-03-29 15:00:00', '2026-03-29 16:30:00', 15),
(15, 15, 'CONTEST', 'CONTEST 프로그램 015', 'CONTEST 설명 015 - 실제 운영 흐름 시뮬레이션', '2026-03-31 11:00:00', '2026-03-31 12:30:00', 16),
(16, 16, 'SESSION', 'SESSION 프로그램 016', 'SESSION 설명 016 - 실제 운영 흐름 시뮬레이션', '2026-04-02 12:00:00', '2026-04-02 13:30:00', 17),
(17, 17, 'EXPERIENCE', 'EXPERIENCE 프로그램 017', 'EXPERIENCE 설명 017 - 실제 운영 흐름 시뮬레이션', '2026-04-04 13:00:00', '2026-04-04 14:30:00', 18),
(18, 18, 'CONTEST', 'CONTEST 프로그램 018', 'CONTEST 설명 018 - 실제 운영 흐름 시뮬레이션', '2026-04-06 14:00:00', '2026-04-06 15:30:00', 19),
(19, 19, 'SESSION', 'SESSION 프로그램 019', 'SESSION 설명 019 - 실제 운영 흐름 시뮬레이션', '2026-04-08 15:00:00', '2026-04-08 16:30:00', 20),
(20, 20, 'EXPERIENCE', 'EXPERIENCE 프로그램 020', 'EXPERIENCE 설명 020 - 실제 운영 흐름 시뮬레이션', '2026-04-10 11:00:00', '2026-04-10 12:30:00', 21),
(21, 21, 'CONTEST', 'CONTEST 프로그램 021', 'CONTEST 설명 021 - 실제 운영 흐름 시뮬레이션', '2026-04-12 12:00:00', '2026-04-12 13:30:00', 22),
(22, 22, 'SESSION', 'SESSION 프로그램 022', 'SESSION 설명 022 - 실제 운영 흐름 시뮬레이션', '2026-04-14 13:00:00', '2026-04-14 14:30:00', 23),
(23, 23, 'EXPERIENCE', 'EXPERIENCE 프로그램 023', 'EXPERIENCE 설명 023 - 실제 운영 흐름 시뮬레이션', '2026-04-16 14:00:00', '2026-04-16 15:30:00', 24),
(24, 24, 'CONTEST', 'CONTEST 프로그램 024', 'CONTEST 설명 024 - 실제 운영 흐름 시뮬레이션', '2026-04-18 15:00:00', '2026-04-18 16:30:00', 25),
(25, 25, 'SESSION', 'SESSION 프로그램 025', 'SESSION 설명 025 - 실제 운영 흐름 시뮬레이션', '2026-04-20 11:00:00', '2026-04-20 12:30:00', 26),
(26, 26, 'EXPERIENCE', 'EXPERIENCE 프로그램 026', 'EXPERIENCE 설명 026 - 실제 운영 흐름 시뮬레이션', '2026-04-22 12:00:00', '2026-04-22 13:30:00', 27),
(27, 27, 'CONTEST', 'CONTEST 프로그램 027', 'CONTEST 설명 027 - 실제 운영 흐름 시뮬레이션', '2026-04-24 13:00:00', '2026-04-24 14:30:00', 28),
(28, 28, 'SESSION', 'SESSION 프로그램 028', 'SESSION 설명 028 - 실제 운영 흐름 시뮬레이션', '2026-04-26 14:00:00', '2026-04-26 15:30:00', 29),
(29, 29, 'EXPERIENCE', 'EXPERIENCE 프로그램 029', 'EXPERIENCE 설명 029 - 실제 운영 흐름 시뮬레이션', '2026-04-28 15:00:00', '2026-04-28 16:30:00', 30),
(30, 30, 'CONTEST', 'CONTEST 프로그램 030', 'CONTEST 설명 030 - 실제 운영 흐름 시뮬레이션', '2026-04-30 11:00:00', '2026-04-30 12:30:00', 31),
(31, 31, 'SESSION', 'SESSION 프로그램 031', 'SESSION 설명 031 - 실제 운영 흐름 시뮬레이션', '2026-05-02 12:00:00', '2026-05-02 13:30:00', 32),
(32, 32, 'EXPERIENCE', 'EXPERIENCE 프로그램 032', 'EXPERIENCE 설명 032 - 실제 운영 흐름 시뮬레이션', '2026-05-04 13:00:00', '2026-05-04 14:30:00', 33),
(33, 33, 'CONTEST', 'CONTEST 프로그램 033', 'CONTEST 설명 033 - 실제 운영 흐름 시뮬레이션', '2026-05-06 14:00:00', '2026-05-06 15:30:00', 34),
(34, 34, 'SESSION', 'SESSION 프로그램 034', 'SESSION 설명 034 - 실제 운영 흐름 시뮬레이션', '2026-05-08 15:00:00', '2026-05-08 16:30:00', 35),
(35, 35, 'EXPERIENCE', 'EXPERIENCE 프로그램 035', 'EXPERIENCE 설명 035 - 실제 운영 흐름 시뮬레이션', '2026-05-10 11:00:00', '2026-05-10 12:30:00', 36),
(36, 36, 'CONTEST', 'CONTEST 프로그램 036', 'CONTEST 설명 036 - 실제 운영 흐름 시뮬레이션', '2026-05-12 12:00:00', '2026-05-12 13:30:00', 37),
(37, 37, 'SESSION', 'SESSION 프로그램 037', 'SESSION 설명 037 - 실제 운영 흐름 시뮬레이션', '2026-05-14 13:00:00', '2026-05-14 14:30:00', 38),
(38, 38, 'EXPERIENCE', 'EXPERIENCE 프로그램 038', 'EXPERIENCE 설명 038 - 실제 운영 흐름 시뮬레이션', '2026-05-16 14:00:00', '2026-05-16 15:30:00', 39),
(39, 39, 'CONTEST', 'CONTEST 프로그램 039', 'CONTEST 설명 039 - 실제 운영 흐름 시뮬레이션', '2026-05-18 15:00:00', '2026-05-18 16:30:00', 40),
(40, 40, 'SESSION', 'SESSION 프로그램 040', 'SESSION 설명 040 - 실제 운영 흐름 시뮬레이션', '2026-05-20 11:00:00', '2026-05-20 12:30:00', 41),
(41, 41, 'EXPERIENCE', 'EXPERIENCE 프로그램 041', 'EXPERIENCE 설명 041 - 실제 운영 흐름 시뮬레이션', '2026-05-22 12:00:00', '2026-05-22 13:30:00', 42),
(42, 42, 'CONTEST', 'CONTEST 프로그램 042', 'CONTEST 설명 042 - 실제 운영 흐름 시뮬레이션', '2026-05-24 13:00:00', '2026-05-24 14:30:00', 43),
(43, 43, 'SESSION', 'SESSION 프로그램 043', 'SESSION 설명 043 - 실제 운영 흐름 시뮬레이션', '2026-05-26 14:00:00', '2026-05-26 15:30:00', 44),
(44, 44, 'EXPERIENCE', 'EXPERIENCE 프로그램 044', 'EXPERIENCE 설명 044 - 실제 운영 흐름 시뮬레이션', '2026-05-28 15:00:00', '2026-05-28 16:30:00', 45),
(45, 45, 'CONTEST', 'CONTEST 프로그램 045', 'CONTEST 설명 045 - 실제 운영 흐름 시뮬레이션', '2026-05-30 11:00:00', '2026-05-30 12:30:00', 46),
(46, 46, 'SESSION', 'SESSION 프로그램 046', 'SESSION 설명 046 - 실제 운영 흐름 시뮬레이션', '2026-06-01 12:00:00', '2026-06-01 13:30:00', 47),
(47, 47, 'EXPERIENCE', 'EXPERIENCE 프로그램 047', 'EXPERIENCE 설명 047 - 실제 운영 흐름 시뮬레이션', '2026-06-03 13:00:00', '2026-06-03 14:30:00', 48),
(48, 48, 'CONTEST', 'CONTEST 프로그램 048', 'CONTEST 설명 048 - 실제 운영 흐름 시뮬레이션', '2026-06-05 14:00:00', '2026-06-05 15:30:00', 49),
(49, 49, 'SESSION', 'SESSION 프로그램 049', 'SESSION 설명 049 - 실제 운영 흐름 시뮬레이션', '2026-06-07 15:00:00', '2026-06-07 16:30:00', 50),
(50, 50, 'EXPERIENCE', 'EXPERIENCE 프로그램 050', 'EXPERIENCE 설명 050 - 실제 운영 흐름 시뮬레이션', '2026-06-09 11:00:00', '2026-06-09 12:30:00', 51),
(51, 51, 'CONTEST', 'CONTEST 프로그램 051', 'CONTEST 설명 051 - 실제 운영 흐름 시뮬레이션', '2026-06-11 12:00:00', '2026-06-11 13:30:00', 52),
(52, 52, 'SESSION', 'SESSION 프로그램 052', 'SESSION 설명 052 - 실제 운영 흐름 시뮬레이션', '2026-06-13 13:00:00', '2026-06-13 14:30:00', 53),
(53, 53, 'EXPERIENCE', 'EXPERIENCE 프로그램 053', 'EXPERIENCE 설명 053 - 실제 운영 흐름 시뮬레이션', '2026-06-15 14:00:00', '2026-06-15 15:30:00', 54),
(54, 54, 'CONTEST', 'CONTEST 프로그램 054', 'CONTEST 설명 054 - 실제 운영 흐름 시뮬레이션', '2026-06-17 15:00:00', '2026-06-17 16:30:00', 55),
(55, 55, 'SESSION', 'SESSION 프로그램 055', 'SESSION 설명 055 - 실제 운영 흐름 시뮬레이션', '2026-06-19 11:00:00', '2026-06-19 12:30:00', 56),
(56, 56, 'EXPERIENCE', 'EXPERIENCE 프로그램 056', 'EXPERIENCE 설명 056 - 실제 운영 흐름 시뮬레이션', '2026-06-21 12:00:00', '2026-06-21 13:30:00', 57),
(57, 57, 'CONTEST', 'CONTEST 프로그램 057', 'CONTEST 설명 057 - 실제 운영 흐름 시뮬레이션', '2026-06-23 13:00:00', '2026-06-23 14:30:00', 58),
(58, 58, 'SESSION', 'SESSION 프로그램 058', 'SESSION 설명 058 - 실제 운영 흐름 시뮬레이션', '2026-06-25 14:00:00', '2026-06-25 15:30:00', 59),
(59, 59, 'EXPERIENCE', 'EXPERIENCE 프로그램 059', 'EXPERIENCE 설명 059 - 실제 운영 흐름 시뮬레이션', '2026-06-27 15:00:00', '2026-06-27 16:30:00', 60),
(60, 60, 'CONTEST', 'CONTEST 프로그램 060', 'CONTEST 설명 060 - 실제 운영 흐름 시뮬레이션', '2026-06-29 11:00:00', '2026-06-29 12:30:00', 61),
(61, 61, 'SESSION', 'SESSION 프로그램 061', 'SESSION 설명 061 - 실제 운영 흐름 시뮬레이션', '2026-07-01 12:00:00', '2026-07-01 13:30:00', 62),
(62, 62, 'EXPERIENCE', 'EXPERIENCE 프로그램 062', 'EXPERIENCE 설명 062 - 실제 운영 흐름 시뮬레이션', '2026-07-03 13:00:00', '2026-07-03 14:30:00', 63),
(63, 63, 'CONTEST', 'CONTEST 프로그램 063', 'CONTEST 설명 063 - 실제 운영 흐름 시뮬레이션', '2026-07-05 14:00:00', '2026-07-05 15:30:00', 64),
(64, 64, 'SESSION', 'SESSION 프로그램 064', 'SESSION 설명 064 - 실제 운영 흐름 시뮬레이션', '2026-07-07 15:00:00', '2026-07-07 16:30:00', 65),
(65, 65, 'EXPERIENCE', 'EXPERIENCE 프로그램 065', 'EXPERIENCE 설명 065 - 실제 운영 흐름 시뮬레이션', '2026-07-09 11:00:00', '2026-07-09 12:30:00', 66),
(66, 66, 'CONTEST', 'CONTEST 프로그램 066', 'CONTEST 설명 066 - 실제 운영 흐름 시뮬레이션', '2026-07-11 12:00:00', '2026-07-11 13:30:00', 67),
(67, 67, 'SESSION', 'SESSION 프로그램 067', 'SESSION 설명 067 - 실제 운영 흐름 시뮬레이션', '2026-07-13 13:00:00', '2026-07-13 14:30:00', 68),
(68, 68, 'EXPERIENCE', 'EXPERIENCE 프로그램 068', 'EXPERIENCE 설명 068 - 실제 운영 흐름 시뮬레이션', '2026-07-15 14:00:00', '2026-07-15 15:30:00', 69),
(69, 69, 'CONTEST', 'CONTEST 프로그램 069', 'CONTEST 설명 069 - 실제 운영 흐름 시뮬레이션', '2026-07-17 15:00:00', '2026-07-17 16:30:00', 70),
(70, 70, 'SESSION', 'SESSION 프로그램 070', 'SESSION 설명 070 - 실제 운영 흐름 시뮬레이션', '2026-07-19 11:00:00', '2026-07-19 12:30:00', 71),
(71, 71, 'EXPERIENCE', 'EXPERIENCE 프로그램 071', 'EXPERIENCE 설명 071 - 실제 운영 흐름 시뮬레이션', '2026-07-21 12:00:00', '2026-07-21 13:30:00', 72),
(72, 72, 'CONTEST', 'CONTEST 프로그램 072', 'CONTEST 설명 072 - 실제 운영 흐름 시뮬레이션', '2026-07-23 13:00:00', '2026-07-23 14:30:00', 73),
(73, 73, 'SESSION', 'SESSION 프로그램 073', 'SESSION 설명 073 - 실제 운영 흐름 시뮬레이션', '2026-07-25 14:00:00', '2026-07-25 15:30:00', 74),
(74, 74, 'EXPERIENCE', 'EXPERIENCE 프로그램 074', 'EXPERIENCE 설명 074 - 실제 운영 흐름 시뮬레이션', '2026-07-27 15:00:00', '2026-07-27 16:30:00', 75),
(75, 75, 'CONTEST', 'CONTEST 프로그램 075', 'CONTEST 설명 075 - 실제 운영 흐름 시뮬레이션', '2026-07-29 11:00:00', '2026-07-29 12:30:00', 76),
(76, 76, 'SESSION', 'SESSION 프로그램 076', 'SESSION 설명 076 - 실제 운영 흐름 시뮬레이션', '2026-07-31 12:00:00', '2026-07-31 13:30:00', 77),
(77, 77, 'EXPERIENCE', 'EXPERIENCE 프로그램 077', 'EXPERIENCE 설명 077 - 실제 운영 흐름 시뮬레이션', '2026-08-02 13:00:00', '2026-08-02 14:30:00', 78),
(78, 78, 'CONTEST', 'CONTEST 프로그램 078', 'CONTEST 설명 078 - 실제 운영 흐름 시뮬레이션', '2026-08-04 14:00:00', '2026-08-04 15:30:00', 79),
(79, 79, 'SESSION', 'SESSION 프로그램 079', 'SESSION 설명 079 - 실제 운영 흐름 시뮬레이션', '2026-08-06 15:00:00', '2026-08-06 16:30:00', 80),
(80, 80, 'EXPERIENCE', 'EXPERIENCE 프로그램 080', 'EXPERIENCE 설명 080 - 실제 운영 흐름 시뮬레이션', '2026-08-08 11:00:00', '2026-08-08 12:30:00', 81),
(81, 81, 'CONTEST', 'CONTEST 프로그램 081', 'CONTEST 설명 081 - 실제 운영 흐름 시뮬레이션', '2026-08-10 12:00:00', '2026-08-10 13:30:00', 82),
(82, 82, 'SESSION', 'SESSION 프로그램 082', 'SESSION 설명 082 - 실제 운영 흐름 시뮬레이션', '2026-08-12 13:00:00', '2026-08-12 14:30:00', 83),
(83, 83, 'EXPERIENCE', 'EXPERIENCE 프로그램 083', 'EXPERIENCE 설명 083 - 실제 운영 흐름 시뮬레이션', '2026-08-14 14:00:00', '2026-08-14 15:30:00', 84),
(84, 84, 'CONTEST', 'CONTEST 프로그램 084', 'CONTEST 설명 084 - 실제 운영 흐름 시뮬레이션', '2026-08-16 15:00:00', '2026-08-16 16:30:00', 85),
(85, 85, 'SESSION', 'SESSION 프로그램 085', 'SESSION 설명 085 - 실제 운영 흐름 시뮬레이션', '2026-08-18 11:00:00', '2026-08-18 12:30:00', 86),
(86, 86, 'EXPERIENCE', 'EXPERIENCE 프로그램 086', 'EXPERIENCE 설명 086 - 실제 운영 흐름 시뮬레이션', '2026-08-20 12:00:00', '2026-08-20 13:30:00', 87),
(87, 87, 'CONTEST', 'CONTEST 프로그램 087', 'CONTEST 설명 087 - 실제 운영 흐름 시뮬레이션', '2026-08-22 13:00:00', '2026-08-22 14:30:00', 88),
(88, 88, 'SESSION', 'SESSION 프로그램 088', 'SESSION 설명 088 - 실제 운영 흐름 시뮬레이션', '2026-08-24 14:00:00', '2026-08-24 15:30:00', 89),
(89, 89, 'EXPERIENCE', 'EXPERIENCE 프로그램 089', 'EXPERIENCE 설명 089 - 실제 운영 흐름 시뮬레이션', '2026-08-26 15:00:00', '2026-08-26 16:30:00', 90),
(90, 90, 'CONTEST', 'CONTEST 프로그램 090', 'CONTEST 설명 090 - 실제 운영 흐름 시뮬레이션', '2026-08-28 11:00:00', '2026-08-28 12:30:00', 91),
(91, 91, 'SESSION', 'SESSION 프로그램 091', 'SESSION 설명 091 - 실제 운영 흐름 시뮬레이션', '2026-08-30 12:00:00', '2026-08-30 13:30:00', 92),
(92, 92, 'EXPERIENCE', 'EXPERIENCE 프로그램 092', 'EXPERIENCE 설명 092 - 실제 운영 흐름 시뮬레이션', '2026-09-01 13:00:00', '2026-09-01 14:30:00', 93),
(93, 93, 'CONTEST', 'CONTEST 프로그램 093', 'CONTEST 설명 093 - 실제 운영 흐름 시뮬레이션', '2026-09-03 14:00:00', '2026-09-03 15:30:00', 94),
(94, 94, 'SESSION', 'SESSION 프로그램 094', 'SESSION 설명 094 - 실제 운영 흐름 시뮬레이션', '2026-09-05 15:00:00', '2026-09-05 16:30:00', 95),
(95, 95, 'EXPERIENCE', 'EXPERIENCE 프로그램 095', 'EXPERIENCE 설명 095 - 실제 운영 흐름 시뮬레이션', '2026-09-07 11:00:00', '2026-09-07 12:30:00', 96),
(96, 96, 'CONTEST', 'CONTEST 프로그램 096', 'CONTEST 설명 096 - 실제 운영 흐름 시뮬레이션', '2026-09-09 12:00:00', '2026-09-09 13:30:00', 97),
(97, 97, 'SESSION', 'SESSION 프로그램 097', 'SESSION 설명 097 - 실제 운영 흐름 시뮬레이션', '2026-09-11 13:00:00', '2026-09-11 14:30:00', 98),
(98, 98, 'EXPERIENCE', 'EXPERIENCE 프로그램 098', 'EXPERIENCE 설명 098 - 실제 운영 흐름 시뮬레이션', '2026-09-13 14:00:00', '2026-09-13 15:30:00', 99),
(99, 99, 'CONTEST', 'CONTEST 프로그램 099', 'CONTEST 설명 099 - 실제 운영 흐름 시뮬레이션', '2026-09-15 15:00:00', '2026-09-15 16:30:00', 100),
(100, 100, 'SESSION', 'SESSION 프로그램 100', 'SESSION 설명 100 - 실제 운영 흐름 시뮬레이션', '2026-09-17 11:00:00', '2026-09-17 12:30:00', 1);

-- event_program_apply
INSERT INTO event_program_apply (program_apply_id, program_id, user_id, status, ticket_no, eta_min, notified_at, checked_in_at, created_at, cancelled_at) VALUES
(1, 1, 1, 'APPROVED', 'T-0001', 1, NULL, NULL, '2026-02-25 09:01:00', NULL),
(2, 2, 2, 'APPROVED', 'T-0002', 2, NULL, NULL, '2026-02-25 09:02:00', NULL),
(3, 3, 3, 'APPROVED', 'T-0003', 3, NULL, NULL, '2026-02-25 09:03:00', NULL),
(4, 4, 4, 'APPROVED', 'T-0004', 4, NULL, NULL, '2026-02-25 09:04:00', NULL),
(5, 5, 5, 'APPROVED', 'T-0005', 5, NULL, NULL, '2026-02-25 09:05:00', NULL),
(6, 6, 6, 'APPROVED', 'T-0006', 6, NULL, NULL, '2026-02-25 09:06:00', NULL),
(7, 7, 7, 'APPROVED', 'T-0007', 7, NULL, NULL, '2026-02-25 09:07:00', NULL),
(8, 8, 8, 'APPROVED', 'T-0008', 8, NULL, NULL, '2026-02-25 09:08:00', NULL),
(9, 9, 9, 'APPROVED', 'T-0009', 9, NULL, NULL, '2026-02-25 09:09:00', NULL),
(10, 10, 10, 'APPROVED', 'T-0010', 10, NULL, NULL, '2026-02-25 09:10:00', NULL),
(11, 11, 11, 'APPROVED', 'T-0011', 11, NULL, NULL, '2026-02-25 09:11:00', NULL),
(12, 12, 12, 'APPROVED', 'T-0012', 12, NULL, NULL, '2026-02-25 09:12:00', NULL),
(13, 13, 13, 'APPROVED', 'T-0013', 13, NULL, NULL, '2026-02-25 09:13:00', NULL),
(14, 14, 14, 'APPROVED', 'T-0014', 14, NULL, NULL, '2026-02-25 09:14:00', NULL),
(15, 15, 15, 'CHECKED_IN', 'T-0015', 15, NULL, '2026-03-01 12:15:00', '2026-02-25 09:15:00', NULL),
(16, 16, 16, 'APPROVED', 'T-0016', 16, NULL, NULL, '2026-02-25 09:16:00', NULL),
(17, 17, 17, 'APPROVED', 'T-0017', 17, NULL, NULL, '2026-02-25 09:17:00', NULL),
(18, 18, 18, 'APPROVED', 'T-0018', 18, NULL, NULL, '2026-02-25 09:18:00', NULL),
(19, 19, 19, 'APPROVED', 'T-0019', 19, NULL, NULL, '2026-02-25 09:19:00', NULL),
(20, 20, 20, 'CANCELLED', 'T-0020', 20, NULL, NULL, '2026-02-25 09:20:00', '2026-02-26 10:20:00'),
(21, 21, 21, 'APPROVED', 'T-0021', 21, NULL, NULL, '2026-02-25 09:21:00', NULL),
(22, 22, 22, 'APPROVED', 'T-0022', 22, NULL, NULL, '2026-02-25 09:22:00', NULL),
(23, 23, 23, 'APPROVED', 'T-0023', 23, NULL, NULL, '2026-02-25 09:23:00', NULL),
(24, 24, 24, 'APPROVED', 'T-0024', 24, NULL, NULL, '2026-02-25 09:24:00', NULL),
(25, 25, 25, 'APPROVED', 'T-0025', 25, NULL, NULL, '2026-02-25 09:25:00', NULL),
(26, 26, 26, 'APPROVED', 'T-0026', 26, NULL, NULL, '2026-02-25 09:26:00', NULL),
(27, 27, 27, 'APPROVED', 'T-0027', 27, NULL, NULL, '2026-02-25 09:27:00', NULL),
(28, 28, 28, 'APPROVED', 'T-0028', 28, NULL, NULL, '2026-02-25 09:28:00', NULL),
(29, 29, 29, 'APPROVED', 'T-0029', 29, NULL, NULL, '2026-02-25 09:29:00', NULL),
(30, 30, 30, 'CHECKED_IN', 'T-0030', 30, NULL, '2026-03-01 12:30:00', '2026-02-25 09:30:00', NULL),
(31, 31, 31, 'APPROVED', 'T-0031', 31, NULL, NULL, '2026-02-25 09:31:00', NULL),
(32, 32, 32, 'APPROVED', 'T-0032', 32, NULL, NULL, '2026-02-25 09:32:00', NULL),
(33, 33, 33, 'APPROVED', 'T-0033', 33, NULL, NULL, '2026-02-25 09:33:00', NULL),
(34, 34, 34, 'APPROVED', 'T-0034', 34, NULL, NULL, '2026-02-25 09:34:00', NULL),
(35, 35, 35, 'APPROVED', 'T-0035', 35, NULL, NULL, '2026-02-25 09:35:00', NULL),
(36, 36, 36, 'APPROVED', 'T-0036', 36, NULL, NULL, '2026-02-25 09:36:00', NULL),
(37, 37, 37, 'APPROVED', 'T-0037', 37, NULL, NULL, '2026-02-25 09:37:00', NULL),
(38, 38, 38, 'APPROVED', 'T-0038', 38, NULL, NULL, '2026-02-25 09:38:00', NULL),
(39, 39, 39, 'APPROVED', 'T-0039', 39, NULL, NULL, '2026-02-25 09:39:00', NULL),
(40, 40, 40, 'CANCELLED', 'T-0040', 40, NULL, NULL, '2026-02-25 09:40:00', '2026-02-26 10:40:00'),
(41, 41, 41, 'APPROVED', 'T-0041', 41, NULL, NULL, '2026-02-25 09:41:00', NULL),
(42, 42, 42, 'APPROVED', 'T-0042', 42, NULL, NULL, '2026-02-25 09:42:00', NULL),
(43, 43, 43, 'APPROVED', 'T-0043', 43, NULL, NULL, '2026-02-25 09:43:00', NULL),
(44, 44, 44, 'APPROVED', 'T-0044', 44, NULL, NULL, '2026-02-25 09:44:00', NULL),
(45, 45, 45, 'CHECKED_IN', 'T-0045', 0, NULL, '2026-03-01 12:45:00', '2026-02-25 09:45:00', NULL),
(46, 46, 46, 'APPROVED', 'T-0046', 1, NULL, NULL, '2026-02-25 09:46:00', NULL),
(47, 47, 47, 'APPROVED', 'T-0047', 2, NULL, NULL, '2026-02-25 09:47:00', NULL),
(48, 48, 48, 'APPROVED', 'T-0048', 3, NULL, NULL, '2026-02-25 09:48:00', NULL),
(49, 49, 49, 'APPROVED', 'T-0049', 4, NULL, NULL, '2026-02-25 09:49:00', NULL),
(50, 50, 50, 'APPROVED', 'T-0050', 5, NULL, NULL, '2026-02-25 09:50:00', NULL),
(51, 51, 51, 'APPROVED', 'T-0051', 6, NULL, NULL, '2026-02-25 09:51:00', NULL),
(52, 52, 52, 'APPROVED', 'T-0052', 7, NULL, NULL, '2026-02-25 09:52:00', NULL),
(53, 53, 53, 'APPROVED', 'T-0053', 8, NULL, NULL, '2026-02-25 09:53:00', NULL),
(54, 54, 54, 'APPROVED', 'T-0054', 9, NULL, NULL, '2026-02-25 09:54:00', NULL),
(55, 55, 55, 'APPROVED', 'T-0055', 10, NULL, NULL, '2026-02-25 09:55:00', NULL),
(56, 56, 56, 'APPROVED', 'T-0056', 11, NULL, NULL, '2026-02-25 09:56:00', NULL),
(57, 57, 57, 'APPROVED', 'T-0057', 12, NULL, NULL, '2026-02-25 09:57:00', NULL),
(58, 58, 58, 'APPROVED', 'T-0058', 13, NULL, NULL, '2026-02-25 09:58:00', NULL),
(59, 59, 59, 'APPROVED', 'T-0059', 14, NULL, NULL, '2026-02-25 09:59:00', NULL),
(60, 60, 60, 'CANCELLED', 'T-0060', 15, NULL, NULL, '2026-02-25 10:00:00', '2026-02-26 11:00:00'),
(61, 61, 61, 'APPROVED', 'T-0061', 16, NULL, NULL, '2026-02-25 10:01:00', NULL),
(62, 62, 62, 'APPROVED', 'T-0062', 17, NULL, NULL, '2026-02-25 10:02:00', NULL),
(63, 63, 63, 'APPROVED', 'T-0063', 18, NULL, NULL, '2026-02-25 10:03:00', NULL),
(64, 64, 64, 'APPROVED', 'T-0064', 19, NULL, NULL, '2026-02-25 10:04:00', NULL),
(65, 65, 65, 'APPROVED', 'T-0065', 20, NULL, NULL, '2026-02-25 10:05:00', NULL),
(66, 66, 66, 'APPROVED', 'T-0066', 21, NULL, NULL, '2026-02-25 10:06:00', NULL),
(67, 67, 67, 'APPROVED', 'T-0067', 22, NULL, NULL, '2026-02-25 10:07:00', NULL),
(68, 68, 68, 'APPROVED', 'T-0068', 23, NULL, NULL, '2026-02-25 10:08:00', NULL),
(69, 69, 69, 'APPROVED', 'T-0069', 24, NULL, NULL, '2026-02-25 10:09:00', NULL),
(70, 70, 70, 'APPROVED', 'T-0070', 25, NULL, NULL, '2026-02-25 10:10:00', NULL),
(71, 71, 71, 'APPROVED', 'T-0071', 26, NULL, NULL, '2026-02-25 10:11:00', NULL),
(72, 72, 72, 'APPROVED', 'T-0072', 27, NULL, NULL, '2026-02-25 10:12:00', NULL),
(73, 73, 73, 'APPROVED', 'T-0073', 28, NULL, NULL, '2026-02-25 10:13:00', NULL),
(74, 74, 74, 'APPROVED', 'T-0074', 29, NULL, NULL, '2026-02-25 10:14:00', NULL),
(75, 75, 75, 'CHECKED_IN', 'T-0075', 30, NULL, '2026-03-01 13:15:00', '2026-02-25 10:15:00', NULL),
(76, 76, 76, 'APPROVED', 'T-0076', 31, NULL, NULL, '2026-02-25 10:16:00', NULL),
(77, 77, 77, 'APPROVED', 'T-0077', 32, NULL, NULL, '2026-02-25 10:17:00', NULL),
(78, 78, 78, 'APPROVED', 'T-0078', 33, NULL, NULL, '2026-02-25 10:18:00', NULL),
(79, 79, 79, 'APPROVED', 'T-0079', 34, NULL, NULL, '2026-02-25 10:19:00', NULL),
(80, 80, 80, 'CANCELLED', 'T-0080', 35, NULL, NULL, '2026-02-25 10:20:00', '2026-02-26 11:20:00'),
(81, 81, 81, 'APPROVED', 'T-0081', 36, NULL, NULL, '2026-02-25 10:21:00', NULL),
(82, 82, 82, 'APPROVED', 'T-0082', 37, NULL, NULL, '2026-02-25 10:22:00', NULL),
(83, 83, 83, 'APPROVED', 'T-0083', 38, NULL, NULL, '2026-02-25 10:23:00', NULL),
(84, 84, 84, 'APPROVED', 'T-0084', 39, NULL, NULL, '2026-02-25 10:24:00', NULL),
(85, 85, 85, 'APPROVED', 'T-0085', 40, NULL, NULL, '2026-02-25 10:25:00', NULL),
(86, 86, 86, 'APPROVED', 'T-0086', 41, NULL, NULL, '2026-02-25 10:26:00', NULL),
(87, 87, 87, 'APPROVED', 'T-0087', 42, NULL, NULL, '2026-02-25 10:27:00', NULL),
(88, 88, 88, 'APPROVED', 'T-0088', 43, NULL, NULL, '2026-02-25 10:28:00', NULL),
(89, 89, 89, 'APPROVED', 'T-0089', 44, NULL, NULL, '2026-02-25 10:29:00', NULL),
(90, 90, 90, 'CHECKED_IN', 'T-0090', 0, NULL, '2026-03-01 13:30:00', '2026-02-25 10:30:00', NULL),
(91, 91, 91, 'APPROVED', 'T-0091', 1, NULL, NULL, '2026-02-25 10:31:00', NULL),
(92, 92, 92, 'APPROVED', 'T-0092', 2, NULL, NULL, '2026-02-25 10:32:00', NULL),
(93, 93, 93, 'APPROVED', 'T-0093', 3, NULL, NULL, '2026-02-25 10:33:00', NULL),
(94, 94, 94, 'APPROVED', 'T-0094', 4, NULL, NULL, '2026-02-25 10:34:00', NULL),
(95, 95, 95, 'APPROVED', 'T-0095', 5, NULL, NULL, '2026-02-25 10:35:00', NULL),
(96, 96, 96, 'APPROVED', 'T-0096', 6, NULL, NULL, '2026-02-25 10:36:00', NULL),
(97, 97, 97, 'APPROVED', 'T-0097', 7, NULL, NULL, '2026-02-25 10:37:00', NULL),
(98, 98, 98, 'APPROVED', 'T-0098', 8, NULL, NULL, '2026-02-25 10:38:00', NULL),
(99, 99, 99, 'APPROVED', 'T-0099', 9, NULL, NULL, '2026-02-25 10:39:00', NULL),
(100, 100, 100, 'CANCELLED', 'T-0100', 10, NULL, NULL, '2026-02-25 10:40:00', '2026-02-26 11:40:00');

-- event_history
INSERT INTO event_history (history_id, user_id, event_id, program_id, joined_at) VALUES
(1, 1, 1, 1, '2026-03-03 10:01:00'),
(2, 2, 2, 2, '2026-03-04 10:02:00'),
(3, 3, 3, 3, '2026-03-05 10:03:00'),
(4, 4, 4, 4, '2026-03-06 10:04:00'),
(5, 5, 5, 5, '2026-03-07 10:05:00'),
(6, 6, 6, 6, '2026-03-08 10:06:00'),
(7, 7, 7, 7, '2026-03-09 10:07:00'),
(8, 8, 8, 8, '2026-03-10 10:08:00'),
(9, 9, 9, 9, '2026-03-11 10:09:00'),
(10, 10, 10, 10, '2026-03-12 10:10:00'),
(11, 11, 11, 11, '2026-03-13 10:11:00'),
(12, 12, 12, 12, '2026-03-14 10:12:00'),
(13, 13, 13, 13, '2026-03-15 10:13:00'),
(14, 14, 14, 14, '2026-03-16 10:14:00'),
(15, 15, 15, 15, '2026-03-17 10:15:00'),
(16, 16, 16, 16, '2026-03-18 10:16:00'),
(17, 17, 17, 17, '2026-03-19 10:17:00'),
(18, 18, 18, 18, '2026-03-20 10:18:00'),
(19, 19, 19, 19, '2026-03-21 10:19:00'),
(20, 20, 20, 20, '2026-03-22 10:20:00'),
(21, 21, 21, 21, '2026-03-23 10:21:00'),
(22, 22, 22, 22, '2026-03-24 10:22:00'),
(23, 23, 23, 23, '2026-03-25 10:23:00'),
(24, 24, 24, 24, '2026-03-26 10:24:00'),
(25, 25, 25, 25, '2026-03-27 10:25:00'),
(26, 26, 26, 26, '2026-03-28 10:26:00'),
(27, 27, 27, 27, '2026-03-29 10:27:00'),
(28, 28, 28, 28, '2026-03-30 10:28:00'),
(29, 29, 29, 29, '2026-03-31 10:29:00'),
(30, 30, 30, 30, '2026-04-01 10:30:00'),
(31, 31, 31, 31, '2026-04-02 10:31:00'),
(32, 32, 32, 32, '2026-04-03 10:32:00'),
(33, 33, 33, 33, '2026-04-04 10:33:00'),
(34, 34, 34, 34, '2026-04-05 10:34:00'),
(35, 35, 35, 35, '2026-04-06 10:35:00'),
(36, 36, 36, 36, '2026-04-07 10:36:00'),
(37, 37, 37, 37, '2026-04-08 10:37:00'),
(38, 38, 38, 38, '2026-04-09 10:38:00'),
(39, 39, 39, 39, '2026-04-10 10:39:00'),
(40, 40, 40, 40, '2026-04-11 10:40:00'),
(41, 41, 41, 41, '2026-04-12 10:41:00'),
(42, 42, 42, 42, '2026-04-13 10:42:00'),
(43, 43, 43, 43, '2026-04-14 10:43:00'),
(44, 44, 44, 44, '2026-04-15 10:44:00'),
(45, 45, 45, 45, '2026-04-16 10:45:00'),
(46, 46, 46, 46, '2026-04-17 10:46:00'),
(47, 47, 47, 47, '2026-04-18 10:47:00'),
(48, 48, 48, 48, '2026-04-19 10:48:00'),
(49, 49, 49, 49, '2026-04-20 10:49:00'),
(50, 50, 50, 50, '2026-04-21 10:50:00'),
(51, 51, 51, 51, '2026-04-22 10:51:00'),
(52, 52, 52, 52, '2026-04-23 10:52:00'),
(53, 53, 53, 53, '2026-04-24 10:53:00'),
(54, 54, 54, 54, '2026-04-25 10:54:00'),
(55, 55, 55, 55, '2026-04-26 10:55:00'),
(56, 56, 56, 56, '2026-04-27 10:56:00'),
(57, 57, 57, 57, '2026-04-28 10:57:00'),
(58, 58, 58, 58, '2026-04-29 10:58:00'),
(59, 59, 59, 59, '2026-04-30 10:59:00'),
(60, 60, 60, 60, '2026-05-01 11:00:00'),
(61, 61, 61, 61, '2026-05-02 11:01:00'),
(62, 62, 62, 62, '2026-05-03 11:02:00'),
(63, 63, 63, 63, '2026-05-04 11:03:00'),
(64, 64, 64, 64, '2026-05-05 11:04:00'),
(65, 65, 65, 65, '2026-05-06 11:05:00'),
(66, 66, 66, 66, '2026-05-07 11:06:00'),
(67, 67, 67, 67, '2026-05-08 11:07:00'),
(68, 68, 68, 68, '2026-05-09 11:08:00'),
(69, 69, 69, 69, '2026-05-10 11:09:00'),
(70, 70, 70, 70, '2026-05-11 11:10:00'),
(71, 71, 71, 71, '2026-05-12 11:11:00'),
(72, 72, 72, 72, '2026-05-13 11:12:00'),
(73, 73, 73, 73, '2026-05-14 11:13:00'),
(74, 74, 74, 74, '2026-05-15 11:14:00'),
(75, 75, 75, 75, '2026-05-16 11:15:00'),
(76, 76, 76, 76, '2026-05-17 11:16:00'),
(77, 77, 77, 77, '2026-05-18 11:17:00'),
(78, 78, 78, 78, '2026-05-19 11:18:00'),
(79, 79, 79, 79, '2026-05-20 11:19:00'),
(80, 80, 80, 80, '2026-05-21 11:20:00'),
(81, 81, 81, 81, '2026-05-22 11:21:00'),
(82, 82, 82, 82, '2026-05-23 11:22:00'),
(83, 83, 83, 83, '2026-05-24 11:23:00'),
(84, 84, 84, 84, '2026-05-25 11:24:00'),
(85, 85, 85, 85, '2026-05-26 11:25:00'),
(86, 86, 86, 86, '2026-05-27 11:26:00'),
(87, 87, 87, 87, '2026-05-28 11:27:00'),
(88, 88, 88, 88, '2026-05-29 11:28:00'),
(89, 89, 89, 89, '2026-05-30 11:29:00'),
(90, 90, 90, 90, '2026-05-31 11:30:00'),
(91, 91, 91, 91, '2026-06-01 11:31:00'),
(92, 92, 92, 92, '2026-06-02 11:32:00'),
(93, 93, 93, 93, '2026-06-03 11:33:00'),
(94, 94, 94, 94, '2026-06-04 11:34:00'),
(95, 95, 95, 95, '2026-06-05 11:35:00'),
(96, 96, 96, 96, '2026-06-06 11:36:00'),
(97, 97, 97, 97, '2026-06-07 11:37:00'),
(98, 98, 98, 98, '2026-06-08 11:38:00'),
(99, 99, 99, 99, '2026-06-09 11:39:00'),
(100, 100, 100, 100, '2026-06-10 11:40:00');

-- program_participation_stats
INSERT INTO program_participation_stats (user_id, program_id, participate_count, last_participated_at) VALUES
(1, 1, 2, '2026-03-06 12:00:00'),
(2, 2, 3, '2026-03-07 12:00:00'),
(3, 3, 4, '2026-03-08 12:00:00'),
(4, 4, 5, '2026-03-09 12:00:00'),
(5, 5, 1, '2026-03-10 12:00:00'),
(6, 6, 2, '2026-03-11 12:00:00'),
(7, 7, 3, '2026-03-12 12:00:00'),
(8, 8, 4, '2026-03-13 12:00:00'),
(9, 9, 5, '2026-03-14 12:00:00'),
(10, 10, 1, '2026-03-15 12:00:00'),
(11, 11, 2, '2026-03-16 12:00:00'),
(12, 12, 3, '2026-03-17 12:00:00'),
(13, 13, 4, '2026-03-18 12:00:00'),
(14, 14, 5, '2026-03-19 12:00:00'),
(15, 15, 1, '2026-03-20 12:00:00'),
(16, 16, 2, '2026-03-21 12:00:00'),
(17, 17, 3, '2026-03-22 12:00:00'),
(18, 18, 4, '2026-03-23 12:00:00'),
(19, 19, 5, '2026-03-24 12:00:00'),
(20, 20, 1, '2026-03-25 12:00:00'),
(21, 21, 2, '2026-03-26 12:00:00'),
(22, 22, 3, '2026-03-27 12:00:00'),
(23, 23, 4, '2026-03-28 12:00:00'),
(24, 24, 5, '2026-03-29 12:00:00'),
(25, 25, 1, '2026-03-30 12:00:00'),
(26, 26, 2, '2026-03-31 12:00:00'),
(27, 27, 3, '2026-04-01 12:00:00'),
(28, 28, 4, '2026-04-02 12:00:00'),
(29, 29, 5, '2026-04-03 12:00:00'),
(30, 30, 1, '2026-04-04 12:00:00'),
(31, 31, 2, '2026-04-05 12:00:00'),
(32, 32, 3, '2026-04-06 12:00:00'),
(33, 33, 4, '2026-04-07 12:00:00'),
(34, 34, 5, '2026-04-08 12:00:00'),
(35, 35, 1, '2026-04-09 12:00:00'),
(36, 36, 2, '2026-04-10 12:00:00'),
(37, 37, 3, '2026-04-11 12:00:00'),
(38, 38, 4, '2026-04-12 12:00:00'),
(39, 39, 5, '2026-04-13 12:00:00'),
(40, 40, 1, '2026-04-14 12:00:00'),
(41, 41, 2, '2026-04-15 12:00:00'),
(42, 42, 3, '2026-04-16 12:00:00'),
(43, 43, 4, '2026-04-17 12:00:00'),
(44, 44, 5, '2026-04-18 12:00:00'),
(45, 45, 1, '2026-04-19 12:00:00'),
(46, 46, 2, '2026-04-20 12:00:00'),
(47, 47, 3, '2026-04-21 12:00:00'),
(48, 48, 4, '2026-04-22 12:00:00'),
(49, 49, 5, '2026-04-23 12:00:00'),
(50, 50, 1, '2026-04-24 12:00:00'),
(51, 51, 2, '2026-04-25 12:00:00'),
(52, 52, 3, '2026-04-26 12:00:00'),
(53, 53, 4, '2026-04-27 12:00:00'),
(54, 54, 5, '2026-04-28 12:00:00'),
(55, 55, 1, '2026-04-29 12:00:00'),
(56, 56, 2, '2026-04-30 12:00:00'),
(57, 57, 3, '2026-05-01 12:00:00'),
(58, 58, 4, '2026-05-02 12:00:00'),
(59, 59, 5, '2026-05-03 12:00:00'),
(60, 60, 1, '2026-05-04 12:00:00'),
(61, 61, 2, '2026-05-05 12:00:00'),
(62, 62, 3, '2026-05-06 12:00:00'),
(63, 63, 4, '2026-05-07 12:00:00'),
(64, 64, 5, '2026-05-08 12:00:00'),
(65, 65, 1, '2026-05-09 12:00:00'),
(66, 66, 2, '2026-05-10 12:00:00'),
(67, 67, 3, '2026-05-11 12:00:00'),
(68, 68, 4, '2026-05-12 12:00:00'),
(69, 69, 5, '2026-05-13 12:00:00'),
(70, 70, 1, '2026-05-14 12:00:00'),
(71, 71, 2, '2026-05-15 12:00:00'),
(72, 72, 3, '2026-05-16 12:00:00'),
(73, 73, 4, '2026-05-17 12:00:00'),
(74, 74, 5, '2026-05-18 12:00:00'),
(75, 75, 1, '2026-05-19 12:00:00'),
(76, 76, 2, '2026-05-20 12:00:00'),
(77, 77, 3, '2026-05-21 12:00:00'),
(78, 78, 4, '2026-05-22 12:00:00'),
(79, 79, 5, '2026-05-23 12:00:00'),
(80, 80, 1, '2026-05-24 12:00:00'),
(81, 81, 2, '2026-05-25 12:00:00'),
(82, 82, 3, '2026-05-26 12:00:00'),
(83, 83, 4, '2026-05-27 12:00:00'),
(84, 84, 5, '2026-05-28 12:00:00'),
(85, 85, 1, '2026-05-29 12:00:00'),
(86, 86, 2, '2026-05-30 12:00:00'),
(87, 87, 3, '2026-05-31 12:00:00'),
(88, 88, 4, '2026-06-01 12:00:00'),
(89, 89, 5, '2026-06-02 12:00:00'),
(90, 90, 1, '2026-06-03 12:00:00'),
(91, 91, 2, '2026-06-04 12:00:00'),
(92, 92, 3, '2026-06-05 12:00:00'),
(93, 93, 4, '2026-06-06 12:00:00'),
(94, 94, 5, '2026-06-07 12:00:00'),
(95, 95, 1, '2026-06-08 12:00:00'),
(96, 96, 2, '2026-06-09 12:00:00'),
(97, 97, 3, '2026-06-10 12:00:00'),
(98, 98, 4, '2026-06-11 12:00:00'),
(99, 99, 5, '2026-06-12 12:00:00'),
(100, 100, 1, '2026-06-13 12:00:00');

-- contest_votes
INSERT INTO contest_votes (vote_id, program_id, program_apply_id, user_id, voted_at, status, cancelled_at) VALUES
(1, 1, 1, 2, '2026-03-03 14:01:00', 'ACTIVE', NULL),
(2, 2, 2, 3, '2026-03-03 14:02:00', 'ACTIVE', NULL),
(3, 3, 3, 4, '2026-03-03 14:03:00', 'ACTIVE', NULL),
(4, 4, 4, 5, '2026-03-03 14:04:00', 'ACTIVE', NULL),
(5, 5, 5, 6, '2026-03-03 14:05:00', 'ACTIVE', NULL),
(6, 6, 6, 7, '2026-03-03 14:06:00', 'ACTIVE', NULL),
(7, 7, 7, 8, '2026-03-03 14:07:00', 'ACTIVE', NULL),
(8, 8, 8, 9, '2026-03-03 14:08:00', 'ACTIVE', NULL),
(9, 9, 9, 10, '2026-03-03 14:09:00', 'ACTIVE', NULL),
(10, 10, 10, 11, '2026-03-03 14:10:00', 'ACTIVE', NULL),
(11, 11, 11, 12, '2026-03-03 14:11:00', 'ACTIVE', NULL),
(12, 12, 12, 13, '2026-03-03 14:12:00', 'ACTIVE', NULL),
(13, 13, 13, 14, '2026-03-03 14:13:00', 'ACTIVE', NULL),
(14, 14, 14, 15, '2026-03-03 14:14:00', 'ACTIVE', NULL),
(15, 15, 15, 16, '2026-03-03 14:15:00', 'ACTIVE', NULL),
(16, 16, 16, 17, '2026-03-03 14:16:00', 'ACTIVE', NULL),
(17, 17, 17, 18, '2026-03-03 14:17:00', 'ACTIVE', NULL),
(18, 18, 18, 19, '2026-03-03 14:18:00', 'ACTIVE', NULL),
(19, 19, 19, 20, '2026-03-03 14:19:00', 'ACTIVE', NULL),
(20, 20, 20, 21, '2026-03-03 14:20:00', 'ACTIVE', NULL),
(21, 21, 21, 22, '2026-03-03 14:21:00', 'ACTIVE', NULL),
(22, 22, 22, 23, '2026-03-03 14:22:00', 'ACTIVE', NULL),
(23, 23, 23, 24, '2026-03-03 14:23:00', 'ACTIVE', NULL),
(24, 24, 24, 25, '2026-03-03 14:24:00', 'ACTIVE', NULL),
(25, 25, 25, 26, '2026-03-03 14:25:00', 'CANCELLED', '2026-03-03 15:25:00'),
(26, 26, 26, 27, '2026-03-03 14:26:00', 'ACTIVE', NULL),
(27, 27, 27, 28, '2026-03-03 14:27:00', 'ACTIVE', NULL),
(28, 28, 28, 29, '2026-03-03 14:28:00', 'ACTIVE', NULL),
(29, 29, 29, 30, '2026-03-03 14:29:00', 'ACTIVE', NULL),
(30, 30, 30, 31, '2026-03-03 14:30:00', 'ACTIVE', NULL),
(31, 31, 31, 32, '2026-03-03 14:31:00', 'ACTIVE', NULL),
(32, 32, 32, 33, '2026-03-03 14:32:00', 'ACTIVE', NULL),
(33, 33, 33, 34, '2026-03-03 14:33:00', 'ACTIVE', NULL),
(34, 34, 34, 35, '2026-03-03 14:34:00', 'ACTIVE', NULL),
(35, 35, 35, 36, '2026-03-03 14:35:00', 'ACTIVE', NULL),
(36, 36, 36, 37, '2026-03-03 14:36:00', 'ACTIVE', NULL),
(37, 37, 37, 38, '2026-03-03 14:37:00', 'ACTIVE', NULL),
(38, 38, 38, 39, '2026-03-03 14:38:00', 'ACTIVE', NULL),
(39, 39, 39, 40, '2026-03-03 14:39:00', 'ACTIVE', NULL),
(40, 40, 40, 41, '2026-03-03 14:40:00', 'ACTIVE', NULL),
(41, 41, 41, 42, '2026-03-03 14:41:00', 'ACTIVE', NULL),
(42, 42, 42, 43, '2026-03-03 14:42:00', 'ACTIVE', NULL),
(43, 43, 43, 44, '2026-03-03 14:43:00', 'ACTIVE', NULL),
(44, 44, 44, 45, '2026-03-03 14:44:00', 'ACTIVE', NULL),
(45, 45, 45, 46, '2026-03-03 14:45:00', 'ACTIVE', NULL),
(46, 46, 46, 47, '2026-03-03 14:46:00', 'ACTIVE', NULL),
(47, 47, 47, 48, '2026-03-03 14:47:00', 'ACTIVE', NULL),
(48, 48, 48, 49, '2026-03-03 14:48:00', 'ACTIVE', NULL),
(49, 49, 49, 50, '2026-03-03 14:49:00', 'ACTIVE', NULL),
(50, 50, 50, 51, '2026-03-03 14:50:00', 'CANCELLED', '2026-03-03 15:50:00'),
(51, 51, 51, 52, '2026-03-03 14:51:00', 'ACTIVE', NULL),
(52, 52, 52, 53, '2026-03-03 14:52:00', 'ACTIVE', NULL),
(53, 53, 53, 54, '2026-03-03 14:53:00', 'ACTIVE', NULL),
(54, 54, 54, 55, '2026-03-03 14:54:00', 'ACTIVE', NULL),
(55, 55, 55, 56, '2026-03-03 14:55:00', 'ACTIVE', NULL),
(56, 56, 56, 57, '2026-03-03 14:56:00', 'ACTIVE', NULL),
(57, 57, 57, 58, '2026-03-03 14:57:00', 'ACTIVE', NULL),
(58, 58, 58, 59, '2026-03-03 14:58:00', 'ACTIVE', NULL),
(59, 59, 59, 60, '2026-03-03 14:59:00', 'ACTIVE', NULL),
(60, 60, 60, 61, '2026-03-03 15:00:00', 'ACTIVE', NULL),
(61, 61, 61, 62, '2026-03-03 15:01:00', 'ACTIVE', NULL),
(62, 62, 62, 63, '2026-03-03 15:02:00', 'ACTIVE', NULL),
(63, 63, 63, 64, '2026-03-03 15:03:00', 'ACTIVE', NULL),
(64, 64, 64, 65, '2026-03-03 15:04:00', 'ACTIVE', NULL),
(65, 65, 65, 66, '2026-03-03 15:05:00', 'ACTIVE', NULL),
(66, 66, 66, 67, '2026-03-03 15:06:00', 'ACTIVE', NULL),
(67, 67, 67, 68, '2026-03-03 15:07:00', 'ACTIVE', NULL),
(68, 68, 68, 69, '2026-03-03 15:08:00', 'ACTIVE', NULL),
(69, 69, 69, 70, '2026-03-03 15:09:00', 'ACTIVE', NULL),
(70, 70, 70, 71, '2026-03-03 15:10:00', 'ACTIVE', NULL),
(71, 71, 71, 72, '2026-03-03 15:11:00', 'ACTIVE', NULL),
(72, 72, 72, 73, '2026-03-03 15:12:00', 'ACTIVE', NULL),
(73, 73, 73, 74, '2026-03-03 15:13:00', 'ACTIVE', NULL),
(74, 74, 74, 75, '2026-03-03 15:14:00', 'ACTIVE', NULL),
(75, 75, 75, 76, '2026-03-03 15:15:00', 'CANCELLED', '2026-03-03 16:15:00'),
(76, 76, 76, 77, '2026-03-03 15:16:00', 'ACTIVE', NULL),
(77, 77, 77, 78, '2026-03-03 15:17:00', 'ACTIVE', NULL),
(78, 78, 78, 79, '2026-03-03 15:18:00', 'ACTIVE', NULL),
(79, 79, 79, 80, '2026-03-03 15:19:00', 'ACTIVE', NULL),
(80, 80, 80, 81, '2026-03-03 15:20:00', 'ACTIVE', NULL),
(81, 81, 81, 82, '2026-03-03 15:21:00', 'ACTIVE', NULL),
(82, 82, 82, 83, '2026-03-03 15:22:00', 'ACTIVE', NULL),
(83, 83, 83, 84, '2026-03-03 15:23:00', 'ACTIVE', NULL),
(84, 84, 84, 85, '2026-03-03 15:24:00', 'ACTIVE', NULL),
(85, 85, 85, 86, '2026-03-03 15:25:00', 'ACTIVE', NULL),
(86, 86, 86, 87, '2026-03-03 15:26:00', 'ACTIVE', NULL),
(87, 87, 87, 88, '2026-03-03 15:27:00', 'ACTIVE', NULL),
(88, 88, 88, 89, '2026-03-03 15:28:00', 'ACTIVE', NULL),
(89, 89, 89, 90, '2026-03-03 15:29:00', 'ACTIVE', NULL),
(90, 90, 90, 91, '2026-03-03 15:30:00', 'ACTIVE', NULL),
(91, 91, 91, 92, '2026-03-03 15:31:00', 'ACTIVE', NULL),
(92, 92, 92, 93, '2026-03-03 15:32:00', 'ACTIVE', NULL),
(93, 93, 93, 94, '2026-03-03 15:33:00', 'ACTIVE', NULL),
(94, 94, 94, 95, '2026-03-03 15:34:00', 'ACTIVE', NULL),
(95, 95, 95, 96, '2026-03-03 15:35:00', 'ACTIVE', NULL),
(96, 96, 96, 97, '2026-03-03 15:36:00', 'ACTIVE', NULL),
(97, 97, 97, 98, '2026-03-03 15:37:00', 'ACTIVE', NULL),
(98, 98, 98, 99, '2026-03-03 15:38:00', 'ACTIVE', NULL),
(99, 99, 99, 100, '2026-03-03 15:39:00', 'ACTIVE', NULL),
(100, 100, 100, 1, '2026-03-03 15:40:00', 'CANCELLED', '2026-03-03 16:40:00');

-- speakers
INSERT INTO speakers (speaker_id, speaker_name, speaker_bio, created_at, speaker_email, speaker_phone, deleted_at) VALUES
(1, '연사001', '연사001 소개: 반려동물 관련 세미나/강연 경력 다수', '2026-01-02 09:00:00', 'speaker001@example.com', '010-7701-90113', NULL),
(2, '연사002', '연사002 소개: 반려동물 관련 세미나/강연 경력 다수', '2026-01-03 09:00:00', 'speaker002@example.com', '010-7702-90226', NULL),
(3, '연사003', '연사003 소개: 반려동물 관련 세미나/강연 경력 다수', '2026-01-04 09:00:00', 'speaker003@example.com', '010-7703-90339', NULL),
(4, '연사004', '연사004 소개: 반려동물 관련 세미나/강연 경력 다수', '2026-01-05 09:00:00', 'speaker004@example.com', '010-7704-90442', NULL),
(5, '연사005', '연사005 소개: 반려동물 관련 세미나/강연 경력 다수', '2026-01-06 09:00:00', 'speaker005@example.com', '010-7705-90555', NULL),
(6, '연사006', '연사006 소개: 반려동물 관련 세미나/강연 경력 다수', '2026-01-07 09:00:00', 'speaker006@example.com', '010-7706-90668', NULL),
(7, '연사007', '연사007 소개: 반려동물 관련 세미나/강연 경력 다수', '2026-01-08 09:00:00', 'speaker007@example.com', '010-7707-90771', NULL),
(8, '연사008', '연사008 소개: 반려동물 관련 세미나/강연 경력 다수', '2026-01-09 09:00:00', 'speaker008@example.com', '010-7708-90884', NULL),
(9, '연사009', '연사009 소개: 반려동물 관련 세미나/강연 경력 다수', '2026-01-10 09:00:00', 'speaker009@example.com', '010-7709-90997', NULL),
(10, '연사010', '연사010 소개: 반려동물 관련 세미나/강연 경력 다수', '2026-01-11 09:00:00', 'speaker010@example.com', '010-7710-91000', NULL),
(11, '연사011', '연사011 소개: 반려동물 관련 세미나/강연 경력 다수', '2026-01-12 09:00:00', 'speaker011@example.com', '010-7711-91113', NULL),
(12, '연사012', '연사012 소개: 반려동물 관련 세미나/강연 경력 다수', '2026-01-13 09:00:00', 'speaker012@example.com', '010-7712-91226', NULL),
(13, '연사013', '연사013 소개: 반려동물 관련 세미나/강연 경력 다수', '2026-01-14 09:00:00', 'speaker013@example.com', '010-7713-91339', NULL),
(14, '연사014', '연사014 소개: 반려동물 관련 세미나/강연 경력 다수', '2026-01-15 09:00:00', 'speaker014@example.com', '010-7714-91442', NULL),
(15, '연사015', '연사015 소개: 반려동물 관련 세미나/강연 경력 다수', '2026-01-16 09:00:00', 'speaker015@example.com', '010-7715-91555', NULL),
(16, '연사016', '연사016 소개: 반려동물 관련 세미나/강연 경력 다수', '2026-01-17 09:00:00', 'speaker016@example.com', '010-7716-91668', NULL),
(17, '연사017', '연사017 소개: 반려동물 관련 세미나/강연 경력 다수', '2026-01-18 09:00:00', 'speaker017@example.com', '010-7717-91771', NULL),
(18, '연사018', '연사018 소개: 반려동물 관련 세미나/강연 경력 다수', '2026-01-19 09:00:00', 'speaker018@example.com', '010-7718-91884', NULL),
(19, '연사019', '연사019 소개: 반려동물 관련 세미나/강연 경력 다수', '2026-01-20 09:00:00', 'speaker019@example.com', '010-7719-91997', NULL),
(20, '연사020', '연사020 소개: 반려동물 관련 세미나/강연 경력 다수', '2026-01-21 09:00:00', 'speaker020@example.com', '010-7720-92000', NULL),
(21, '연사021', '연사021 소개: 반려동물 관련 세미나/강연 경력 다수', '2026-01-22 09:00:00', 'speaker021@example.com', '010-7721-92113', NULL),
(22, '연사022', '연사022 소개: 반려동물 관련 세미나/강연 경력 다수', '2026-01-23 09:00:00', 'speaker022@example.com', '010-7722-92226', NULL),
(23, '연사023', '연사023 소개: 반려동물 관련 세미나/강연 경력 다수', '2026-01-24 09:00:00', 'speaker023@example.com', '010-7723-92339', NULL),
(24, '연사024', '연사024 소개: 반려동물 관련 세미나/강연 경력 다수', '2026-01-25 09:00:00', 'speaker024@example.com', '010-7724-92442', NULL),
(25, '연사025', '연사025 소개: 반려동물 관련 세미나/강연 경력 다수', '2026-01-26 09:00:00', 'speaker025@example.com', '010-7725-92555', NULL),
(26, '연사026', '연사026 소개: 반려동물 관련 세미나/강연 경력 다수', '2026-01-27 09:00:00', 'speaker026@example.com', '010-7726-92668', NULL),
(27, '연사027', '연사027 소개: 반려동물 관련 세미나/강연 경력 다수', '2026-01-28 09:00:00', 'speaker027@example.com', '010-7727-92771', NULL),
(28, '연사028', '연사028 소개: 반려동물 관련 세미나/강연 경력 다수', '2026-01-29 09:00:00', 'speaker028@example.com', '010-7728-92884', NULL),
(29, '연사029', '연사029 소개: 반려동물 관련 세미나/강연 경력 다수', '2026-01-30 09:00:00', 'speaker029@example.com', '010-7729-92997', NULL),
(30, '연사030', '연사030 소개: 반려동물 관련 세미나/강연 경력 다수', '2026-01-31 09:00:00', 'speaker030@example.com', '010-7730-93000', NULL),
(31, '연사031', '연사031 소개: 반려동물 관련 세미나/강연 경력 다수', '2026-02-01 09:00:00', 'speaker031@example.com', '010-7731-93113', NULL),
(32, '연사032', '연사032 소개: 반려동물 관련 세미나/강연 경력 다수', '2026-02-02 09:00:00', 'speaker032@example.com', '010-7732-93226', NULL),
(33, '연사033', '연사033 소개: 반려동물 관련 세미나/강연 경력 다수', '2026-02-03 09:00:00', 'speaker033@example.com', '010-7733-93339', NULL),
(34, '연사034', '연사034 소개: 반려동물 관련 세미나/강연 경력 다수', '2026-02-04 09:00:00', 'speaker034@example.com', '010-7734-93442', NULL),
(35, '연사035', '연사035 소개: 반려동물 관련 세미나/강연 경력 다수', '2026-02-05 09:00:00', 'speaker035@example.com', '010-7735-93555', NULL),
(36, '연사036', '연사036 소개: 반려동물 관련 세미나/강연 경력 다수', '2026-02-06 09:00:00', 'speaker036@example.com', '010-7736-93668', NULL),
(37, '연사037', '연사037 소개: 반려동물 관련 세미나/강연 경력 다수', '2026-02-07 09:00:00', 'speaker037@example.com', '010-7737-93771', NULL),
(38, '연사038', '연사038 소개: 반려동물 관련 세미나/강연 경력 다수', '2026-02-08 09:00:00', 'speaker038@example.com', '010-7738-93884', NULL),
(39, '연사039', '연사039 소개: 반려동물 관련 세미나/강연 경력 다수', '2026-02-09 09:00:00', 'speaker039@example.com', '010-7739-93997', NULL),
(40, '연사040', '연사040 소개: 반려동물 관련 세미나/강연 경력 다수', '2026-02-10 09:00:00', 'speaker040@example.com', '010-7740-94000', NULL),
(41, '연사041', '연사041 소개: 반려동물 관련 세미나/강연 경력 다수', '2026-02-11 09:00:00', 'speaker041@example.com', '010-7741-94113', NULL),
(42, '연사042', '연사042 소개: 반려동물 관련 세미나/강연 경력 다수', '2026-02-12 09:00:00', 'speaker042@example.com', '010-7742-94226', NULL),
(43, '연사043', '연사043 소개: 반려동물 관련 세미나/강연 경력 다수', '2026-02-13 09:00:00', 'speaker043@example.com', '010-7743-94339', NULL),
(44, '연사044', '연사044 소개: 반려동물 관련 세미나/강연 경력 다수', '2026-02-14 09:00:00', 'speaker044@example.com', '010-7744-94442', NULL),
(45, '연사045', '연사045 소개: 반려동물 관련 세미나/강연 경력 다수', '2026-02-15 09:00:00', 'speaker045@example.com', '010-7745-94555', NULL),
(46, '연사046', '연사046 소개: 반려동물 관련 세미나/강연 경력 다수', '2026-02-16 09:00:00', 'speaker046@example.com', '010-7746-94668', NULL),
(47, '연사047', '연사047 소개: 반려동물 관련 세미나/강연 경력 다수', '2026-02-17 09:00:00', 'speaker047@example.com', '010-7747-94771', NULL),
(48, '연사048', '연사048 소개: 반려동물 관련 세미나/강연 경력 다수', '2026-02-18 09:00:00', 'speaker048@example.com', '010-7748-94884', NULL),
(49, '연사049', '연사049 소개: 반려동물 관련 세미나/강연 경력 다수', '2026-02-19 09:00:00', 'speaker049@example.com', '010-7749-94997', NULL),
(50, '연사050', '연사050 소개: 반려동물 관련 세미나/강연 경력 다수', '2026-02-20 09:00:00', 'speaker050@example.com', '010-7750-95000', NULL),
(51, '연사051', '연사051 소개: 반려동물 관련 세미나/강연 경력 다수', '2026-02-21 09:00:00', 'speaker051@example.com', '010-7751-95113', NULL),
(52, '연사052', '연사052 소개: 반려동물 관련 세미나/강연 경력 다수', '2026-02-22 09:00:00', 'speaker052@example.com', '010-7752-95226', NULL),
(53, '연사053', '연사053 소개: 반려동물 관련 세미나/강연 경력 다수', '2026-02-23 09:00:00', 'speaker053@example.com', '010-7753-95339', NULL),
(54, '연사054', '연사054 소개: 반려동물 관련 세미나/강연 경력 다수', '2026-02-24 09:00:00', 'speaker054@example.com', '010-7754-95442', NULL),
(55, '연사055', '연사055 소개: 반려동물 관련 세미나/강연 경력 다수', '2026-02-25 09:00:00', 'speaker055@example.com', '010-7755-95555', NULL),
(56, '연사056', '연사056 소개: 반려동물 관련 세미나/강연 경력 다수', '2026-02-26 09:00:00', 'speaker056@example.com', '010-7756-95668', NULL),
(57, '연사057', '연사057 소개: 반려동물 관련 세미나/강연 경력 다수', '2026-02-27 09:00:00', 'speaker057@example.com', '010-7757-95771', NULL),
(58, '연사058', '연사058 소개: 반려동물 관련 세미나/강연 경력 다수', '2026-02-28 09:00:00', 'speaker058@example.com', '010-7758-95884', NULL),
(59, '연사059', '연사059 소개: 반려동물 관련 세미나/강연 경력 다수', '2026-03-01 09:00:00', 'speaker059@example.com', '010-7759-95997', NULL),
(60, '연사060', '연사060 소개: 반려동물 관련 세미나/강연 경력 다수', '2026-03-02 09:00:00', 'speaker060@example.com', '010-7760-96000', NULL),
(61, '연사061', '연사061 소개: 반려동물 관련 세미나/강연 경력 다수', '2026-03-03 09:00:00', 'speaker061@example.com', '010-7761-96113', NULL),
(62, '연사062', '연사062 소개: 반려동물 관련 세미나/강연 경력 다수', '2026-03-04 09:00:00', 'speaker062@example.com', '010-7762-96226', NULL),
(63, '연사063', '연사063 소개: 반려동물 관련 세미나/강연 경력 다수', '2026-03-05 09:00:00', 'speaker063@example.com', '010-7763-96339', NULL),
(64, '연사064', '연사064 소개: 반려동물 관련 세미나/강연 경력 다수', '2026-03-06 09:00:00', 'speaker064@example.com', '010-7764-96442', NULL),
(65, '연사065', '연사065 소개: 반려동물 관련 세미나/강연 경력 다수', '2026-03-07 09:00:00', 'speaker065@example.com', '010-7765-96555', NULL),
(66, '연사066', '연사066 소개: 반려동물 관련 세미나/강연 경력 다수', '2026-03-08 09:00:00', 'speaker066@example.com', '010-7766-96668', NULL),
(67, '연사067', '연사067 소개: 반려동물 관련 세미나/강연 경력 다수', '2026-03-09 09:00:00', 'speaker067@example.com', '010-7767-96771', NULL),
(68, '연사068', '연사068 소개: 반려동물 관련 세미나/강연 경력 다수', '2026-03-10 09:00:00', 'speaker068@example.com', '010-7768-96884', NULL),
(69, '연사069', '연사069 소개: 반려동물 관련 세미나/강연 경력 다수', '2026-03-11 09:00:00', 'speaker069@example.com', '010-7769-96997', NULL),
(70, '연사070', '연사070 소개: 반려동물 관련 세미나/강연 경력 다수', '2026-03-12 09:00:00', 'speaker070@example.com', '010-7770-97000', NULL),
(71, '연사071', '연사071 소개: 반려동물 관련 세미나/강연 경력 다수', '2026-03-13 09:00:00', 'speaker071@example.com', '010-7771-97113', NULL),
(72, '연사072', '연사072 소개: 반려동물 관련 세미나/강연 경력 다수', '2026-03-14 09:00:00', 'speaker072@example.com', '010-7772-97226', NULL),
(73, '연사073', '연사073 소개: 반려동물 관련 세미나/강연 경력 다수', '2026-03-15 09:00:00', 'speaker073@example.com', '010-7773-97339', NULL),
(74, '연사074', '연사074 소개: 반려동물 관련 세미나/강연 경력 다수', '2026-03-16 09:00:00', 'speaker074@example.com', '010-7774-97442', NULL),
(75, '연사075', '연사075 소개: 반려동물 관련 세미나/강연 경력 다수', '2026-03-17 09:00:00', 'speaker075@example.com', '010-7775-97555', NULL),
(76, '연사076', '연사076 소개: 반려동물 관련 세미나/강연 경력 다수', '2026-03-18 09:00:00', 'speaker076@example.com', '010-7776-97668', NULL),
(77, '연사077', '연사077 소개: 반려동물 관련 세미나/강연 경력 다수', '2026-03-19 09:00:00', 'speaker077@example.com', '010-7777-97771', NULL),
(78, '연사078', '연사078 소개: 반려동물 관련 세미나/강연 경력 다수', '2026-03-20 09:00:00', 'speaker078@example.com', '010-7778-97884', NULL),
(79, '연사079', '연사079 소개: 반려동물 관련 세미나/강연 경력 다수', '2026-03-21 09:00:00', 'speaker079@example.com', '010-7779-97997', NULL),
(80, '연사080', '연사080 소개: 반려동물 관련 세미나/강연 경력 다수', '2026-03-22 09:00:00', 'speaker080@example.com', '010-7780-98000', NULL),
(81, '연사081', '연사081 소개: 반려동물 관련 세미나/강연 경력 다수', '2026-03-23 09:00:00', 'speaker081@example.com', '010-7781-98113', NULL),
(82, '연사082', '연사082 소개: 반려동물 관련 세미나/강연 경력 다수', '2026-03-24 09:00:00', 'speaker082@example.com', '010-7782-98226', NULL),
(83, '연사083', '연사083 소개: 반려동물 관련 세미나/강연 경력 다수', '2026-03-25 09:00:00', 'speaker083@example.com', '010-7783-98339', NULL),
(84, '연사084', '연사084 소개: 반려동물 관련 세미나/강연 경력 다수', '2026-03-26 09:00:00', 'speaker084@example.com', '010-7784-98442', NULL),
(85, '연사085', '연사085 소개: 반려동물 관련 세미나/강연 경력 다수', '2026-03-27 09:00:00', 'speaker085@example.com', '010-7785-98555', NULL),
(86, '연사086', '연사086 소개: 반려동물 관련 세미나/강연 경력 다수', '2026-03-28 09:00:00', 'speaker086@example.com', '010-7786-98668', NULL),
(87, '연사087', '연사087 소개: 반려동물 관련 세미나/강연 경력 다수', '2026-03-29 09:00:00', 'speaker087@example.com', '010-7787-98771', NULL),
(88, '연사088', '연사088 소개: 반려동물 관련 세미나/강연 경력 다수', '2026-03-30 09:00:00', 'speaker088@example.com', '010-7788-98884', NULL),
(89, '연사089', '연사089 소개: 반려동물 관련 세미나/강연 경력 다수', '2026-03-31 09:00:00', 'speaker089@example.com', '010-7789-98997', NULL),
(90, '연사090', '연사090 소개: 반려동물 관련 세미나/강연 경력 다수', '2026-04-01 09:00:00', 'speaker090@example.com', '010-7790-99000', NULL),
(91, '연사091', '연사091 소개: 반려동물 관련 세미나/강연 경력 다수', '2026-04-02 09:00:00', 'speaker091@example.com', '010-7791-99113', NULL),
(92, '연사092', '연사092 소개: 반려동물 관련 세미나/강연 경력 다수', '2026-04-03 09:00:00', 'speaker092@example.com', '010-7792-99226', NULL),
(93, '연사093', '연사093 소개: 반려동물 관련 세미나/강연 경력 다수', '2026-04-04 09:00:00', 'speaker093@example.com', '010-7793-99339', NULL),
(94, '연사094', '연사094 소개: 반려동물 관련 세미나/강연 경력 다수', '2026-04-05 09:00:00', 'speaker094@example.com', '010-7794-99442', NULL),
(95, '연사095', '연사095 소개: 반려동물 관련 세미나/강연 경력 다수', '2026-04-06 09:00:00', 'speaker095@example.com', '010-7795-99555', NULL),
(96, '연사096', '연사096 소개: 반려동물 관련 세미나/강연 경력 다수', '2026-04-07 09:00:00', 'speaker096@example.com', '010-7796-99668', NULL),
(97, '연사097', '연사097 소개: 반려동물 관련 세미나/강연 경력 다수', '2026-04-08 09:00:00', 'speaker097@example.com', '010-7797-99771', NULL),
(98, '연사098', '연사098 소개: 반려동물 관련 세미나/강연 경력 다수', '2026-04-09 09:00:00', 'speaker098@example.com', '010-7798-99884', NULL),
(99, '연사099', '연사099 소개: 반려동물 관련 세미나/강연 경력 다수', '2026-04-10 09:00:00', 'speaker099@example.com', '010-7799-99997', NULL),
(100, '연사100', '연사100 소개: 반려동물 관련 세미나/강연 경력 다수', '2026-04-11 09:00:00', 'speaker100@example.com', '010-7700-90000', NULL);

-- program_speakers
INSERT INTO program_speakers (program_id, speaker_id, created_at) VALUES
(1, 2, '2026-02-02 10:00:00'),
(2, 3, '2026-02-03 10:00:00'),
(3, 4, '2026-02-04 10:00:00'),
(4, 5, '2026-02-05 10:00:00'),
(5, 6, '2026-02-06 10:00:00'),
(6, 7, '2026-02-07 10:00:00'),
(7, 8, '2026-02-08 10:00:00'),
(8, 9, '2026-02-09 10:00:00'),
(9, 10, '2026-02-10 10:00:00'),
(10, 11, '2026-02-11 10:00:00'),
(11, 12, '2026-02-12 10:00:00'),
(12, 13, '2026-02-13 10:00:00'),
(13, 14, '2026-02-14 10:00:00'),
(14, 15, '2026-02-15 10:00:00'),
(15, 16, '2026-02-16 10:00:00'),
(16, 17, '2026-02-17 10:00:00'),
(17, 18, '2026-02-18 10:00:00'),
(18, 19, '2026-02-19 10:00:00'),
(19, 20, '2026-02-20 10:00:00'),
(20, 21, '2026-02-21 10:00:00'),
(21, 22, '2026-02-22 10:00:00'),
(22, 23, '2026-02-23 10:00:00'),
(23, 24, '2026-02-24 10:00:00'),
(24, 25, '2026-02-25 10:00:00'),
(25, 26, '2026-02-26 10:00:00'),
(26, 27, '2026-02-27 10:00:00'),
(27, 28, '2026-02-28 10:00:00'),
(28, 29, '2026-03-01 10:00:00'),
(29, 30, '2026-03-02 10:00:00'),
(30, 31, '2026-03-03 10:00:00'),
(31, 32, '2026-03-04 10:00:00'),
(32, 33, '2026-03-05 10:00:00'),
(33, 34, '2026-03-06 10:00:00'),
(34, 35, '2026-03-07 10:00:00'),
(35, 36, '2026-03-08 10:00:00'),
(36, 37, '2026-03-09 10:00:00'),
(37, 38, '2026-03-10 10:00:00'),
(38, 39, '2026-03-11 10:00:00'),
(39, 40, '2026-03-12 10:00:00'),
(40, 41, '2026-03-13 10:00:00'),
(41, 42, '2026-03-14 10:00:00'),
(42, 43, '2026-03-15 10:00:00'),
(43, 44, '2026-03-16 10:00:00'),
(44, 45, '2026-03-17 10:00:00'),
(45, 46, '2026-03-18 10:00:00'),
(46, 47, '2026-03-19 10:00:00'),
(47, 48, '2026-03-20 10:00:00'),
(48, 49, '2026-03-21 10:00:00'),
(49, 50, '2026-03-22 10:00:00'),
(50, 51, '2026-03-23 10:00:00'),
(51, 52, '2026-03-24 10:00:00'),
(52, 53, '2026-03-25 10:00:00'),
(53, 54, '2026-03-26 10:00:00'),
(54, 55, '2026-03-27 10:00:00'),
(55, 56, '2026-03-28 10:00:00'),
(56, 57, '2026-03-29 10:00:00'),
(57, 58, '2026-03-30 10:00:00'),
(58, 59, '2026-03-31 10:00:00'),
(59, 60, '2026-04-01 10:00:00'),
(60, 61, '2026-04-02 10:00:00'),
(61, 62, '2026-04-03 10:00:00'),
(62, 63, '2026-04-04 10:00:00'),
(63, 64, '2026-04-05 10:00:00'),
(64, 65, '2026-04-06 10:00:00'),
(65, 66, '2026-04-07 10:00:00'),
(66, 67, '2026-04-08 10:00:00'),
(67, 68, '2026-04-09 10:00:00'),
(68, 69, '2026-04-10 10:00:00'),
(69, 70, '2026-04-11 10:00:00'),
(70, 71, '2026-04-12 10:00:00'),
(71, 72, '2026-04-13 10:00:00'),
(72, 73, '2026-04-14 10:00:00'),
(73, 74, '2026-04-15 10:00:00'),
(74, 75, '2026-04-16 10:00:00'),
(75, 76, '2026-04-17 10:00:00'),
(76, 77, '2026-04-18 10:00:00'),
(77, 78, '2026-04-19 10:00:00'),
(78, 79, '2026-04-20 10:00:00'),
(79, 80, '2026-04-21 10:00:00'),
(80, 81, '2026-04-22 10:00:00'),
(81, 82, '2026-04-23 10:00:00'),
(82, 83, '2026-04-24 10:00:00'),
(83, 84, '2026-04-25 10:00:00'),
(84, 85, '2026-04-26 10:00:00'),
(85, 86, '2026-04-27 10:00:00'),
(86, 87, '2026-04-28 10:00:00'),
(87, 88, '2026-04-29 10:00:00'),
(88, 89, '2026-04-30 10:00:00'),
(89, 90, '2026-05-01 10:00:00'),
(90, 91, '2026-05-02 10:00:00'),
(91, 92, '2026-05-03 10:00:00'),
(92, 93, '2026-05-04 10:00:00'),
(93, 94, '2026-05-05 10:00:00'),
(94, 95, '2026-05-06 10:00:00'),
(95, 96, '2026-05-07 10:00:00'),
(96, 97, '2026-05-08 10:00:00'),
(97, 98, '2026-05-09 10:00:00'),
(98, 99, '2026-05-10 10:00:00'),
(99, 100, '2026-05-11 10:00:00'),
(100, 1, '2026-05-12 10:00:00');

-- booth_waits
INSERT INTO booth_waits (wait_id, booth_id, wait_count, wait_min, updated_at) VALUES
(1, 1, 3, 2, '2026-03-01 10:01:00'),
(2, 2, 6, 4, '2026-03-01 10:02:00'),
(3, 3, 9, 6, '2026-03-01 10:03:00'),
(4, 4, 12, 8, '2026-03-01 10:04:00'),
(5, 5, 15, 10, '2026-03-01 10:05:00'),
(6, 6, 18, 12, '2026-03-01 10:06:00'),
(7, 7, 21, 14, '2026-03-01 10:07:00'),
(8, 8, 24, 16, '2026-03-01 10:08:00'),
(9, 9, 27, 18, '2026-03-01 10:09:00'),
(10, 10, 30, 20, '2026-03-01 10:10:00'),
(11, 11, 33, 22, '2026-03-01 10:11:00'),
(12, 12, 36, 24, '2026-03-01 10:12:00'),
(13, 13, 39, 26, '2026-03-01 10:13:00'),
(14, 14, 2, 28, '2026-03-01 10:14:00'),
(15, 15, 5, 30, '2026-03-01 10:15:00'),
(16, 16, 8, 32, '2026-03-01 10:16:00'),
(17, 17, 11, 34, '2026-03-01 10:17:00'),
(18, 18, 14, 36, '2026-03-01 10:18:00'),
(19, 19, 17, 38, '2026-03-01 10:19:00'),
(20, 20, 20, 40, '2026-03-01 10:20:00'),
(21, 21, 23, 42, '2026-03-01 10:21:00'),
(22, 22, 26, 44, '2026-03-01 10:22:00'),
(23, 23, 29, 46, '2026-03-01 10:23:00'),
(24, 24, 32, 48, '2026-03-01 10:24:00'),
(25, 25, 35, 50, '2026-03-01 10:25:00'),
(26, 26, 38, 52, '2026-03-01 10:26:00'),
(27, 27, 1, 54, '2026-03-01 10:27:00'),
(28, 28, 4, 56, '2026-03-01 10:28:00'),
(29, 29, 7, 58, '2026-03-01 10:29:00'),
(30, 30, 10, 0, '2026-03-01 10:30:00'),
(31, 31, 13, 2, '2026-03-01 10:31:00'),
(32, 32, 16, 4, '2026-03-01 10:32:00'),
(33, 33, 19, 6, '2026-03-01 10:33:00'),
(34, 34, 22, 8, '2026-03-01 10:34:00'),
(35, 35, 25, 10, '2026-03-01 10:35:00'),
(36, 36, 28, 12, '2026-03-01 10:36:00'),
(37, 37, 31, 14, '2026-03-01 10:37:00'),
(38, 38, 34, 16, '2026-03-01 10:38:00'),
(39, 39, 37, 18, '2026-03-01 10:39:00'),
(40, 40, 0, 20, '2026-03-01 10:40:00'),
(41, 41, 3, 22, '2026-03-01 10:41:00'),
(42, 42, 6, 24, '2026-03-01 10:42:00'),
(43, 43, 9, 26, '2026-03-01 10:43:00'),
(44, 44, 12, 28, '2026-03-01 10:44:00'),
(45, 45, 15, 30, '2026-03-01 10:45:00'),
(46, 46, 18, 32, '2026-03-01 10:46:00'),
(47, 47, 21, 34, '2026-03-01 10:47:00'),
(48, 48, 24, 36, '2026-03-01 10:48:00'),
(49, 49, 27, 38, '2026-03-01 10:49:00'),
(50, 50, 30, 40, '2026-03-01 10:50:00'),
(51, 51, 33, 42, '2026-03-01 10:51:00'),
(52, 52, 36, 44, '2026-03-01 10:52:00'),
(53, 53, 39, 46, '2026-03-01 10:53:00'),
(54, 54, 2, 48, '2026-03-01 10:54:00'),
(55, 55, 5, 50, '2026-03-01 10:55:00'),
(56, 56, 8, 52, '2026-03-01 10:56:00'),
(57, 57, 11, 54, '2026-03-01 10:57:00'),
(58, 58, 14, 56, '2026-03-01 10:58:00'),
(59, 59, 17, 58, '2026-03-01 10:59:00'),
(60, 60, 20, 0, '2026-03-01 11:00:00'),
(61, 61, 23, 2, '2026-03-01 11:01:00'),
(62, 62, 26, 4, '2026-03-01 11:02:00'),
(63, 63, 29, 6, '2026-03-01 11:03:00'),
(64, 64, 32, 8, '2026-03-01 11:04:00'),
(65, 65, 35, 10, '2026-03-01 11:05:00'),
(66, 66, 38, 12, '2026-03-01 11:06:00'),
(67, 67, 1, 14, '2026-03-01 11:07:00'),
(68, 68, 4, 16, '2026-03-01 11:08:00'),
(69, 69, 7, 18, '2026-03-01 11:09:00'),
(70, 70, 10, 20, '2026-03-01 11:10:00'),
(71, 71, 13, 22, '2026-03-01 11:11:00'),
(72, 72, 16, 24, '2026-03-01 11:12:00'),
(73, 73, 19, 26, '2026-03-01 11:13:00'),
(74, 74, 22, 28, '2026-03-01 11:14:00'),
(75, 75, 25, 30, '2026-03-01 11:15:00'),
(76, 76, 28, 32, '2026-03-01 11:16:00'),
(77, 77, 31, 34, '2026-03-01 11:17:00'),
(78, 78, 34, 36, '2026-03-01 11:18:00'),
(79, 79, 37, 38, '2026-03-01 11:19:00'),
(80, 80, 0, 40, '2026-03-01 11:20:00'),
(81, 81, 3, 42, '2026-03-01 11:21:00'),
(82, 82, 6, 44, '2026-03-01 11:22:00'),
(83, 83, 9, 46, '2026-03-01 11:23:00'),
(84, 84, 12, 48, '2026-03-01 11:24:00'),
(85, 85, 15, 50, '2026-03-01 11:25:00'),
(86, 86, 18, 52, '2026-03-01 11:26:00'),
(87, 87, 21, 54, '2026-03-01 11:27:00'),
(88, 88, 24, 56, '2026-03-01 11:28:00'),
(89, 89, 27, 58, '2026-03-01 11:29:00'),
(90, 90, 30, 0, '2026-03-01 11:30:00'),
(91, 91, 33, 2, '2026-03-01 11:31:00'),
(92, 92, 36, 4, '2026-03-01 11:32:00'),
(93, 93, 39, 6, '2026-03-01 11:33:00'),
(94, 94, 2, 8, '2026-03-01 11:34:00'),
(95, 95, 5, 10, '2026-03-01 11:35:00'),
(96, 96, 8, 12, '2026-03-01 11:36:00'),
(97, 97, 11, 14, '2026-03-01 11:37:00'),
(98, 98, 14, 16, '2026-03-01 11:38:00'),
(99, 99, 17, 18, '2026-03-01 11:39:00'),
(100, 100, 20, 20, '2026-03-01 11:40:00');

-- experience_waits
INSERT INTO experience_waits (wait_id, program_id, wait_count, wait_min, updated_at) VALUES
(1, 1, 5, 3, '2026-03-01 10:01:00'),
(2, 2, 10, 6, '2026-03-01 10:02:00'),
(3, 3, 15, 9, '2026-03-01 10:03:00'),
(4, 4, 20, 12, '2026-03-01 10:04:00'),
(5, 5, 25, 15, '2026-03-01 10:05:00'),
(6, 6, 0, 18, '2026-03-01 10:06:00'),
(7, 7, 5, 21, '2026-03-01 10:07:00'),
(8, 8, 10, 24, '2026-03-01 10:08:00'),
(9, 9, 15, 27, '2026-03-01 10:09:00'),
(10, 10, 20, 30, '2026-03-01 10:10:00'),
(11, 11, 25, 33, '2026-03-01 10:11:00'),
(12, 12, 0, 36, '2026-03-01 10:12:00'),
(13, 13, 5, 39, '2026-03-01 10:13:00'),
(14, 14, 10, 42, '2026-03-01 10:14:00'),
(15, 15, 15, 45, '2026-03-01 10:15:00'),
(16, 16, 20, 48, '2026-03-01 10:16:00'),
(17, 17, 25, 1, '2026-03-01 10:17:00'),
(18, 18, 0, 4, '2026-03-01 10:18:00'),
(19, 19, 5, 7, '2026-03-01 10:19:00'),
(20, 20, 10, 10, '2026-03-01 10:20:00'),
(21, 21, 15, 13, '2026-03-01 10:21:00'),
(22, 22, 20, 16, '2026-03-01 10:22:00'),
(23, 23, 25, 19, '2026-03-01 10:23:00'),
(24, 24, 0, 22, '2026-03-01 10:24:00'),
(25, 25, 5, 25, '2026-03-01 10:25:00'),
(26, 26, 10, 28, '2026-03-01 10:26:00'),
(27, 27, 15, 31, '2026-03-01 10:27:00'),
(28, 28, 20, 34, '2026-03-01 10:28:00'),
(29, 29, 25, 37, '2026-03-01 10:29:00'),
(30, 30, 0, 40, '2026-03-01 10:30:00'),
(31, 31, 5, 43, '2026-03-01 10:31:00'),
(32, 32, 10, 46, '2026-03-01 10:32:00'),
(33, 33, 15, 49, '2026-03-01 10:33:00'),
(34, 34, 20, 2, '2026-03-01 10:34:00'),
(35, 35, 25, 5, '2026-03-01 10:35:00'),
(36, 36, 0, 8, '2026-03-01 10:36:00'),
(37, 37, 5, 11, '2026-03-01 10:37:00'),
(38, 38, 10, 14, '2026-03-01 10:38:00'),
(39, 39, 15, 17, '2026-03-01 10:39:00'),
(40, 40, 20, 20, '2026-03-01 10:40:00'),
(41, 41, 25, 23, '2026-03-01 10:41:00'),
(42, 42, 0, 26, '2026-03-01 10:42:00'),
(43, 43, 5, 29, '2026-03-01 10:43:00'),
(44, 44, 10, 32, '2026-03-01 10:44:00'),
(45, 45, 15, 35, '2026-03-01 10:45:00'),
(46, 46, 20, 38, '2026-03-01 10:46:00'),
(47, 47, 25, 41, '2026-03-01 10:47:00'),
(48, 48, 0, 44, '2026-03-01 10:48:00'),
(49, 49, 5, 47, '2026-03-01 10:49:00'),
(50, 50, 10, 0, '2026-03-01 10:50:00'),
(51, 51, 15, 3, '2026-03-01 10:51:00'),
(52, 52, 20, 6, '2026-03-01 10:52:00'),
(53, 53, 25, 9, '2026-03-01 10:53:00'),
(54, 54, 0, 12, '2026-03-01 10:54:00'),
(55, 55, 5, 15, '2026-03-01 10:55:00'),
(56, 56, 10, 18, '2026-03-01 10:56:00'),
(57, 57, 15, 21, '2026-03-01 10:57:00'),
(58, 58, 20, 24, '2026-03-01 10:58:00'),
(59, 59, 25, 27, '2026-03-01 10:59:00'),
(60, 60, 0, 30, '2026-03-01 11:00:00'),
(61, 61, 5, 33, '2026-03-01 11:01:00'),
(62, 62, 10, 36, '2026-03-01 11:02:00'),
(63, 63, 15, 39, '2026-03-01 11:03:00'),
(64, 64, 20, 42, '2026-03-01 11:04:00'),
(65, 65, 25, 45, '2026-03-01 11:05:00'),
(66, 66, 0, 48, '2026-03-01 11:06:00'),
(67, 67, 5, 1, '2026-03-01 11:07:00'),
(68, 68, 10, 4, '2026-03-01 11:08:00'),
(69, 69, 15, 7, '2026-03-01 11:09:00'),
(70, 70, 20, 10, '2026-03-01 11:10:00'),
(71, 71, 25, 13, '2026-03-01 11:11:00'),
(72, 72, 0, 16, '2026-03-01 11:12:00'),
(73, 73, 5, 19, '2026-03-01 11:13:00'),
(74, 74, 10, 22, '2026-03-01 11:14:00'),
(75, 75, 15, 25, '2026-03-01 11:15:00'),
(76, 76, 20, 28, '2026-03-01 11:16:00'),
(77, 77, 25, 31, '2026-03-01 11:17:00'),
(78, 78, 0, 34, '2026-03-01 11:18:00'),
(79, 79, 5, 37, '2026-03-01 11:19:00'),
(80, 80, 10, 40, '2026-03-01 11:20:00'),
(81, 81, 15, 43, '2026-03-01 11:21:00'),
(82, 82, 20, 46, '2026-03-01 11:22:00'),
(83, 83, 25, 49, '2026-03-01 11:23:00'),
(84, 84, 0, 2, '2026-03-01 11:24:00'),
(85, 85, 5, 5, '2026-03-01 11:25:00'),
(86, 86, 10, 8, '2026-03-01 11:26:00'),
(87, 87, 15, 11, '2026-03-01 11:27:00'),
(88, 88, 20, 14, '2026-03-01 11:28:00'),
(89, 89, 25, 17, '2026-03-01 11:29:00'),
(90, 90, 0, 20, '2026-03-01 11:30:00'),
(91, 91, 5, 23, '2026-03-01 11:31:00'),
(92, 92, 10, 26, '2026-03-01 11:32:00'),
(93, 93, 15, 29, '2026-03-01 11:33:00'),
(94, 94, 20, 32, '2026-03-01 11:34:00'),
(95, 95, 25, 35, '2026-03-01 11:35:00'),
(96, 96, 0, 38, '2026-03-01 11:36:00'),
(97, 97, 5, 41, '2026-03-01 11:37:00'),
(98, 98, 10, 44, '2026-03-01 11:38:00'),
(99, 99, 15, 47, '2026-03-01 11:39:00'),
(100, 100, 20, 0, '2026-03-01 11:40:00');

-- congestions
INSERT INTO congestions (congestion_id, program_id, zone, place_name, congestion_level, measured_at) VALUES
(1, 1, 'ZONE_B', '동선001', 2, '2026-03-01 10:01:00'),
(2, 2, 'ZONE_C', '동선002', 3, '2026-03-01 10:02:00'),
(3, 3, 'OTHER', '동선003', 4, '2026-03-01 10:03:00'),
(4, 4, 'ZONE_A', '동선004', 5, '2026-03-01 10:04:00'),
(5, 5, 'ZONE_B', '동선005', 1, '2026-03-01 10:05:00'),
(6, 6, 'ZONE_C', '동선006', 2, '2026-03-01 10:06:00'),
(7, 7, 'OTHER', '동선007', 3, '2026-03-01 10:07:00'),
(8, 8, 'ZONE_A', '동선008', 4, '2026-03-01 10:08:00'),
(9, 9, 'ZONE_B', '동선009', 5, '2026-03-01 10:09:00'),
(10, 10, 'ZONE_C', '동선010', 1, '2026-03-01 10:10:00'),
(11, 11, 'OTHER', '동선011', 2, '2026-03-01 10:11:00'),
(12, 12, 'ZONE_A', '동선012', 3, '2026-03-01 10:12:00'),
(13, 13, 'ZONE_B', '동선013', 4, '2026-03-01 10:13:00'),
(14, 14, 'ZONE_C', '동선014', 5, '2026-03-01 10:14:00'),
(15, 15, 'OTHER', '동선015', 1, '2026-03-01 10:15:00'),
(16, 16, 'ZONE_A', '동선016', 2, '2026-03-01 10:16:00'),
(17, 17, 'ZONE_B', '동선017', 3, '2026-03-01 10:17:00'),
(18, 18, 'ZONE_C', '동선018', 4, '2026-03-01 10:18:00'),
(19, 19, 'OTHER', '동선019', 5, '2026-03-01 10:19:00'),
(20, 20, 'ZONE_A', '동선020', 1, '2026-03-01 10:20:00'),
(21, 21, 'ZONE_B', '동선021', 2, '2026-03-01 10:21:00'),
(22, 22, 'ZONE_C', '동선022', 3, '2026-03-01 10:22:00'),
(23, 23, 'OTHER', '동선023', 4, '2026-03-01 10:23:00'),
(24, 24, 'ZONE_A', '동선024', 5, '2026-03-01 10:24:00'),
(25, 25, 'ZONE_B', '동선025', 1, '2026-03-01 10:25:00'),
(26, 26, 'ZONE_C', '동선026', 2, '2026-03-01 10:26:00'),
(27, 27, 'OTHER', '동선027', 3, '2026-03-01 10:27:00'),
(28, 28, 'ZONE_A', '동선028', 4, '2026-03-01 10:28:00'),
(29, 29, 'ZONE_B', '동선029', 5, '2026-03-01 10:29:00'),
(30, 30, 'ZONE_C', '동선030', 1, '2026-03-01 10:30:00'),
(31, 31, 'OTHER', '동선031', 2, '2026-03-01 10:31:00'),
(32, 32, 'ZONE_A', '동선032', 3, '2026-03-01 10:32:00'),
(33, 33, 'ZONE_B', '동선033', 4, '2026-03-01 10:33:00'),
(34, 34, 'ZONE_C', '동선034', 5, '2026-03-01 10:34:00'),
(35, 35, 'OTHER', '동선035', 1, '2026-03-01 10:35:00'),
(36, 36, 'ZONE_A', '동선036', 2, '2026-03-01 10:36:00'),
(37, 37, 'ZONE_B', '동선037', 3, '2026-03-01 10:37:00'),
(38, 38, 'ZONE_C', '동선038', 4, '2026-03-01 10:38:00'),
(39, 39, 'OTHER', '동선039', 5, '2026-03-01 10:39:00'),
(40, 40, 'ZONE_A', '동선040', 1, '2026-03-01 10:40:00'),
(41, 41, 'ZONE_B', '동선041', 2, '2026-03-01 10:41:00'),
(42, 42, 'ZONE_C', '동선042', 3, '2026-03-01 10:42:00'),
(43, 43, 'OTHER', '동선043', 4, '2026-03-01 10:43:00'),
(44, 44, 'ZONE_A', '동선044', 5, '2026-03-01 10:44:00'),
(45, 45, 'ZONE_B', '동선045', 1, '2026-03-01 10:45:00'),
(46, 46, 'ZONE_C', '동선046', 2, '2026-03-01 10:46:00'),
(47, 47, 'OTHER', '동선047', 3, '2026-03-01 10:47:00'),
(48, 48, 'ZONE_A', '동선048', 4, '2026-03-01 10:48:00'),
(49, 49, 'ZONE_B', '동선049', 5, '2026-03-01 10:49:00'),
(50, 50, 'ZONE_C', '동선050', 1, '2026-03-01 10:50:00'),
(51, 51, 'OTHER', '동선051', 2, '2026-03-01 10:51:00'),
(52, 52, 'ZONE_A', '동선052', 3, '2026-03-01 10:52:00'),
(53, 53, 'ZONE_B', '동선053', 4, '2026-03-01 10:53:00'),
(54, 54, 'ZONE_C', '동선054', 5, '2026-03-01 10:54:00'),
(55, 55, 'OTHER', '동선055', 1, '2026-03-01 10:55:00'),
(56, 56, 'ZONE_A', '동선056', 2, '2026-03-01 10:56:00'),
(57, 57, 'ZONE_B', '동선057', 3, '2026-03-01 10:57:00'),
(58, 58, 'ZONE_C', '동선058', 4, '2026-03-01 10:58:00'),
(59, 59, 'OTHER', '동선059', 5, '2026-03-01 10:59:00'),
(60, 60, 'ZONE_A', '동선060', 1, '2026-03-01 11:00:00'),
(61, 61, 'ZONE_B', '동선061', 2, '2026-03-01 11:01:00'),
(62, 62, 'ZONE_C', '동선062', 3, '2026-03-01 11:02:00'),
(63, 63, 'OTHER', '동선063', 4, '2026-03-01 11:03:00'),
(64, 64, 'ZONE_A', '동선064', 5, '2026-03-01 11:04:00'),
(65, 65, 'ZONE_B', '동선065', 1, '2026-03-01 11:05:00'),
(66, 66, 'ZONE_C', '동선066', 2, '2026-03-01 11:06:00'),
(67, 67, 'OTHER', '동선067', 3, '2026-03-01 11:07:00'),
(68, 68, 'ZONE_A', '동선068', 4, '2026-03-01 11:08:00'),
(69, 69, 'ZONE_B', '동선069', 5, '2026-03-01 11:09:00'),
(70, 70, 'ZONE_C', '동선070', 1, '2026-03-01 11:10:00'),
(71, 71, 'OTHER', '동선071', 2, '2026-03-01 11:11:00'),
(72, 72, 'ZONE_A', '동선072', 3, '2026-03-01 11:12:00'),
(73, 73, 'ZONE_B', '동선073', 4, '2026-03-01 11:13:00'),
(74, 74, 'ZONE_C', '동선074', 5, '2026-03-01 11:14:00'),
(75, 75, 'OTHER', '동선075', 1, '2026-03-01 11:15:00'),
(76, 76, 'ZONE_A', '동선076', 2, '2026-03-01 11:16:00'),
(77, 77, 'ZONE_B', '동선077', 3, '2026-03-01 11:17:00'),
(78, 78, 'ZONE_C', '동선078', 4, '2026-03-01 11:18:00'),
(79, 79, 'OTHER', '동선079', 5, '2026-03-01 11:19:00'),
(80, 80, 'ZONE_A', '동선080', 1, '2026-03-01 11:20:00'),
(81, 81, 'ZONE_B', '동선081', 2, '2026-03-01 11:21:00'),
(82, 82, 'ZONE_C', '동선082', 3, '2026-03-01 11:22:00'),
(83, 83, 'OTHER', '동선083', 4, '2026-03-01 11:23:00'),
(84, 84, 'ZONE_A', '동선084', 5, '2026-03-01 11:24:00'),
(85, 85, 'ZONE_B', '동선085', 1, '2026-03-01 11:25:00'),
(86, 86, 'ZONE_C', '동선086', 2, '2026-03-01 11:26:00'),
(87, 87, 'OTHER', '동선087', 3, '2026-03-01 11:27:00'),
(88, 88, 'ZONE_A', '동선088', 4, '2026-03-01 11:28:00'),
(89, 89, 'ZONE_B', '동선089', 5, '2026-03-01 11:29:00'),
(90, 90, 'ZONE_C', '동선090', 1, '2026-03-01 11:30:00'),
(91, 91, 'OTHER', '동선091', 2, '2026-03-01 11:31:00'),
(92, 92, 'ZONE_A', '동선092', 3, '2026-03-01 11:32:00'),
(93, 93, 'ZONE_B', '동선093', 4, '2026-03-01 11:33:00'),
(94, 94, 'ZONE_C', '동선094', 5, '2026-03-01 11:34:00'),
(95, 95, 'OTHER', '동선095', 1, '2026-03-01 11:35:00'),
(96, 96, 'ZONE_A', '동선096', 2, '2026-03-01 11:36:00'),
(97, 97, 'ZONE_B', '동선097', 3, '2026-03-01 11:37:00'),
(98, 98, 'ZONE_C', '동선098', 4, '2026-03-01 11:38:00'),
(99, 99, 'OTHER', '동선099', 5, '2026-03-01 11:39:00'),
(100, 100, 'ZONE_A', '동선100', 1, '2026-03-01 11:40:00');


-- galleries
INSERT INTO galleries (gallery_id, event_id, gallery_title, description, view_count, thumbnail_image_id, gallery_status, created_at, updated_at) VALUES
(1, 1, '갤러리 001', '행사 001 현장 스케치', 13, NULL, 'PRIVATE', '2026-03-02 12:00:00', '2026-03-02 12:00:00'),
(2, 2, '갤러리 002', '행사 002 현장 스케치', 26, NULL, 'BLINDED', '2026-03-03 12:00:00', '2026-03-03 12:00:00'),
(3, 3, '갤러리 003', '행사 003 현장 스케치', 39, NULL, 'DELETED', '2026-03-04 12:00:00', '2026-03-04 12:00:00'),
(4, 4, '갤러리 004', '행사 004 현장 스케치', 52, NULL, 'PUBLIC', '2026-03-05 12:00:00', '2026-03-05 12:00:00'),
(5, 5, '갤러리 005', '행사 005 현장 스케치', 65, NULL, 'PRIVATE', '2026-03-06 12:00:00', '2026-03-06 12:00:00'),
(6, 6, '갤러리 006', '행사 006 현장 스케치', 78, NULL, 'BLINDED', '2026-03-07 12:00:00', '2026-03-07 12:00:00'),
(7, 7, '갤러리 007', '행사 007 현장 스케치', 91, NULL, 'DELETED', '2026-03-08 12:00:00', '2026-03-08 12:00:00'),
(8, 8, '갤러리 008', '행사 008 현장 스케치', 104, NULL, 'PUBLIC', '2026-03-09 12:00:00', '2026-03-09 12:00:00'),
(9, 9, '갤러리 009', '행사 009 현장 스케치', 117, NULL, 'PRIVATE', '2026-03-10 12:00:00', '2026-03-10 12:00:00'),
(10, 10, '갤러리 010', '행사 010 현장 스케치', 130, NULL, 'BLINDED', '2026-03-11 12:00:00', '2026-03-11 12:00:00'),
(11, 11, '갤러리 011', '행사 011 현장 스케치', 143, NULL, 'DELETED', '2026-03-12 12:00:00', '2026-03-12 12:00:00'),
(12, 12, '갤러리 012', '행사 012 현장 스케치', 156, NULL, 'PUBLIC', '2026-03-13 12:00:00', '2026-03-13 12:00:00'),
(13, 13, '갤러리 013', '행사 013 현장 스케치', 169, NULL, 'PRIVATE', '2026-03-14 12:00:00', '2026-03-14 12:00:00'),
(14, 14, '갤러리 014', '행사 014 현장 스케치', 182, NULL, 'BLINDED', '2026-03-15 12:00:00', '2026-03-15 12:00:00'),
(15, 15, '갤러리 015', '행사 015 현장 스케치', 195, NULL, 'DELETED', '2026-03-16 12:00:00', '2026-03-16 12:00:00'),
(16, 16, '갤러리 016', '행사 016 현장 스케치', 208, NULL, 'PUBLIC', '2026-03-17 12:00:00', '2026-03-17 12:00:00'),
(17, 17, '갤러리 017', '행사 017 현장 스케치', 221, NULL, 'PRIVATE', '2026-03-18 12:00:00', '2026-03-18 12:00:00'),
(18, 18, '갤러리 018', '행사 018 현장 스케치', 234, NULL, 'BLINDED', '2026-03-19 12:00:00', '2026-03-19 12:00:00'),
(19, 19, '갤러리 019', '행사 019 현장 스케치', 247, NULL, 'DELETED', '2026-03-20 12:00:00', '2026-03-20 12:00:00'),
(20, 20, '갤러리 020', '행사 020 현장 스케치', 260, NULL, 'PUBLIC', '2026-03-21 12:00:00', '2026-03-21 12:00:00'),
(21, 21, '갤러리 021', '행사 021 현장 스케치', 273, NULL, 'PRIVATE', '2026-03-22 12:00:00', '2026-03-22 12:00:00'),
(22, 22, '갤러리 022', '행사 022 현장 스케치', 286, NULL, 'BLINDED', '2026-03-23 12:00:00', '2026-03-23 12:00:00'),
(23, 23, '갤러리 023', '행사 023 현장 스케치', 299, NULL, 'DELETED', '2026-03-24 12:00:00', '2026-03-24 12:00:00'),
(24, 24, '갤러리 024', '행사 024 현장 스케치', 312, NULL, 'PUBLIC', '2026-03-25 12:00:00', '2026-03-25 12:00:00'),
(25, 25, '갤러리 025', '행사 025 현장 스케치', 325, NULL, 'PRIVATE', '2026-03-26 12:00:00', '2026-03-26 12:00:00'),
(26, 26, '갤러리 026', '행사 026 현장 스케치', 338, NULL, 'BLINDED', '2026-03-27 12:00:00', '2026-03-27 12:00:00'),
(27, 27, '갤러리 027', '행사 027 현장 스케치', 351, NULL, 'DELETED', '2026-03-28 12:00:00', '2026-03-28 12:00:00'),
(28, 28, '갤러리 028', '행사 028 현장 스케치', 364, NULL, 'PUBLIC', '2026-03-29 12:00:00', '2026-03-29 12:00:00'),
(29, 29, '갤러리 029', '행사 029 현장 스케치', 377, NULL, 'PRIVATE', '2026-03-30 12:00:00', '2026-03-30 12:00:00'),
(30, 30, '갤러리 030', '행사 030 현장 스케치', 390, NULL, 'BLINDED', '2026-03-31 12:00:00', '2026-03-31 12:00:00'),
(31, 31, '갤러리 031', '행사 031 현장 스케치', 403, NULL, 'DELETED', '2026-04-01 12:00:00', '2026-04-01 12:00:00'),
(32, 32, '갤러리 032', '행사 032 현장 스케치', 416, NULL, 'PUBLIC', '2026-04-02 12:00:00', '2026-04-02 12:00:00'),
(33, 33, '갤러리 033', '행사 033 현장 스케치', 429, NULL, 'PRIVATE', '2026-04-03 12:00:00', '2026-04-03 12:00:00'),
(34, 34, '갤러리 034', '행사 034 현장 스케치', 442, NULL, 'BLINDED', '2026-04-04 12:00:00', '2026-04-04 12:00:00'),
(35, 35, '갤러리 035', '행사 035 현장 스케치', 455, NULL, 'DELETED', '2026-04-05 12:00:00', '2026-04-05 12:00:00'),
(36, 36, '갤러리 036', '행사 036 현장 스케치', 468, NULL, 'PUBLIC', '2026-04-06 12:00:00', '2026-04-06 12:00:00'),
(37, 37, '갤러리 037', '행사 037 현장 스케치', 481, NULL, 'PRIVATE', '2026-04-07 12:00:00', '2026-04-07 12:00:00'),
(38, 38, '갤러리 038', '행사 038 현장 스케치', 494, NULL, 'BLINDED', '2026-04-08 12:00:00', '2026-04-08 12:00:00'),
(39, 39, '갤러리 039', '행사 039 현장 스케치', 507, NULL, 'DELETED', '2026-04-09 12:00:00', '2026-04-09 12:00:00'),
(40, 40, '갤러리 040', '행사 040 현장 스케치', 520, NULL, 'PUBLIC', '2026-04-10 12:00:00', '2026-04-10 12:00:00'),
(41, 41, '갤러리 041', '행사 041 현장 스케치', 533, NULL, 'PRIVATE', '2026-04-11 12:00:00', '2026-04-11 12:00:00'),
(42, 42, '갤러리 042', '행사 042 현장 스케치', 546, NULL, 'BLINDED', '2026-04-12 12:00:00', '2026-04-12 12:00:00'),
(43, 43, '갤러리 043', '행사 043 현장 스케치', 559, NULL, 'DELETED', '2026-04-13 12:00:00', '2026-04-13 12:00:00'),
(44, 44, '갤러리 044', '행사 044 현장 스케치', 572, NULL, 'PUBLIC', '2026-04-14 12:00:00', '2026-04-14 12:00:00'),
(45, 45, '갤러리 045', '행사 045 현장 스케치', 585, NULL, 'PRIVATE', '2026-04-15 12:00:00', '2026-04-15 12:00:00'),
(46, 46, '갤러리 046', '행사 046 현장 스케치', 598, NULL, 'BLINDED', '2026-04-16 12:00:00', '2026-04-16 12:00:00'),
(47, 47, '갤러리 047', '행사 047 현장 스케치', 611, NULL, 'DELETED', '2026-04-17 12:00:00', '2026-04-17 12:00:00'),
(48, 48, '갤러리 048', '행사 048 현장 스케치', 624, NULL, 'PUBLIC', '2026-04-18 12:00:00', '2026-04-18 12:00:00'),
(49, 49, '갤러리 049', '행사 049 현장 스케치', 637, NULL, 'PRIVATE', '2026-04-19 12:00:00', '2026-04-19 12:00:00'),
(50, 50, '갤러리 050', '행사 050 현장 스케치', 650, NULL, 'BLINDED', '2026-04-20 12:00:00', '2026-04-20 12:00:00'),
(51, 51, '갤러리 051', '행사 051 현장 스케치', 663, NULL, 'DELETED', '2026-04-21 12:00:00', '2026-04-21 12:00:00'),
(52, 52, '갤러리 052', '행사 052 현장 스케치', 676, NULL, 'PUBLIC', '2026-04-22 12:00:00', '2026-04-22 12:00:00'),
(53, 53, '갤러리 053', '행사 053 현장 스케치', 689, NULL, 'PRIVATE', '2026-04-23 12:00:00', '2026-04-23 12:00:00'),
(54, 54, '갤러리 054', '행사 054 현장 스케치', 702, NULL, 'BLINDED', '2026-04-24 12:00:00', '2026-04-24 12:00:00'),
(55, 55, '갤러리 055', '행사 055 현장 스케치', 715, NULL, 'DELETED', '2026-04-25 12:00:00', '2026-04-25 12:00:00'),
(56, 56, '갤러리 056', '행사 056 현장 스케치', 728, NULL, 'PUBLIC', '2026-04-26 12:00:00', '2026-04-26 12:00:00'),
(57, 57, '갤러리 057', '행사 057 현장 스케치', 741, NULL, 'PRIVATE', '2026-04-27 12:00:00', '2026-04-27 12:00:00'),
(58, 58, '갤러리 058', '행사 058 현장 스케치', 754, NULL, 'BLINDED', '2026-04-28 12:00:00', '2026-04-28 12:00:00'),
(59, 59, '갤러리 059', '행사 059 현장 스케치', 767, NULL, 'DELETED', '2026-04-29 12:00:00', '2026-04-29 12:00:00'),
(60, 60, '갤러리 060', '행사 060 현장 스케치', 780, NULL, 'PUBLIC', '2026-04-30 12:00:00', '2026-04-30 12:00:00'),
(61, 61, '갤러리 061', '행사 061 현장 스케치', 793, NULL, 'PRIVATE', '2026-05-01 12:00:00', '2026-05-01 12:00:00'),
(62, 62, '갤러리 062', '행사 062 현장 스케치', 806, NULL, 'BLINDED', '2026-05-02 12:00:00', '2026-05-02 12:00:00'),
(63, 63, '갤러리 063', '행사 063 현장 스케치', 819, NULL, 'DELETED', '2026-05-03 12:00:00', '2026-05-03 12:00:00'),
(64, 64, '갤러리 064', '행사 064 현장 스케치', 832, NULL, 'PUBLIC', '2026-05-04 12:00:00', '2026-05-04 12:00:00'),
(65, 65, '갤러리 065', '행사 065 현장 스케치', 845, NULL, 'PRIVATE', '2026-05-05 12:00:00', '2026-05-05 12:00:00'),
(66, 66, '갤러리 066', '행사 066 현장 스케치', 858, NULL, 'BLINDED', '2026-05-06 12:00:00', '2026-05-06 12:00:00'),
(67, 67, '갤러리 067', '행사 067 현장 스케치', 871, NULL, 'DELETED', '2026-05-07 12:00:00', '2026-05-07 12:00:00'),
(68, 68, '갤러리 068', '행사 068 현장 스케치', 884, NULL, 'PUBLIC', '2026-05-08 12:00:00', '2026-05-08 12:00:00'),
(69, 69, '갤러리 069', '행사 069 현장 스케치', 897, NULL, 'PRIVATE', '2026-05-09 12:00:00', '2026-05-09 12:00:00'),
(70, 70, '갤러리 070', '행사 070 현장 스케치', 910, NULL, 'BLINDED', '2026-05-10 12:00:00', '2026-05-10 12:00:00'),
(71, 71, '갤러리 071', '행사 071 현장 스케치', 923, NULL, 'DELETED', '2026-05-11 12:00:00', '2026-05-11 12:00:00'),
(72, 72, '갤러리 072', '행사 072 현장 스케치', 936, NULL, 'PUBLIC', '2026-05-12 12:00:00', '2026-05-12 12:00:00'),
(73, 73, '갤러리 073', '행사 073 현장 스케치', 949, NULL, 'PRIVATE', '2026-05-13 12:00:00', '2026-05-13 12:00:00'),
(74, 74, '갤러리 074', '행사 074 현장 스케치', 962, NULL, 'BLINDED', '2026-05-14 12:00:00', '2026-05-14 12:00:00'),
(75, 75, '갤러리 075', '행사 075 현장 스케치', 975, NULL, 'DELETED', '2026-05-15 12:00:00', '2026-05-15 12:00:00'),
(76, 76, '갤러리 076', '행사 076 현장 스케치', 988, NULL, 'PUBLIC', '2026-05-16 12:00:00', '2026-05-16 12:00:00'),
(77, 77, '갤러리 077', '행사 077 현장 스케치', 1001, NULL, 'PRIVATE', '2026-05-17 12:00:00', '2026-05-17 12:00:00'),
(78, 78, '갤러리 078', '행사 078 현장 스케치', 1014, NULL, 'BLINDED', '2026-05-18 12:00:00', '2026-05-18 12:00:00'),
(79, 79, '갤러리 079', '행사 079 현장 스케치', 1027, NULL, 'DELETED', '2026-05-19 12:00:00', '2026-05-19 12:00:00'),
(80, 80, '갤러리 080', '행사 080 현장 스케치', 1040, NULL, 'PUBLIC', '2026-05-20 12:00:00', '2026-05-20 12:00:00'),
(81, 81, '갤러리 081', '행사 081 현장 스케치', 1053, NULL, 'PRIVATE', '2026-05-21 12:00:00', '2026-05-21 12:00:00'),
(82, 82, '갤러리 082', '행사 082 현장 스케치', 1066, NULL, 'BLINDED', '2026-05-22 12:00:00', '2026-05-22 12:00:00'),
(83, 83, '갤러리 083', '행사 083 현장 스케치', 1079, NULL, 'DELETED', '2026-05-23 12:00:00', '2026-05-23 12:00:00'),
(84, 84, '갤러리 084', '행사 084 현장 스케치', 1092, NULL, 'PUBLIC', '2026-05-24 12:00:00', '2026-05-24 12:00:00'),
(85, 85, '갤러리 085', '행사 085 현장 스케치', 1105, NULL, 'PRIVATE', '2026-05-25 12:00:00', '2026-05-25 12:00:00'),
(86, 86, '갤러리 086', '행사 086 현장 스케치', 1118, NULL, 'BLINDED', '2026-05-26 12:00:00', '2026-05-26 12:00:00'),
(87, 87, '갤러리 087', '행사 087 현장 스케치', 1131, NULL, 'DELETED', '2026-05-27 12:00:00', '2026-05-27 12:00:00'),
(88, 88, '갤러리 088', '행사 088 현장 스케치', 1144, NULL, 'PUBLIC', '2026-05-28 12:00:00', '2026-05-28 12:00:00'),
(89, 89, '갤러리 089', '행사 089 현장 스케치', 1157, NULL, 'PRIVATE', '2026-05-29 12:00:00', '2026-05-29 12:00:00'),
(90, 90, '갤러리 090', '행사 090 현장 스케치', 1170, NULL, 'BLINDED', '2026-05-30 12:00:00', '2026-05-30 12:00:00'),
(91, 91, '갤러리 091', '행사 091 현장 스케치', 1183, NULL, 'DELETED', '2026-05-31 12:00:00', '2026-05-31 12:00:00'),
(92, 92, '갤러리 092', '행사 092 현장 스케치', 1196, NULL, 'PUBLIC', '2026-06-01 12:00:00', '2026-06-01 12:00:00'),
(93, 93, '갤러리 093', '행사 093 현장 스케치', 1209, NULL, 'PRIVATE', '2026-06-02 12:00:00', '2026-06-02 12:00:00'),
(94, 94, '갤러리 094', '행사 094 현장 스케치', 1222, NULL, 'BLINDED', '2026-06-03 12:00:00', '2026-06-03 12:00:00'),
(95, 95, '갤러리 095', '행사 095 현장 스케치', 1235, NULL, 'DELETED', '2026-06-04 12:00:00', '2026-06-04 12:00:00'),
(96, 96, '갤러리 096', '행사 096 현장 스케치', 1248, NULL, 'PUBLIC', '2026-06-05 12:00:00', '2026-06-05 12:00:00'),
(97, 97, '갤러리 097', '행사 097 현장 스케치', 1261, NULL, 'PRIVATE', '2026-06-06 12:00:00', '2026-06-06 12:00:00'),
(98, 98, '갤러리 098', '행사 098 현장 스케치', 1274, NULL, 'BLINDED', '2026-06-07 12:00:00', '2026-06-07 12:00:00'),
(99, 99, '갤러리 099', '행사 099 현장 스케치', 1287, NULL, 'DELETED', '2026-06-08 12:00:00', '2026-06-08 12:00:00'),
(100, 100, '갤러리 100', '행사 100 현장 스케치', 1300, NULL, 'PUBLIC', '2026-06-09 12:00:00', '2026-06-09 12:00:00');

-- gallery_images
INSERT INTO gallery_images (image_id, gallery_id, original_url, thumb_url, image_order, mime_type, file_size, created_at) VALUES
(1, 1, 'https://cdn.pupoo.local/gallery/001/original.jpg', 'https://cdn.pupoo.local/gallery/001/thumb.jpg', 1, 'jpg', 10000, '2026-03-02 12:00:00'),
(2, 2, 'https://cdn.pupoo.local/gallery/002/original.jpg', 'https://cdn.pupoo.local/gallery/002/thumb.jpg', 1, 'png', 20000, '2026-03-03 12:00:00'),
(3, 3, 'https://cdn.pupoo.local/gallery/003/original.jpg', 'https://cdn.pupoo.local/gallery/003/thumb.jpg', 1, 'gif', 30000, '2026-03-04 12:00:00'),
(4, 4, 'https://cdn.pupoo.local/gallery/004/original.jpg', 'https://cdn.pupoo.local/gallery/004/thumb.jpg', 1, 'webp', 40000, '2026-03-05 12:00:00'),
(5, 5, 'https://cdn.pupoo.local/gallery/005/original.jpg', 'https://cdn.pupoo.local/gallery/005/thumb.jpg', 1, 'tiff', 50000, '2026-03-06 12:00:00'),
(6, 6, 'https://cdn.pupoo.local/gallery/006/original.jpg', 'https://cdn.pupoo.local/gallery/006/thumb.jpg', 1, 'svg', 60000, '2026-03-07 12:00:00'),
(7, 7, 'https://cdn.pupoo.local/gallery/007/original.jpg', 'https://cdn.pupoo.local/gallery/007/thumb.jpg', 1, 'jpeg', 70000, '2026-03-08 12:00:00'),
(8, 8, 'https://cdn.pupoo.local/gallery/008/original.jpg', 'https://cdn.pupoo.local/gallery/008/thumb.jpg', 1, 'jpg', 80000, '2026-03-09 12:00:00'),
(9, 9, 'https://cdn.pupoo.local/gallery/009/original.jpg', 'https://cdn.pupoo.local/gallery/009/thumb.jpg', 1, 'png', 90000, '2026-03-10 12:00:00'),
(10, 10, 'https://cdn.pupoo.local/gallery/010/original.jpg', 'https://cdn.pupoo.local/gallery/010/thumb.jpg', 1, 'gif', 100000, '2026-03-11 12:00:00'),
(11, 11, 'https://cdn.pupoo.local/gallery/011/original.jpg', 'https://cdn.pupoo.local/gallery/011/thumb.jpg', 1, 'webp', 110000, '2026-03-12 12:00:00'),
(12, 12, 'https://cdn.pupoo.local/gallery/012/original.jpg', 'https://cdn.pupoo.local/gallery/012/thumb.jpg', 1, 'tiff', 120000, '2026-03-13 12:00:00'),
(13, 13, 'https://cdn.pupoo.local/gallery/013/original.jpg', 'https://cdn.pupoo.local/gallery/013/thumb.jpg', 1, 'svg', 130000, '2026-03-14 12:00:00'),
(14, 14, 'https://cdn.pupoo.local/gallery/014/original.jpg', 'https://cdn.pupoo.local/gallery/014/thumb.jpg', 1, 'jpeg', 140000, '2026-03-15 12:00:00'),
(15, 15, 'https://cdn.pupoo.local/gallery/015/original.jpg', 'https://cdn.pupoo.local/gallery/015/thumb.jpg', 1, 'jpg', 150000, '2026-03-16 12:00:00'),
(16, 16, 'https://cdn.pupoo.local/gallery/016/original.jpg', 'https://cdn.pupoo.local/gallery/016/thumb.jpg', 1, 'png', 160000, '2026-03-17 12:00:00'),
(17, 17, 'https://cdn.pupoo.local/gallery/017/original.jpg', 'https://cdn.pupoo.local/gallery/017/thumb.jpg', 1, 'gif', 170000, '2026-03-18 12:00:00'),
(18, 18, 'https://cdn.pupoo.local/gallery/018/original.jpg', 'https://cdn.pupoo.local/gallery/018/thumb.jpg', 1, 'webp', 180000, '2026-03-19 12:00:00'),
(19, 19, 'https://cdn.pupoo.local/gallery/019/original.jpg', 'https://cdn.pupoo.local/gallery/019/thumb.jpg', 1, 'tiff', 190000, '2026-03-20 12:00:00'),
(20, 20, 'https://cdn.pupoo.local/gallery/020/original.jpg', 'https://cdn.pupoo.local/gallery/020/thumb.jpg', 1, 'svg', 200000, '2026-03-21 12:00:00'),
(21, 21, 'https://cdn.pupoo.local/gallery/021/original.jpg', 'https://cdn.pupoo.local/gallery/021/thumb.jpg', 1, 'jpeg', 210000, '2026-03-22 12:00:00'),
(22, 22, 'https://cdn.pupoo.local/gallery/022/original.jpg', 'https://cdn.pupoo.local/gallery/022/thumb.jpg', 1, 'jpg', 220000, '2026-03-23 12:00:00'),
(23, 23, 'https://cdn.pupoo.local/gallery/023/original.jpg', 'https://cdn.pupoo.local/gallery/023/thumb.jpg', 1, 'png', 230000, '2026-03-24 12:00:00'),
(24, 24, 'https://cdn.pupoo.local/gallery/024/original.jpg', 'https://cdn.pupoo.local/gallery/024/thumb.jpg', 1, 'gif', 240000, '2026-03-25 12:00:00'),
(25, 25, 'https://cdn.pupoo.local/gallery/025/original.jpg', 'https://cdn.pupoo.local/gallery/025/thumb.jpg', 1, 'webp', 250000, '2026-03-26 12:00:00'),
(26, 26, 'https://cdn.pupoo.local/gallery/026/original.jpg', 'https://cdn.pupoo.local/gallery/026/thumb.jpg', 1, 'tiff', 260000, '2026-03-27 12:00:00'),
(27, 27, 'https://cdn.pupoo.local/gallery/027/original.jpg', 'https://cdn.pupoo.local/gallery/027/thumb.jpg', 1, 'svg', 270000, '2026-03-28 12:00:00'),
(28, 28, 'https://cdn.pupoo.local/gallery/028/original.jpg', 'https://cdn.pupoo.local/gallery/028/thumb.jpg', 1, 'jpeg', 280000, '2026-03-29 12:00:00'),
(29, 29, 'https://cdn.pupoo.local/gallery/029/original.jpg', 'https://cdn.pupoo.local/gallery/029/thumb.jpg', 1, 'jpg', 290000, '2026-03-30 12:00:00'),
(30, 30, 'https://cdn.pupoo.local/gallery/030/original.jpg', 'https://cdn.pupoo.local/gallery/030/thumb.jpg', 1, 'png', 300000, '2026-03-31 12:00:00'),
(31, 31, 'https://cdn.pupoo.local/gallery/031/original.jpg', 'https://cdn.pupoo.local/gallery/031/thumb.jpg', 1, 'gif', 310000, '2026-04-01 12:00:00'),
(32, 32, 'https://cdn.pupoo.local/gallery/032/original.jpg', 'https://cdn.pupoo.local/gallery/032/thumb.jpg', 1, 'webp', 320000, '2026-04-02 12:00:00'),
(33, 33, 'https://cdn.pupoo.local/gallery/033/original.jpg', 'https://cdn.pupoo.local/gallery/033/thumb.jpg', 1, 'tiff', 330000, '2026-04-03 12:00:00'),
(34, 34, 'https://cdn.pupoo.local/gallery/034/original.jpg', 'https://cdn.pupoo.local/gallery/034/thumb.jpg', 1, 'svg', 340000, '2026-04-04 12:00:00'),
(35, 35, 'https://cdn.pupoo.local/gallery/035/original.jpg', 'https://cdn.pupoo.local/gallery/035/thumb.jpg', 1, 'jpeg', 350000, '2026-04-05 12:00:00'),
(36, 36, 'https://cdn.pupoo.local/gallery/036/original.jpg', 'https://cdn.pupoo.local/gallery/036/thumb.jpg', 1, 'jpg', 360000, '2026-04-06 12:00:00'),
(37, 37, 'https://cdn.pupoo.local/gallery/037/original.jpg', 'https://cdn.pupoo.local/gallery/037/thumb.jpg', 1, 'png', 370000, '2026-04-07 12:00:00'),
(38, 38, 'https://cdn.pupoo.local/gallery/038/original.jpg', 'https://cdn.pupoo.local/gallery/038/thumb.jpg', 1, 'gif', 380000, '2026-04-08 12:00:00'),
(39, 39, 'https://cdn.pupoo.local/gallery/039/original.jpg', 'https://cdn.pupoo.local/gallery/039/thumb.jpg', 1, 'webp', 390000, '2026-04-09 12:00:00'),
(40, 40, 'https://cdn.pupoo.local/gallery/040/original.jpg', 'https://cdn.pupoo.local/gallery/040/thumb.jpg', 1, 'tiff', 400000, '2026-04-10 12:00:00'),
(41, 41, 'https://cdn.pupoo.local/gallery/041/original.jpg', 'https://cdn.pupoo.local/gallery/041/thumb.jpg', 1, 'svg', 410000, '2026-04-11 12:00:00'),
(42, 42, 'https://cdn.pupoo.local/gallery/042/original.jpg', 'https://cdn.pupoo.local/gallery/042/thumb.jpg', 1, 'jpeg', 420000, '2026-04-12 12:00:00'),
(43, 43, 'https://cdn.pupoo.local/gallery/043/original.jpg', 'https://cdn.pupoo.local/gallery/043/thumb.jpg', 1, 'jpg', 430000, '2026-04-13 12:00:00'),
(44, 44, 'https://cdn.pupoo.local/gallery/044/original.jpg', 'https://cdn.pupoo.local/gallery/044/thumb.jpg', 1, 'png', 440000, '2026-04-14 12:00:00'),
(45, 45, 'https://cdn.pupoo.local/gallery/045/original.jpg', 'https://cdn.pupoo.local/gallery/045/thumb.jpg', 1, 'gif', 450000, '2026-04-15 12:00:00'),
(46, 46, 'https://cdn.pupoo.local/gallery/046/original.jpg', 'https://cdn.pupoo.local/gallery/046/thumb.jpg', 1, 'webp', 460000, '2026-04-16 12:00:00'),
(47, 47, 'https://cdn.pupoo.local/gallery/047/original.jpg', 'https://cdn.pupoo.local/gallery/047/thumb.jpg', 1, 'tiff', 470000, '2026-04-17 12:00:00'),
(48, 48, 'https://cdn.pupoo.local/gallery/048/original.jpg', 'https://cdn.pupoo.local/gallery/048/thumb.jpg', 1, 'svg', 480000, '2026-04-18 12:00:00'),
(49, 49, 'https://cdn.pupoo.local/gallery/049/original.jpg', 'https://cdn.pupoo.local/gallery/049/thumb.jpg', 1, 'jpeg', 490000, '2026-04-19 12:00:00'),
(50, 50, 'https://cdn.pupoo.local/gallery/050/original.jpg', 'https://cdn.pupoo.local/gallery/050/thumb.jpg', 1, 'jpg', 500000, '2026-04-20 12:00:00'),
(51, 51, 'https://cdn.pupoo.local/gallery/051/original.jpg', 'https://cdn.pupoo.local/gallery/051/thumb.jpg', 1, 'png', 510000, '2026-04-21 12:00:00'),
(52, 52, 'https://cdn.pupoo.local/gallery/052/original.jpg', 'https://cdn.pupoo.local/gallery/052/thumb.jpg', 1, 'gif', 520000, '2026-04-22 12:00:00'),
(53, 53, 'https://cdn.pupoo.local/gallery/053/original.jpg', 'https://cdn.pupoo.local/gallery/053/thumb.jpg', 1, 'webp', 530000, '2026-04-23 12:00:00'),
(54, 54, 'https://cdn.pupoo.local/gallery/054/original.jpg', 'https://cdn.pupoo.local/gallery/054/thumb.jpg', 1, 'tiff', 540000, '2026-04-24 12:00:00'),
(55, 55, 'https://cdn.pupoo.local/gallery/055/original.jpg', 'https://cdn.pupoo.local/gallery/055/thumb.jpg', 1, 'svg', 550000, '2026-04-25 12:00:00'),
(56, 56, 'https://cdn.pupoo.local/gallery/056/original.jpg', 'https://cdn.pupoo.local/gallery/056/thumb.jpg', 1, 'jpeg', 560000, '2026-04-26 12:00:00'),
(57, 57, 'https://cdn.pupoo.local/gallery/057/original.jpg', 'https://cdn.pupoo.local/gallery/057/thumb.jpg', 1, 'jpg', 570000, '2026-04-27 12:00:00'),
(58, 58, 'https://cdn.pupoo.local/gallery/058/original.jpg', 'https://cdn.pupoo.local/gallery/058/thumb.jpg', 1, 'png', 580000, '2026-04-28 12:00:00'),
(59, 59, 'https://cdn.pupoo.local/gallery/059/original.jpg', 'https://cdn.pupoo.local/gallery/059/thumb.jpg', 1, 'gif', 590000, '2026-04-29 12:00:00'),
(60, 60, 'https://cdn.pupoo.local/gallery/060/original.jpg', 'https://cdn.pupoo.local/gallery/060/thumb.jpg', 1, 'webp', 600000, '2026-04-30 12:00:00'),
(61, 61, 'https://cdn.pupoo.local/gallery/061/original.jpg', 'https://cdn.pupoo.local/gallery/061/thumb.jpg', 1, 'tiff', 610000, '2026-05-01 12:00:00'),
(62, 62, 'https://cdn.pupoo.local/gallery/062/original.jpg', 'https://cdn.pupoo.local/gallery/062/thumb.jpg', 1, 'svg', 620000, '2026-05-02 12:00:00'),
(63, 63, 'https://cdn.pupoo.local/gallery/063/original.jpg', 'https://cdn.pupoo.local/gallery/063/thumb.jpg', 1, 'jpeg', 630000, '2026-05-03 12:00:00'),
(64, 64, 'https://cdn.pupoo.local/gallery/064/original.jpg', 'https://cdn.pupoo.local/gallery/064/thumb.jpg', 1, 'jpg', 640000, '2026-05-04 12:00:00'),
(65, 65, 'https://cdn.pupoo.local/gallery/065/original.jpg', 'https://cdn.pupoo.local/gallery/065/thumb.jpg', 1, 'png', 650000, '2026-05-05 12:00:00'),
(66, 66, 'https://cdn.pupoo.local/gallery/066/original.jpg', 'https://cdn.pupoo.local/gallery/066/thumb.jpg', 1, 'gif', 660000, '2026-05-06 12:00:00'),
(67, 67, 'https://cdn.pupoo.local/gallery/067/original.jpg', 'https://cdn.pupoo.local/gallery/067/thumb.jpg', 1, 'webp', 670000, '2026-05-07 12:00:00'),
(68, 68, 'https://cdn.pupoo.local/gallery/068/original.jpg', 'https://cdn.pupoo.local/gallery/068/thumb.jpg', 1, 'tiff', 680000, '2026-05-08 12:00:00'),
(69, 69, 'https://cdn.pupoo.local/gallery/069/original.jpg', 'https://cdn.pupoo.local/gallery/069/thumb.jpg', 1, 'svg', 690000, '2026-05-09 12:00:00'),
(70, 70, 'https://cdn.pupoo.local/gallery/070/original.jpg', 'https://cdn.pupoo.local/gallery/070/thumb.jpg', 1, 'jpeg', 700000, '2026-05-10 12:00:00'),
(71, 71, 'https://cdn.pupoo.local/gallery/071/original.jpg', 'https://cdn.pupoo.local/gallery/071/thumb.jpg', 1, 'jpg', 710000, '2026-05-11 12:00:00'),
(72, 72, 'https://cdn.pupoo.local/gallery/072/original.jpg', 'https://cdn.pupoo.local/gallery/072/thumb.jpg', 1, 'png', 720000, '2026-05-12 12:00:00'),
(73, 73, 'https://cdn.pupoo.local/gallery/073/original.jpg', 'https://cdn.pupoo.local/gallery/073/thumb.jpg', 1, 'gif', 730000, '2026-05-13 12:00:00'),
(74, 74, 'https://cdn.pupoo.local/gallery/074/original.jpg', 'https://cdn.pupoo.local/gallery/074/thumb.jpg', 1, 'webp', 740000, '2026-05-14 12:00:00'),
(75, 75, 'https://cdn.pupoo.local/gallery/075/original.jpg', 'https://cdn.pupoo.local/gallery/075/thumb.jpg', 1, 'tiff', 750000, '2026-05-15 12:00:00'),
(76, 76, 'https://cdn.pupoo.local/gallery/076/original.jpg', 'https://cdn.pupoo.local/gallery/076/thumb.jpg', 1, 'svg', 760000, '2026-05-16 12:00:00'),
(77, 77, 'https://cdn.pupoo.local/gallery/077/original.jpg', 'https://cdn.pupoo.local/gallery/077/thumb.jpg', 1, 'jpeg', 770000, '2026-05-17 12:00:00'),
(78, 78, 'https://cdn.pupoo.local/gallery/078/original.jpg', 'https://cdn.pupoo.local/gallery/078/thumb.jpg', 1, 'jpg', 780000, '2026-05-18 12:00:00'),
(79, 79, 'https://cdn.pupoo.local/gallery/079/original.jpg', 'https://cdn.pupoo.local/gallery/079/thumb.jpg', 1, 'png', 790000, '2026-05-19 12:00:00'),
(80, 80, 'https://cdn.pupoo.local/gallery/080/original.jpg', 'https://cdn.pupoo.local/gallery/080/thumb.jpg', 1, 'gif', 800000, '2026-05-20 12:00:00'),
(81, 81, 'https://cdn.pupoo.local/gallery/081/original.jpg', 'https://cdn.pupoo.local/gallery/081/thumb.jpg', 1, 'webp', 810000, '2026-05-21 12:00:00'),
(82, 82, 'https://cdn.pupoo.local/gallery/082/original.jpg', 'https://cdn.pupoo.local/gallery/082/thumb.jpg', 1, 'tiff', 820000, '2026-05-22 12:00:00'),
(83, 83, 'https://cdn.pupoo.local/gallery/083/original.jpg', 'https://cdn.pupoo.local/gallery/083/thumb.jpg', 1, 'svg', 830000, '2026-05-23 12:00:00'),
(84, 84, 'https://cdn.pupoo.local/gallery/084/original.jpg', 'https://cdn.pupoo.local/gallery/084/thumb.jpg', 1, 'jpeg', 840000, '2026-05-24 12:00:00'),
(85, 85, 'https://cdn.pupoo.local/gallery/085/original.jpg', 'https://cdn.pupoo.local/gallery/085/thumb.jpg', 1, 'jpg', 850000, '2026-05-25 12:00:00'),
(86, 86, 'https://cdn.pupoo.local/gallery/086/original.jpg', 'https://cdn.pupoo.local/gallery/086/thumb.jpg', 1, 'png', 860000, '2026-05-26 12:00:00'),
(87, 87, 'https://cdn.pupoo.local/gallery/087/original.jpg', 'https://cdn.pupoo.local/gallery/087/thumb.jpg', 1, 'gif', 870000, '2026-05-27 12:00:00'),
(88, 88, 'https://cdn.pupoo.local/gallery/088/original.jpg', 'https://cdn.pupoo.local/gallery/088/thumb.jpg', 1, 'webp', 880000, '2026-05-28 12:00:00'),
(89, 89, 'https://cdn.pupoo.local/gallery/089/original.jpg', 'https://cdn.pupoo.local/gallery/089/thumb.jpg', 1, 'tiff', 890000, '2026-05-29 12:00:00'),
(90, 90, 'https://cdn.pupoo.local/gallery/090/original.jpg', 'https://cdn.pupoo.local/gallery/090/thumb.jpg', 1, 'svg', 900000, '2026-05-30 12:00:00'),
(91, 91, 'https://cdn.pupoo.local/gallery/091/original.jpg', 'https://cdn.pupoo.local/gallery/091/thumb.jpg', 1, 'jpeg', 910000, '2026-05-31 12:00:00'),
(92, 92, 'https://cdn.pupoo.local/gallery/092/original.jpg', 'https://cdn.pupoo.local/gallery/092/thumb.jpg', 1, 'jpg', 920000, '2026-06-01 12:00:00'),
(93, 93, 'https://cdn.pupoo.local/gallery/093/original.jpg', 'https://cdn.pupoo.local/gallery/093/thumb.jpg', 1, 'png', 930000, '2026-06-02 12:00:00'),
(94, 94, 'https://cdn.pupoo.local/gallery/094/original.jpg', 'https://cdn.pupoo.local/gallery/094/thumb.jpg', 1, 'gif', 940000, '2026-06-03 12:00:00'),
(95, 95, 'https://cdn.pupoo.local/gallery/095/original.jpg', 'https://cdn.pupoo.local/gallery/095/thumb.jpg', 1, 'webp', 950000, '2026-06-04 12:00:00'),
(96, 96, 'https://cdn.pupoo.local/gallery/096/original.jpg', 'https://cdn.pupoo.local/gallery/096/thumb.jpg', 1, 'tiff', 960000, '2026-06-05 12:00:00'),
(97, 97, 'https://cdn.pupoo.local/gallery/097/original.jpg', 'https://cdn.pupoo.local/gallery/097/thumb.jpg', 1, 'svg', 970000, '2026-06-06 12:00:00'),
(98, 98, 'https://cdn.pupoo.local/gallery/098/original.jpg', 'https://cdn.pupoo.local/gallery/098/thumb.jpg', 1, 'jpeg', 980000, '2026-06-07 12:00:00'),
(99, 99, 'https://cdn.pupoo.local/gallery/099/original.jpg', 'https://cdn.pupoo.local/gallery/099/thumb.jpg', 1, 'jpg', 990000, '2026-06-08 12:00:00'),
(100, 100, 'https://cdn.pupoo.local/gallery/100/original.jpg', 'https://cdn.pupoo.local/gallery/100/thumb.jpg', 1, 'png', 1000000, '2026-06-09 12:00:00');

-- galleries.thumbnail_image_id 세팅(각 갤러리당 1장)
UPDATE galleries g SET g.thumbnail_image_id = g.gallery_id;

-- gallery_likes
INSERT INTO gallery_likes (like_id, gallery_id, user_id, created_at) VALUES
(1, 1, 1, '2026-03-03 09:00:00'),
(2, 2, 2, '2026-03-04 09:00:00'),
(3, 3, 3, '2026-03-05 09:00:00'),
(4, 4, 4, '2026-03-06 09:00:00'),
(5, 5, 5, '2026-03-07 09:00:00'),
(6, 6, 6, '2026-03-08 09:00:00'),
(7, 7, 7, '2026-03-09 09:00:00'),
(8, 8, 8, '2026-03-10 09:00:00'),
(9, 9, 9, '2026-03-11 09:00:00'),
(10, 10, 10, '2026-03-12 09:00:00'),
(11, 11, 11, '2026-03-13 09:00:00'),
(12, 12, 12, '2026-03-14 09:00:00'),
(13, 13, 13, '2026-03-15 09:00:00'),
(14, 14, 14, '2026-03-16 09:00:00'),
(15, 15, 15, '2026-03-17 09:00:00'),
(16, 16, 16, '2026-03-18 09:00:00'),
(17, 17, 17, '2026-03-19 09:00:00'),
(18, 18, 18, '2026-03-20 09:00:00'),
(19, 19, 19, '2026-03-21 09:00:00'),
(20, 20, 20, '2026-03-22 09:00:00'),
(21, 21, 21, '2026-03-23 09:00:00'),
(22, 22, 22, '2026-03-24 09:00:00'),
(23, 23, 23, '2026-03-25 09:00:00'),
(24, 24, 24, '2026-03-26 09:00:00'),
(25, 25, 25, '2026-03-27 09:00:00'),
(26, 26, 26, '2026-03-28 09:00:00'),
(27, 27, 27, '2026-03-29 09:00:00'),
(28, 28, 28, '2026-03-30 09:00:00'),
(29, 29, 29, '2026-03-31 09:00:00'),
(30, 30, 30, '2026-04-01 09:00:00'),
(31, 31, 31, '2026-04-02 09:00:00'),
(32, 32, 32, '2026-04-03 09:00:00'),
(33, 33, 33, '2026-04-04 09:00:00'),
(34, 34, 34, '2026-04-05 09:00:00'),
(35, 35, 35, '2026-04-06 09:00:00'),
(36, 36, 36, '2026-04-07 09:00:00'),
(37, 37, 37, '2026-04-08 09:00:00'),
(38, 38, 38, '2026-04-09 09:00:00'),
(39, 39, 39, '2026-04-10 09:00:00'),
(40, 40, 40, '2026-04-11 09:00:00'),
(41, 41, 41, '2026-04-12 09:00:00'),
(42, 42, 42, '2026-04-13 09:00:00'),
(43, 43, 43, '2026-04-14 09:00:00'),
(44, 44, 44, '2026-04-15 09:00:00'),
(45, 45, 45, '2026-04-16 09:00:00'),
(46, 46, 46, '2026-04-17 09:00:00'),
(47, 47, 47, '2026-04-18 09:00:00'),
(48, 48, 48, '2026-04-19 09:00:00'),
(49, 49, 49, '2026-04-20 09:00:00'),
(50, 50, 50, '2026-04-21 09:00:00'),
(51, 51, 51, '2026-04-22 09:00:00'),
(52, 52, 52, '2026-04-23 09:00:00'),
(53, 53, 53, '2026-04-24 09:00:00'),
(54, 54, 54, '2026-04-25 09:00:00'),
(55, 55, 55, '2026-04-26 09:00:00'),
(56, 56, 56, '2026-04-27 09:00:00'),
(57, 57, 57, '2026-04-28 09:00:00'),
(58, 58, 58, '2026-04-29 09:00:00'),
(59, 59, 59, '2026-04-30 09:00:00'),
(60, 60, 60, '2026-05-01 09:00:00'),
(61, 61, 61, '2026-05-02 09:00:00'),
(62, 62, 62, '2026-05-03 09:00:00'),
(63, 63, 63, '2026-05-04 09:00:00'),
(64, 64, 64, '2026-05-05 09:00:00'),
(65, 65, 65, '2026-05-06 09:00:00'),
(66, 66, 66, '2026-05-07 09:00:00'),
(67, 67, 67, '2026-05-08 09:00:00'),
(68, 68, 68, '2026-05-09 09:00:00'),
(69, 69, 69, '2026-05-10 09:00:00'),
(70, 70, 70, '2026-05-11 09:00:00'),
(71, 71, 71, '2026-05-12 09:00:00'),
(72, 72, 72, '2026-05-13 09:00:00'),
(73, 73, 73, '2026-05-14 09:00:00'),
(74, 74, 74, '2026-05-15 09:00:00'),
(75, 75, 75, '2026-05-16 09:00:00'),
(76, 76, 76, '2026-05-17 09:00:00'),
(77, 77, 77, '2026-05-18 09:00:00'),
(78, 78, 78, '2026-05-19 09:00:00'),
(79, 79, 79, '2026-05-20 09:00:00'),
(80, 80, 80, '2026-05-21 09:00:00'),
(81, 81, 81, '2026-05-22 09:00:00'),
(82, 82, 82, '2026-05-23 09:00:00'),
(83, 83, 83, '2026-05-24 09:00:00'),
(84, 84, 84, '2026-05-25 09:00:00'),
(85, 85, 85, '2026-05-26 09:00:00'),
(86, 86, 86, '2026-05-27 09:00:00'),
(87, 87, 87, '2026-05-28 09:00:00'),
(88, 88, 88, '2026-05-29 09:00:00'),
(89, 89, 89, '2026-05-30 09:00:00'),
(90, 90, 90, '2026-05-31 09:00:00'),
(91, 91, 91, '2026-06-01 09:00:00'),
(92, 92, 92, '2026-06-02 09:00:00'),
(93, 93, 93, '2026-06-03 09:00:00'),
(94, 94, 94, '2026-06-04 09:00:00'),
(95, 95, 95, '2026-06-05 09:00:00'),
(96, 96, 96, '2026-06-06 09:00:00'),
(97, 97, 97, '2026-06-07 09:00:00'),
(98, 98, 98, '2026-06-08 09:00:00'),
(99, 99, 99, '2026-06-09 09:00:00'),
(100, 100, 100, '2026-06-10 09:00:00');

-- notices
INSERT INTO notices (notice_id, scope, event_id, notice_title, content, file_attached, is_pinned, status, created_by_admin_id, created_at, updated_at) VALUES
(1, 'ALL', NULL, '공지 001: 운영 안내', '공지 내용 001 - 입장/안전/주차/일정 변경', 'N', 0, 'PUBLISHED', 1, '2026-02-21 09:00:00', '2026-02-21 09:00:00'),
(2, 'EVENT', 2, '공지 002: 운영 안내', '공지 내용 002 - 입장/안전/주차/일정 변경', 'N', 0, 'PUBLISHED', 1, '2026-02-22 09:00:00', '2026-02-22 09:00:00'),
(3, 'ALL', NULL, '공지 003: 운영 안내', '공지 내용 003 - 입장/안전/주차/일정 변경', 'N', 0, 'PUBLISHED', 1, '2026-02-23 09:00:00', '2026-02-23 09:00:00'),
(4, 'EVENT', 4, '공지 004: 운영 안내', '공지 내용 004 - 입장/안전/주차/일정 변경', 'N', 0, 'PUBLISHED', 1, '2026-02-24 09:00:00', '2026-02-24 09:00:00'),
(5, 'ALL', NULL, '공지 005: 운영 안내', '공지 내용 005 - 입장/안전/주차/일정 변경', 'N', 0, 'PUBLISHED', 1, '2026-02-25 09:00:00', '2026-02-25 09:00:00'),
(6, 'EVENT', 6, '공지 006: 운영 안내', '공지 내용 006 - 입장/안전/주차/일정 변경', 'N', 0, 'PUBLISHED', 1, '2026-02-26 09:00:00', '2026-02-26 09:00:00'),
(7, 'ALL', NULL, '공지 007: 운영 안내', '공지 내용 007 - 입장/안전/주차/일정 변경', 'N', 0, 'PUBLISHED', 1, '2026-02-27 09:00:00', '2026-02-27 09:00:00'),
(8, 'EVENT', 8, '공지 008: 운영 안내', '공지 내용 008 - 입장/안전/주차/일정 변경', 'N', 0, 'PUBLISHED', 1, '2026-02-28 09:00:00', '2026-02-28 09:00:00'),
(9, 'ALL', NULL, '공지 009: 운영 안내', '공지 내용 009 - 입장/안전/주차/일정 변경', 'N', 0, 'PUBLISHED', 1, '2026-03-01 09:00:00', '2026-03-01 09:00:00'),
(10, 'EVENT', 10, '공지 010: 운영 안내', '공지 내용 010 - 입장/안전/주차/일정 변경', 'N', 1, 'PUBLISHED', 1, '2026-03-02 09:00:00', '2026-03-02 09:00:00'),
(11, 'ALL', NULL, '공지 011: 운영 안내', '공지 내용 011 - 입장/안전/주차/일정 변경', 'N', 0, 'PUBLISHED', 1, '2026-03-03 09:00:00', '2026-03-03 09:00:00'),
(12, 'EVENT', 12, '공지 012: 운영 안내', '공지 내용 012 - 입장/안전/주차/일정 변경', 'N', 0, 'PUBLISHED', 1, '2026-03-04 09:00:00', '2026-03-04 09:00:00'),
(13, 'ALL', NULL, '공지 013: 운영 안내', '공지 내용 013 - 입장/안전/주차/일정 변경', 'N', 0, 'PUBLISHED', 1, '2026-03-05 09:00:00', '2026-03-05 09:00:00'),
(14, 'EVENT', 14, '공지 014: 운영 안내', '공지 내용 014 - 입장/안전/주차/일정 변경', 'N', 0, 'PUBLISHED', 1, '2026-03-06 09:00:00', '2026-03-06 09:00:00'),
(15, 'ALL', NULL, '공지 015: 운영 안내', '공지 내용 015 - 입장/안전/주차/일정 변경', 'N', 0, 'PUBLISHED', 1, '2026-03-07 09:00:00', '2026-03-07 09:00:00'),
(16, 'EVENT', 16, '공지 016: 운영 안내', '공지 내용 016 - 입장/안전/주차/일정 변경', 'N', 0, 'PUBLISHED', 1, '2026-03-08 09:00:00', '2026-03-08 09:00:00'),
(17, 'ALL', NULL, '공지 017: 운영 안내', '공지 내용 017 - 입장/안전/주차/일정 변경', 'N', 0, 'PUBLISHED', 1, '2026-03-09 09:00:00', '2026-03-09 09:00:00'),
(18, 'EVENT', 18, '공지 018: 운영 안내', '공지 내용 018 - 입장/안전/주차/일정 변경', 'N', 0, 'PUBLISHED', 1, '2026-03-10 09:00:00', '2026-03-10 09:00:00'),
(19, 'ALL', NULL, '공지 019: 운영 안내', '공지 내용 019 - 입장/안전/주차/일정 변경', 'N', 0, 'PUBLISHED', 1, '2026-03-11 09:00:00', '2026-03-11 09:00:00'),
(20, 'EVENT', 20, '공지 020: 운영 안내', '공지 내용 020 - 입장/안전/주차/일정 변경', 'N', 1, 'PUBLISHED', 1, '2026-03-12 09:00:00', '2026-03-12 09:00:00'),
(21, 'ALL', NULL, '공지 021: 운영 안내', '공지 내용 021 - 입장/안전/주차/일정 변경', 'N', 0, 'PUBLISHED', 1, '2026-03-13 09:00:00', '2026-03-13 09:00:00'),
(22, 'EVENT', 22, '공지 022: 운영 안내', '공지 내용 022 - 입장/안전/주차/일정 변경', 'N', 0, 'PUBLISHED', 1, '2026-03-14 09:00:00', '2026-03-14 09:00:00'),
(23, 'ALL', NULL, '공지 023: 운영 안내', '공지 내용 023 - 입장/안전/주차/일정 변경', 'N', 0, 'PUBLISHED', 1, '2026-03-15 09:00:00', '2026-03-15 09:00:00'),
(24, 'EVENT', 24, '공지 024: 운영 안내', '공지 내용 024 - 입장/안전/주차/일정 변경', 'N', 0, 'PUBLISHED', 1, '2026-03-16 09:00:00', '2026-03-16 09:00:00'),
(25, 'ALL', NULL, '공지 025: 운영 안내', '공지 내용 025 - 입장/안전/주차/일정 변경', 'N', 0, 'PUBLISHED', 1, '2026-03-17 09:00:00', '2026-03-17 09:00:00'),
(26, 'EVENT', 26, '공지 026: 운영 안내', '공지 내용 026 - 입장/안전/주차/일정 변경', 'N', 0, 'PUBLISHED', 1, '2026-03-18 09:00:00', '2026-03-18 09:00:00'),
(27, 'ALL', NULL, '공지 027: 운영 안내', '공지 내용 027 - 입장/안전/주차/일정 변경', 'N', 0, 'PUBLISHED', 1, '2026-03-19 09:00:00', '2026-03-19 09:00:00'),
(28, 'EVENT', 28, '공지 028: 운영 안내', '공지 내용 028 - 입장/안전/주차/일정 변경', 'N', 0, 'PUBLISHED', 1, '2026-03-20 09:00:00', '2026-03-20 09:00:00'),
(29, 'ALL', NULL, '공지 029: 운영 안내', '공지 내용 029 - 입장/안전/주차/일정 변경', 'N', 0, 'PUBLISHED', 1, '2026-03-21 09:00:00', '2026-03-21 09:00:00'),
(30, 'EVENT', 30, '공지 030: 운영 안내', '공지 내용 030 - 입장/안전/주차/일정 변경', 'N', 1, 'PUBLISHED', 1, '2026-03-22 09:00:00', '2026-03-22 09:00:00'),
(31, 'ALL', NULL, '공지 031: 운영 안내', '공지 내용 031 - 입장/안전/주차/일정 변경', 'N', 0, 'PUBLISHED', 1, '2026-03-23 09:00:00', '2026-03-23 09:00:00'),
(32, 'EVENT', 32, '공지 032: 운영 안내', '공지 내용 032 - 입장/안전/주차/일정 변경', 'N', 0, 'PUBLISHED', 1, '2026-03-24 09:00:00', '2026-03-24 09:00:00'),
(33, 'ALL', NULL, '공지 033: 운영 안내', '공지 내용 033 - 입장/안전/주차/일정 변경', 'N', 0, 'PUBLISHED', 1, '2026-03-25 09:00:00', '2026-03-25 09:00:00'),
(34, 'EVENT', 34, '공지 034: 운영 안내', '공지 내용 034 - 입장/안전/주차/일정 변경', 'N', 0, 'PUBLISHED', 1, '2026-03-26 09:00:00', '2026-03-26 09:00:00'),
(35, 'ALL', NULL, '공지 035: 운영 안내', '공지 내용 035 - 입장/안전/주차/일정 변경', 'N', 0, 'PUBLISHED', 1, '2026-03-27 09:00:00', '2026-03-27 09:00:00'),
(36, 'EVENT', 36, '공지 036: 운영 안내', '공지 내용 036 - 입장/안전/주차/일정 변경', 'N', 0, 'PUBLISHED', 1, '2026-03-28 09:00:00', '2026-03-28 09:00:00'),
(37, 'ALL', NULL, '공지 037: 운영 안내', '공지 내용 037 - 입장/안전/주차/일정 변경', 'N', 0, 'PUBLISHED', 1, '2026-03-29 09:00:00', '2026-03-29 09:00:00'),
(38, 'EVENT', 38, '공지 038: 운영 안내', '공지 내용 038 - 입장/안전/주차/일정 변경', 'N', 0, 'PUBLISHED', 1, '2026-03-30 09:00:00', '2026-03-30 09:00:00'),
(39, 'ALL', NULL, '공지 039: 운영 안내', '공지 내용 039 - 입장/안전/주차/일정 변경', 'N', 0, 'PUBLISHED', 1, '2026-03-31 09:00:00', '2026-03-31 09:00:00'),
(40, 'EVENT', 40, '공지 040: 운영 안내', '공지 내용 040 - 입장/안전/주차/일정 변경', 'N', 1, 'PUBLISHED', 1, '2026-04-01 09:00:00', '2026-04-01 09:00:00'),
(41, 'ALL', NULL, '공지 041: 운영 안내', '공지 내용 041 - 입장/안전/주차/일정 변경', 'N', 0, 'PUBLISHED', 1, '2026-04-02 09:00:00', '2026-04-02 09:00:00'),
(42, 'EVENT', 42, '공지 042: 운영 안내', '공지 내용 042 - 입장/안전/주차/일정 변경', 'N', 0, 'PUBLISHED', 1, '2026-04-03 09:00:00', '2026-04-03 09:00:00'),
(43, 'ALL', NULL, '공지 043: 운영 안내', '공지 내용 043 - 입장/안전/주차/일정 변경', 'N', 0, 'PUBLISHED', 1, '2026-04-04 09:00:00', '2026-04-04 09:00:00'),
(44, 'EVENT', 44, '공지 044: 운영 안내', '공지 내용 044 - 입장/안전/주차/일정 변경', 'N', 0, 'PUBLISHED', 1, '2026-04-05 09:00:00', '2026-04-05 09:00:00'),
(45, 'ALL', NULL, '공지 045: 운영 안내', '공지 내용 045 - 입장/안전/주차/일정 변경', 'N', 0, 'PUBLISHED', 1, '2026-04-06 09:00:00', '2026-04-06 09:00:00'),
(46, 'EVENT', 46, '공지 046: 운영 안내', '공지 내용 046 - 입장/안전/주차/일정 변경', 'N', 0, 'PUBLISHED', 1, '2026-04-07 09:00:00', '2026-04-07 09:00:00'),
(47, 'ALL', NULL, '공지 047: 운영 안내', '공지 내용 047 - 입장/안전/주차/일정 변경', 'N', 0, 'PUBLISHED', 1, '2026-04-08 09:00:00', '2026-04-08 09:00:00'),
(48, 'EVENT', 48, '공지 048: 운영 안내', '공지 내용 048 - 입장/안전/주차/일정 변경', 'N', 0, 'PUBLISHED', 1, '2026-04-09 09:00:00', '2026-04-09 09:00:00'),
(49, 'ALL', NULL, '공지 049: 운영 안내', '공지 내용 049 - 입장/안전/주차/일정 변경', 'N', 0, 'PUBLISHED', 1, '2026-04-10 09:00:00', '2026-04-10 09:00:00'),
(50, 'EVENT', 50, '공지 050: 운영 안내', '공지 내용 050 - 입장/안전/주차/일정 변경', 'N', 1, 'PUBLISHED', 1, '2026-04-11 09:00:00', '2026-04-11 09:00:00'),
(51, 'ALL', NULL, '공지 051: 운영 안내', '공지 내용 051 - 입장/안전/주차/일정 변경', 'N', 0, 'PUBLISHED', 1, '2026-04-12 09:00:00', '2026-04-12 09:00:00'),
(52, 'EVENT', 52, '공지 052: 운영 안내', '공지 내용 052 - 입장/안전/주차/일정 변경', 'N', 0, 'PUBLISHED', 1, '2026-04-13 09:00:00', '2026-04-13 09:00:00'),
(53, 'ALL', NULL, '공지 053: 운영 안내', '공지 내용 053 - 입장/안전/주차/일정 변경', 'N', 0, 'PUBLISHED', 1, '2026-04-14 09:00:00', '2026-04-14 09:00:00'),
(54, 'EVENT', 54, '공지 054: 운영 안내', '공지 내용 054 - 입장/안전/주차/일정 변경', 'N', 0, 'PUBLISHED', 1, '2026-04-15 09:00:00', '2026-04-15 09:00:00'),
(55, 'ALL', NULL, '공지 055: 운영 안내', '공지 내용 055 - 입장/안전/주차/일정 변경', 'N', 0, 'PUBLISHED', 1, '2026-04-16 09:00:00', '2026-04-16 09:00:00'),
(56, 'EVENT', 56, '공지 056: 운영 안내', '공지 내용 056 - 입장/안전/주차/일정 변경', 'N', 0, 'PUBLISHED', 1, '2026-04-17 09:00:00', '2026-04-17 09:00:00'),
(57, 'ALL', NULL, '공지 057: 운영 안내', '공지 내용 057 - 입장/안전/주차/일정 변경', 'N', 0, 'PUBLISHED', 1, '2026-04-18 09:00:00', '2026-04-18 09:00:00'),
(58, 'EVENT', 58, '공지 058: 운영 안내', '공지 내용 058 - 입장/안전/주차/일정 변경', 'N', 0, 'PUBLISHED', 1, '2026-04-19 09:00:00', '2026-04-19 09:00:00'),
(59, 'ALL', NULL, '공지 059: 운영 안내', '공지 내용 059 - 입장/안전/주차/일정 변경', 'N', 0, 'PUBLISHED', 1, '2026-04-20 09:00:00', '2026-04-20 09:00:00'),
(60, 'EVENT', 60, '공지 060: 운영 안내', '공지 내용 060 - 입장/안전/주차/일정 변경', 'N', 1, 'PUBLISHED', 1, '2026-04-21 09:00:00', '2026-04-21 09:00:00'),
(61, 'ALL', NULL, '공지 061: 운영 안내', '공지 내용 061 - 입장/안전/주차/일정 변경', 'N', 0, 'PUBLISHED', 1, '2026-04-22 09:00:00', '2026-04-22 09:00:00'),
(62, 'EVENT', 62, '공지 062: 운영 안내', '공지 내용 062 - 입장/안전/주차/일정 변경', 'N', 0, 'PUBLISHED', 1, '2026-04-23 09:00:00', '2026-04-23 09:00:00'),
(63, 'ALL', NULL, '공지 063: 운영 안내', '공지 내용 063 - 입장/안전/주차/일정 변경', 'N', 0, 'PUBLISHED', 1, '2026-04-24 09:00:00', '2026-04-24 09:00:00'),
(64, 'EVENT', 64, '공지 064: 운영 안내', '공지 내용 064 - 입장/안전/주차/일정 변경', 'N', 0, 'PUBLISHED', 1, '2026-04-25 09:00:00', '2026-04-25 09:00:00'),
(65, 'ALL', NULL, '공지 065: 운영 안내', '공지 내용 065 - 입장/안전/주차/일정 변경', 'N', 0, 'PUBLISHED', 1, '2026-04-26 09:00:00', '2026-04-26 09:00:00'),
(66, 'EVENT', 66, '공지 066: 운영 안내', '공지 내용 066 - 입장/안전/주차/일정 변경', 'N', 0, 'PUBLISHED', 1, '2026-04-27 09:00:00', '2026-04-27 09:00:00'),
(67, 'ALL', NULL, '공지 067: 운영 안내', '공지 내용 067 - 입장/안전/주차/일정 변경', 'N', 0, 'PUBLISHED', 1, '2026-04-28 09:00:00', '2026-04-28 09:00:00'),
(68, 'EVENT', 68, '공지 068: 운영 안내', '공지 내용 068 - 입장/안전/주차/일정 변경', 'N', 0, 'PUBLISHED', 1, '2026-04-29 09:00:00', '2026-04-29 09:00:00'),
(69, 'ALL', NULL, '공지 069: 운영 안내', '공지 내용 069 - 입장/안전/주차/일정 변경', 'N', 0, 'PUBLISHED', 1, '2026-04-30 09:00:00', '2026-04-30 09:00:00'),
(70, 'EVENT', 70, '공지 070: 운영 안내', '공지 내용 070 - 입장/안전/주차/일정 변경', 'N', 1, 'PUBLISHED', 1, '2026-05-01 09:00:00', '2026-05-01 09:00:00'),
(71, 'ALL', NULL, '공지 071: 운영 안내', '공지 내용 071 - 입장/안전/주차/일정 변경', 'N', 0, 'PUBLISHED', 1, '2026-05-02 09:00:00', '2026-05-02 09:00:00'),
(72, 'EVENT', 72, '공지 072: 운영 안내', '공지 내용 072 - 입장/안전/주차/일정 변경', 'N', 0, 'PUBLISHED', 1, '2026-05-03 09:00:00', '2026-05-03 09:00:00'),
(73, 'ALL', NULL, '공지 073: 운영 안내', '공지 내용 073 - 입장/안전/주차/일정 변경', 'N', 0, 'PUBLISHED', 1, '2026-05-04 09:00:00', '2026-05-04 09:00:00'),
(74, 'EVENT', 74, '공지 074: 운영 안내', '공지 내용 074 - 입장/안전/주차/일정 변경', 'N', 0, 'PUBLISHED', 1, '2026-05-05 09:00:00', '2026-05-05 09:00:00'),
(75, 'ALL', NULL, '공지 075: 운영 안내', '공지 내용 075 - 입장/안전/주차/일정 변경', 'N', 0, 'PUBLISHED', 1, '2026-05-06 09:00:00', '2026-05-06 09:00:00'),
(76, 'EVENT', 76, '공지 076: 운영 안내', '공지 내용 076 - 입장/안전/주차/일정 변경', 'N', 0, 'PUBLISHED', 1, '2026-05-07 09:00:00', '2026-05-07 09:00:00'),
(77, 'ALL', NULL, '공지 077: 운영 안내', '공지 내용 077 - 입장/안전/주차/일정 변경', 'N', 0, 'PUBLISHED', 1, '2026-05-08 09:00:00', '2026-05-08 09:00:00'),
(78, 'EVENT', 78, '공지 078: 운영 안내', '공지 내용 078 - 입장/안전/주차/일정 변경', 'N', 0, 'PUBLISHED', 1, '2026-05-09 09:00:00', '2026-05-09 09:00:00'),
(79, 'ALL', NULL, '공지 079: 운영 안내', '공지 내용 079 - 입장/안전/주차/일정 변경', 'N', 0, 'PUBLISHED', 1, '2026-05-10 09:00:00', '2026-05-10 09:00:00'),
(80, 'EVENT', 80, '공지 080: 운영 안내', '공지 내용 080 - 입장/안전/주차/일정 변경', 'N', 1, 'PUBLISHED', 1, '2026-05-11 09:00:00', '2026-05-11 09:00:00'),
(81, 'ALL', NULL, '공지 081: 운영 안내', '공지 내용 081 - 입장/안전/주차/일정 변경', 'N', 0, 'PUBLISHED', 1, '2026-05-12 09:00:00', '2026-05-12 09:00:00'),
(82, 'EVENT', 82, '공지 082: 운영 안내', '공지 내용 082 - 입장/안전/주차/일정 변경', 'N', 0, 'PUBLISHED', 1, '2026-05-13 09:00:00', '2026-05-13 09:00:00'),
(83, 'ALL', NULL, '공지 083: 운영 안내', '공지 내용 083 - 입장/안전/주차/일정 변경', 'N', 0, 'PUBLISHED', 1, '2026-05-14 09:00:00', '2026-05-14 09:00:00'),
(84, 'EVENT', 84, '공지 084: 운영 안내', '공지 내용 084 - 입장/안전/주차/일정 변경', 'N', 0, 'PUBLISHED', 1, '2026-05-15 09:00:00', '2026-05-15 09:00:00'),
(85, 'ALL', NULL, '공지 085: 운영 안내', '공지 내용 085 - 입장/안전/주차/일정 변경', 'N', 0, 'PUBLISHED', 1, '2026-05-16 09:00:00', '2026-05-16 09:00:00'),
(86, 'EVENT', 86, '공지 086: 운영 안내', '공지 내용 086 - 입장/안전/주차/일정 변경', 'N', 0, 'PUBLISHED', 1, '2026-05-17 09:00:00', '2026-05-17 09:00:00'),
(87, 'ALL', NULL, '공지 087: 운영 안내', '공지 내용 087 - 입장/안전/주차/일정 변경', 'N', 0, 'PUBLISHED', 1, '2026-05-18 09:00:00', '2026-05-18 09:00:00'),
(88, 'EVENT', 88, '공지 088: 운영 안내', '공지 내용 088 - 입장/안전/주차/일정 변경', 'N', 0, 'PUBLISHED', 1, '2026-05-19 09:00:00', '2026-05-19 09:00:00'),
(89, 'ALL', NULL, '공지 089: 운영 안내', '공지 내용 089 - 입장/안전/주차/일정 변경', 'N', 0, 'PUBLISHED', 1, '2026-05-20 09:00:00', '2026-05-20 09:00:00'),
(90, 'EVENT', 90, '공지 090: 운영 안내', '공지 내용 090 - 입장/안전/주차/일정 변경', 'N', 1, 'PUBLISHED', 1, '2026-05-21 09:00:00', '2026-05-21 09:00:00'),
(91, 'ALL', NULL, '공지 091: 운영 안내', '공지 내용 091 - 입장/안전/주차/일정 변경', 'N', 0, 'PUBLISHED', 1, '2026-05-22 09:00:00', '2026-05-22 09:00:00'),
(92, 'EVENT', 92, '공지 092: 운영 안내', '공지 내용 092 - 입장/안전/주차/일정 변경', 'N', 0, 'PUBLISHED', 1, '2026-05-23 09:00:00', '2026-05-23 09:00:00'),
(93, 'ALL', NULL, '공지 093: 운영 안내', '공지 내용 093 - 입장/안전/주차/일정 변경', 'N', 0, 'PUBLISHED', 1, '2026-05-24 09:00:00', '2026-05-24 09:00:00'),
(94, 'EVENT', 94, '공지 094: 운영 안내', '공지 내용 094 - 입장/안전/주차/일정 변경', 'N', 0, 'PUBLISHED', 1, '2026-05-25 09:00:00', '2026-05-25 09:00:00'),
(95, 'ALL', NULL, '공지 095: 운영 안내', '공지 내용 095 - 입장/안전/주차/일정 변경', 'N', 0, 'PUBLISHED', 1, '2026-05-26 09:00:00', '2026-05-26 09:00:00'),
(96, 'EVENT', 96, '공지 096: 운영 안내', '공지 내용 096 - 입장/안전/주차/일정 변경', 'N', 0, 'PUBLISHED', 1, '2026-05-27 09:00:00', '2026-05-27 09:00:00'),
(97, 'ALL', NULL, '공지 097: 운영 안내', '공지 내용 097 - 입장/안전/주차/일정 변경', 'N', 0, 'PUBLISHED', 1, '2026-05-28 09:00:00', '2026-05-28 09:00:00'),
(98, 'EVENT', 98, '공지 098: 운영 안내', '공지 내용 098 - 입장/안전/주차/일정 변경', 'N', 0, 'PUBLISHED', 1, '2026-05-29 09:00:00', '2026-05-29 09:00:00'),
(99, 'ALL', NULL, '공지 099: 운영 안내', '공지 내용 099 - 입장/안전/주차/일정 변경', 'N', 0, 'PUBLISHED', 1, '2026-05-30 09:00:00', '2026-05-30 09:00:00'),
(100, 'EVENT', 100, '공지 100: 운영 안내', '공지 내용 100 - 입장/안전/주차/일정 변경', 'N', 1, 'PUBLISHED', 1, '2026-05-31 09:00:00', '2026-05-31 09:00:00');

-- boards
INSERT INTO boards (board_id, board_name, board_type, is_active, created_at) VALUES
(1, '게시판 001', 'INFO', 1, '2026-01-02 00:00:00'),
(2, '게시판 002', 'REVIEW', 1, '2026-01-03 00:00:00'),
(3, '게시판 003', 'QNA', 1, '2026-01-04 00:00:00'),
(4, '게시판 004', 'FAQ', 1, '2026-01-05 00:00:00'),
(5, '게시판 005', 'FREE', 1, '2026-01-06 00:00:00'),
(6, '게시판 006', 'INFO', 1, '2026-01-07 00:00:00'),
(7, '게시판 007', 'REVIEW', 1, '2026-01-08 00:00:00'),
(8, '게시판 008', 'QNA', 1, '2026-01-09 00:00:00'),
(9, '게시판 009', 'FAQ', 1, '2026-01-10 00:00:00'),
(10, '게시판 010', 'FREE', 1, '2026-01-11 00:00:00'),
(11, '게시판 011', 'INFO', 1, '2026-01-12 00:00:00'),
(12, '게시판 012', 'REVIEW', 1, '2026-01-13 00:00:00'),
(13, '게시판 013', 'QNA', 1, '2026-01-14 00:00:00'),
(14, '게시판 014', 'FAQ', 1, '2026-01-15 00:00:00'),
(15, '게시판 015', 'FREE', 1, '2026-01-16 00:00:00'),
(16, '게시판 016', 'INFO', 1, '2026-01-17 00:00:00'),
(17, '게시판 017', 'REVIEW', 1, '2026-01-18 00:00:00'),
(18, '게시판 018', 'QNA', 1, '2026-01-19 00:00:00'),
(19, '게시판 019', 'FAQ', 1, '2026-01-20 00:00:00'),
(20, '게시판 020', 'FREE', 1, '2026-01-21 00:00:00'),
(21, '게시판 021', 'INFO', 1, '2026-01-22 00:00:00'),
(22, '게시판 022', 'REVIEW', 1, '2026-01-23 00:00:00'),
(23, '게시판 023', 'QNA', 1, '2026-01-24 00:00:00'),
(24, '게시판 024', 'FAQ', 1, '2026-01-25 00:00:00'),
(25, '게시판 025', 'FREE', 1, '2026-01-26 00:00:00'),
(26, '게시판 026', 'INFO', 1, '2026-01-27 00:00:00'),
(27, '게시판 027', 'REVIEW', 1, '2026-01-28 00:00:00'),
(28, '게시판 028', 'QNA', 1, '2026-01-29 00:00:00'),
(29, '게시판 029', 'FAQ', 1, '2026-01-30 00:00:00'),
(30, '게시판 030', 'FREE', 1, '2026-01-31 00:00:00'),
(31, '게시판 031', 'INFO', 1, '2026-02-01 00:00:00'),
(32, '게시판 032', 'REVIEW', 1, '2026-02-02 00:00:00'),
(33, '게시판 033', 'QNA', 1, '2026-02-03 00:00:00'),
(34, '게시판 034', 'FAQ', 1, '2026-02-04 00:00:00'),
(35, '게시판 035', 'FREE', 1, '2026-02-05 00:00:00'),
(36, '게시판 036', 'INFO', 1, '2026-02-06 00:00:00'),
(37, '게시판 037', 'REVIEW', 1, '2026-02-07 00:00:00'),
(38, '게시판 038', 'QNA', 1, '2026-02-08 00:00:00'),
(39, '게시판 039', 'FAQ', 1, '2026-02-09 00:00:00'),
(40, '게시판 040', 'FREE', 1, '2026-02-10 00:00:00'),
(41, '게시판 041', 'INFO', 1, '2026-02-11 00:00:00'),
(42, '게시판 042', 'REVIEW', 1, '2026-02-12 00:00:00'),
(43, '게시판 043', 'QNA', 1, '2026-02-13 00:00:00'),
(44, '게시판 044', 'FAQ', 1, '2026-02-14 00:00:00'),
(45, '게시판 045', 'FREE', 1, '2026-02-15 00:00:00'),
(46, '게시판 046', 'INFO', 1, '2026-02-16 00:00:00'),
(47, '게시판 047', 'REVIEW', 1, '2026-02-17 00:00:00'),
(48, '게시판 048', 'QNA', 1, '2026-02-18 00:00:00'),
(49, '게시판 049', 'FAQ', 1, '2026-02-19 00:00:00'),
(50, '게시판 050', 'FREE', 1, '2026-02-20 00:00:00'),
(51, '게시판 051', 'INFO', 1, '2026-02-21 00:00:00'),
(52, '게시판 052', 'REVIEW', 1, '2026-02-22 00:00:00'),
(53, '게시판 053', 'QNA', 1, '2026-02-23 00:00:00'),
(54, '게시판 054', 'FAQ', 1, '2026-02-24 00:00:00'),
(55, '게시판 055', 'FREE', 1, '2026-02-25 00:00:00'),
(56, '게시판 056', 'INFO', 1, '2026-02-26 00:00:00'),
(57, '게시판 057', 'REVIEW', 1, '2026-02-27 00:00:00'),
(58, '게시판 058', 'QNA', 1, '2026-02-28 00:00:00'),
(59, '게시판 059', 'FAQ', 1, '2026-03-01 00:00:00'),
(60, '게시판 060', 'FREE', 1, '2026-03-02 00:00:00'),
(61, '게시판 061', 'INFO', 1, '2026-03-03 00:00:00'),
(62, '게시판 062', 'REVIEW', 1, '2026-03-04 00:00:00'),
(63, '게시판 063', 'QNA', 1, '2026-03-05 00:00:00'),
(64, '게시판 064', 'FAQ', 1, '2026-03-06 00:00:00'),
(65, '게시판 065', 'FREE', 1, '2026-03-07 00:00:00'),
(66, '게시판 066', 'INFO', 1, '2026-03-08 00:00:00'),
(67, '게시판 067', 'REVIEW', 1, '2026-03-09 00:00:00'),
(68, '게시판 068', 'QNA', 1, '2026-03-10 00:00:00'),
(69, '게시판 069', 'FAQ', 1, '2026-03-11 00:00:00'),
(70, '게시판 070', 'FREE', 1, '2026-03-12 00:00:00'),
(71, '게시판 071', 'INFO', 1, '2026-03-13 00:00:00'),
(72, '게시판 072', 'REVIEW', 1, '2026-03-14 00:00:00'),
(73, '게시판 073', 'QNA', 1, '2026-03-15 00:00:00'),
(74, '게시판 074', 'FAQ', 1, '2026-03-16 00:00:00'),
(75, '게시판 075', 'FREE', 1, '2026-03-17 00:00:00'),
(76, '게시판 076', 'INFO', 1, '2026-03-18 00:00:00'),
(77, '게시판 077', 'REVIEW', 1, '2026-03-19 00:00:00'),
(78, '게시판 078', 'QNA', 1, '2026-03-20 00:00:00'),
(79, '게시판 079', 'FAQ', 1, '2026-03-21 00:00:00'),
(80, '게시판 080', 'FREE', 1, '2026-03-22 00:00:00'),
(81, '게시판 081', 'INFO', 1, '2026-03-23 00:00:00'),
(82, '게시판 082', 'REVIEW', 1, '2026-03-24 00:00:00'),
(83, '게시판 083', 'QNA', 1, '2026-03-25 00:00:00'),
(84, '게시판 084', 'FAQ', 1, '2026-03-26 00:00:00'),
(85, '게시판 085', 'FREE', 1, '2026-03-27 00:00:00'),
(86, '게시판 086', 'INFO', 1, '2026-03-28 00:00:00'),
(87, '게시판 087', 'REVIEW', 1, '2026-03-29 00:00:00'),
(88, '게시판 088', 'QNA', 1, '2026-03-30 00:00:00'),
(89, '게시판 089', 'FAQ', 1, '2026-03-31 00:00:00'),
(90, '게시판 090', 'FREE', 1, '2026-04-01 00:00:00'),
(91, '게시판 091', 'INFO', 1, '2026-04-02 00:00:00'),
(92, '게시판 092', 'REVIEW', 1, '2026-04-03 00:00:00'),
(93, '게시판 093', 'QNA', 1, '2026-04-04 00:00:00'),
(94, '게시판 094', 'FAQ', 1, '2026-04-05 00:00:00'),
(95, '게시판 095', 'FREE', 1, '2026-04-06 00:00:00'),
(96, '게시판 096', 'INFO', 1, '2026-04-07 00:00:00'),
(97, '게시판 097', 'REVIEW', 1, '2026-04-08 00:00:00'),
(98, '게시판 098', 'QNA', 1, '2026-04-09 00:00:00'),
(99, '게시판 099', 'FAQ', 1, '2026-04-10 00:00:00'),
(100, '게시판 100', 'FREE', 1, '2026-04-11 00:00:00');

-- posts
INSERT INTO posts (post_id, board_id, user_id, post_title, content, file_attached, status, view_count, created_at, updated_at, is_deleted, is_comment_enabled) VALUES
(1, 1, 2, '게시글 001: 후기/질문/팁', '본문 001 - 실제 사용자 톤(주차/대기/부스 추천/주의)', 'N', 'PUBLISHED', 7, '2026-02-11 12:00:00', '2026-02-11 12:00:00', 0, 1),
(2, 2, 3, '게시글 002: 후기/질문/팁', '본문 002 - 실제 사용자 톤(주차/대기/부스 추천/주의)', 'N', 'PUBLISHED', 14, '2026-02-12 12:00:00', '2026-02-12 12:00:00', 0, 1),
(3, 3, 4, '게시글 003: 후기/질문/팁', '본문 003 - 실제 사용자 톤(주차/대기/부스 추천/주의)', 'N', 'PUBLISHED', 21, '2026-02-13 12:00:00', '2026-02-13 12:00:00', 0, 1),
(4, 4, 5, '게시글 004: 후기/질문/팁', '본문 004 - 실제 사용자 톤(주차/대기/부스 추천/주의)', 'N', 'PUBLISHED', 28, '2026-02-14 12:00:00', '2026-02-14 12:00:00', 0, 1),
(5, 5, 6, '게시글 005: 후기/질문/팁', '본문 005 - 실제 사용자 톤(주차/대기/부스 추천/주의)', 'N', 'PUBLISHED', 35, '2026-02-15 12:00:00', '2026-02-15 12:00:00', 0, 1),
(6, 6, 7, '게시글 006: 후기/질문/팁', '본문 006 - 실제 사용자 톤(주차/대기/부스 추천/주의)', 'N', 'PUBLISHED', 42, '2026-02-16 12:00:00', '2026-02-16 12:00:00', 0, 1),
(7, 7, 8, '게시글 007: 후기/질문/팁', '본문 007 - 실제 사용자 톤(주차/대기/부스 추천/주의)', 'N', 'PUBLISHED', 49, '2026-02-17 12:00:00', '2026-02-17 12:00:00', 0, 1),
(8, 8, 9, '게시글 008: 후기/질문/팁', '본문 008 - 실제 사용자 톤(주차/대기/부스 추천/주의)', 'N', 'PUBLISHED', 56, '2026-02-18 12:00:00', '2026-02-18 12:00:00', 0, 1),
(9, 9, 10, '게시글 009: 후기/질문/팁', '본문 009 - 실제 사용자 톤(주차/대기/부스 추천/주의)', 'N', 'PUBLISHED', 63, '2026-02-19 12:00:00', '2026-02-19 12:00:00', 0, 1),
(10, 10, 11, '게시글 010: 후기/질문/팁', '본문 010 - 실제 사용자 톤(주차/대기/부스 추천/주의)', 'N', 'PUBLISHED', 70, '2026-02-20 12:00:00', '2026-02-20 12:00:00', 0, 1),
(11, 11, 12, '게시글 011: 후기/질문/팁', '본문 011 - 실제 사용자 톤(주차/대기/부스 추천/주의)', 'N', 'PUBLISHED', 77, '2026-02-21 12:00:00', '2026-02-21 12:00:00', 0, 1),
(12, 12, 13, '게시글 012: 후기/질문/팁', '본문 012 - 실제 사용자 톤(주차/대기/부스 추천/주의)', 'N', 'PUBLISHED', 84, '2026-02-22 12:00:00', '2026-02-22 12:00:00', 0, 1),
(13, 13, 14, '게시글 013: 후기/질문/팁', '본문 013 - 실제 사용자 톤(주차/대기/부스 추천/주의)', 'N', 'PUBLISHED', 91, '2026-02-23 12:00:00', '2026-02-23 12:00:00', 0, 1),
(14, 14, 15, '게시글 014: 후기/질문/팁', '본문 014 - 실제 사용자 톤(주차/대기/부스 추천/주의)', 'N', 'PUBLISHED', 98, '2026-02-24 12:00:00', '2026-02-24 12:00:00', 0, 1),
(15, 15, 16, '게시글 015: 후기/질문/팁', '본문 015 - 실제 사용자 톤(주차/대기/부스 추천/주의)', 'N', 'PUBLISHED', 105, '2026-02-25 12:00:00', '2026-02-25 12:00:00', 0, 1),
(16, 16, 17, '게시글 016: 후기/질문/팁', '본문 016 - 실제 사용자 톤(주차/대기/부스 추천/주의)', 'N', 'PUBLISHED', 112, '2026-02-26 12:00:00', '2026-02-26 12:00:00', 0, 1),
(17, 17, 18, '게시글 017: 후기/질문/팁', '본문 017 - 실제 사용자 톤(주차/대기/부스 추천/주의)', 'N', 'PUBLISHED', 119, '2026-02-27 12:00:00', '2026-02-27 12:00:00', 0, 1),
(18, 18, 19, '게시글 018: 후기/질문/팁', '본문 018 - 실제 사용자 톤(주차/대기/부스 추천/주의)', 'N', 'PUBLISHED', 126, '2026-02-28 12:00:00', '2026-02-28 12:00:00', 0, 1),
(19, 19, 20, '게시글 019: 후기/질문/팁', '본문 019 - 실제 사용자 톤(주차/대기/부스 추천/주의)', 'N', 'PUBLISHED', 133, '2026-03-01 12:00:00', '2026-03-01 12:00:00', 0, 1),
(20, 20, 21, '게시글 020: 후기/질문/팁', '본문 020 - 실제 사용자 톤(주차/대기/부스 추천/주의)', 'N', 'PUBLISHED', 140, '2026-03-02 12:00:00', '2026-03-02 12:00:00', 0, 1),
(21, 21, 22, '게시글 021: 후기/질문/팁', '본문 021 - 실제 사용자 톤(주차/대기/부스 추천/주의)', 'N', 'PUBLISHED', 147, '2026-03-03 12:00:00', '2026-03-03 12:00:00', 0, 1),
(22, 22, 23, '게시글 022: 후기/질문/팁', '본문 022 - 실제 사용자 톤(주차/대기/부스 추천/주의)', 'N', 'PUBLISHED', 154, '2026-03-04 12:00:00', '2026-03-04 12:00:00', 0, 1),
(23, 23, 24, '게시글 023: 후기/질문/팁', '본문 023 - 실제 사용자 톤(주차/대기/부스 추천/주의)', 'N', 'PUBLISHED', 161, '2026-03-05 12:00:00', '2026-03-05 12:00:00', 0, 1),
(24, 24, 25, '게시글 024: 후기/질문/팁', '본문 024 - 실제 사용자 톤(주차/대기/부스 추천/주의)', 'N', 'PUBLISHED', 168, '2026-03-06 12:00:00', '2026-03-06 12:00:00', 0, 1),
(25, 25, 26, '게시글 025: 후기/질문/팁', '본문 025 - 실제 사용자 톤(주차/대기/부스 추천/주의)', 'N', 'PUBLISHED', 175, '2026-03-07 12:00:00', '2026-03-07 12:00:00', 0, 1),
(26, 26, 27, '게시글 026: 후기/질문/팁', '본문 026 - 실제 사용자 톤(주차/대기/부스 추천/주의)', 'N', 'PUBLISHED', 182, '2026-03-08 12:00:00', '2026-03-08 12:00:00', 0, 1),
(27, 27, 28, '게시글 027: 후기/질문/팁', '본문 027 - 실제 사용자 톤(주차/대기/부스 추천/주의)', 'N', 'PUBLISHED', 189, '2026-03-09 12:00:00', '2026-03-09 12:00:00', 0, 1),
(28, 28, 29, '게시글 028: 후기/질문/팁', '본문 028 - 실제 사용자 톤(주차/대기/부스 추천/주의)', 'N', 'PUBLISHED', 196, '2026-03-10 12:00:00', '2026-03-10 12:00:00', 0, 1),
(29, 29, 30, '게시글 029: 후기/질문/팁', '본문 029 - 실제 사용자 톤(주차/대기/부스 추천/주의)', 'N', 'PUBLISHED', 203, '2026-03-11 12:00:00', '2026-03-11 12:00:00', 0, 1),
(30, 30, 31, '게시글 030: 후기/질문/팁', '본문 030 - 실제 사용자 톤(주차/대기/부스 추천/주의)', 'N', 'PUBLISHED', 210, '2026-03-12 12:00:00', '2026-03-12 12:00:00', 0, 1),
(31, 31, 32, '게시글 031: 후기/질문/팁', '본문 031 - 실제 사용자 톤(주차/대기/부스 추천/주의)', 'N', 'PUBLISHED', 217, '2026-03-13 12:00:00', '2026-03-13 12:00:00', 0, 1),
(32, 32, 33, '게시글 032: 후기/질문/팁', '본문 032 - 실제 사용자 톤(주차/대기/부스 추천/주의)', 'N', 'PUBLISHED', 224, '2026-03-14 12:00:00', '2026-03-14 12:00:00', 0, 1),
(33, 33, 34, '게시글 033: 후기/질문/팁', '본문 033 - 실제 사용자 톤(주차/대기/부스 추천/주의)', 'N', 'PUBLISHED', 231, '2026-03-15 12:00:00', '2026-03-15 12:00:00', 0, 1),
(34, 34, 35, '게시글 034: 후기/질문/팁', '본문 034 - 실제 사용자 톤(주차/대기/부스 추천/주의)', 'N', 'PUBLISHED', 238, '2026-03-16 12:00:00', '2026-03-16 12:00:00', 0, 1),
(35, 35, 36, '게시글 035: 후기/질문/팁', '본문 035 - 실제 사용자 톤(주차/대기/부스 추천/주의)', 'N', 'PUBLISHED', 245, '2026-03-17 12:00:00', '2026-03-17 12:00:00', 0, 1),
(36, 36, 37, '게시글 036: 후기/질문/팁', '본문 036 - 실제 사용자 톤(주차/대기/부스 추천/주의)', 'N', 'PUBLISHED', 252, '2026-03-18 12:00:00', '2026-03-18 12:00:00', 0, 1),
(37, 37, 38, '게시글 037: 후기/질문/팁', '본문 037 - 실제 사용자 톤(주차/대기/부스 추천/주의)', 'N', 'PUBLISHED', 259, '2026-03-19 12:00:00', '2026-03-19 12:00:00', 0, 1),
(38, 38, 39, '게시글 038: 후기/질문/팁', '본문 038 - 실제 사용자 톤(주차/대기/부스 추천/주의)', 'N', 'PUBLISHED', 266, '2026-03-20 12:00:00', '2026-03-20 12:00:00', 0, 1),
(39, 39, 40, '게시글 039: 후기/질문/팁', '본문 039 - 실제 사용자 톤(주차/대기/부스 추천/주의)', 'N', 'PUBLISHED', 273, '2026-03-21 12:00:00', '2026-03-21 12:00:00', 0, 1),
(40, 40, 41, '게시글 040: 후기/질문/팁', '본문 040 - 실제 사용자 톤(주차/대기/부스 추천/주의)', 'N', 'PUBLISHED', 280, '2026-03-22 12:00:00', '2026-03-22 12:00:00', 0, 1),
(41, 41, 42, '게시글 041: 후기/질문/팁', '본문 041 - 실제 사용자 톤(주차/대기/부스 추천/주의)', 'N', 'PUBLISHED', 287, '2026-03-23 12:00:00', '2026-03-23 12:00:00', 0, 1),
(42, 42, 43, '게시글 042: 후기/질문/팁', '본문 042 - 실제 사용자 톤(주차/대기/부스 추천/주의)', 'N', 'PUBLISHED', 294, '2026-03-24 12:00:00', '2026-03-24 12:00:00', 0, 1),
(43, 43, 44, '게시글 043: 후기/질문/팁', '본문 043 - 실제 사용자 톤(주차/대기/부스 추천/주의)', 'N', 'PUBLISHED', 301, '2026-03-25 12:00:00', '2026-03-25 12:00:00', 0, 1),
(44, 44, 45, '게시글 044: 후기/질문/팁', '본문 044 - 실제 사용자 톤(주차/대기/부스 추천/주의)', 'N', 'PUBLISHED', 308, '2026-03-26 12:00:00', '2026-03-26 12:00:00', 0, 1),
(45, 45, 46, '게시글 045: 후기/질문/팁', '본문 045 - 실제 사용자 톤(주차/대기/부스 추천/주의)', 'N', 'PUBLISHED', 315, '2026-03-27 12:00:00', '2026-03-27 12:00:00', 0, 1),
(46, 46, 47, '게시글 046: 후기/질문/팁', '본문 046 - 실제 사용자 톤(주차/대기/부스 추천/주의)', 'N', 'PUBLISHED', 322, '2026-03-28 12:00:00', '2026-03-28 12:00:00', 0, 1),
(47, 47, 48, '게시글 047: 후기/질문/팁', '본문 047 - 실제 사용자 톤(주차/대기/부스 추천/주의)', 'N', 'PUBLISHED', 329, '2026-03-29 12:00:00', '2026-03-29 12:00:00', 0, 1),
(48, 48, 49, '게시글 048: 후기/질문/팁', '본문 048 - 실제 사용자 톤(주차/대기/부스 추천/주의)', 'N', 'PUBLISHED', 336, '2026-03-30 12:00:00', '2026-03-30 12:00:00', 0, 1),
(49, 49, 50, '게시글 049: 후기/질문/팁', '본문 049 - 실제 사용자 톤(주차/대기/부스 추천/주의)', 'N', 'PUBLISHED', 343, '2026-03-31 12:00:00', '2026-03-31 12:00:00', 0, 1),
(50, 50, 51, '게시글 050: 후기/질문/팁', '본문 050 - 실제 사용자 톤(주차/대기/부스 추천/주의)', 'N', 'PUBLISHED', 350, '2026-04-01 12:00:00', '2026-04-01 12:00:00', 0, 1),
(51, 51, 52, '게시글 051: 후기/질문/팁', '본문 051 - 실제 사용자 톤(주차/대기/부스 추천/주의)', 'N', 'PUBLISHED', 357, '2026-04-02 12:00:00', '2026-04-02 12:00:00', 0, 1),
(52, 52, 53, '게시글 052: 후기/질문/팁', '본문 052 - 실제 사용자 톤(주차/대기/부스 추천/주의)', 'N', 'PUBLISHED', 364, '2026-04-03 12:00:00', '2026-04-03 12:00:00', 0, 1),
(53, 53, 54, '게시글 053: 후기/질문/팁', '본문 053 - 실제 사용자 톤(주차/대기/부스 추천/주의)', 'N', 'PUBLISHED', 371, '2026-04-04 12:00:00', '2026-04-04 12:00:00', 0, 1),
(54, 54, 55, '게시글 054: 후기/질문/팁', '본문 054 - 실제 사용자 톤(주차/대기/부스 추천/주의)', 'N', 'PUBLISHED', 378, '2026-04-05 12:00:00', '2026-04-05 12:00:00', 0, 1),
(55, 55, 56, '게시글 055: 후기/질문/팁', '본문 055 - 실제 사용자 톤(주차/대기/부스 추천/주의)', 'N', 'PUBLISHED', 385, '2026-04-06 12:00:00', '2026-04-06 12:00:00', 0, 1),
(56, 56, 57, '게시글 056: 후기/질문/팁', '본문 056 - 실제 사용자 톤(주차/대기/부스 추천/주의)', 'N', 'PUBLISHED', 392, '2026-04-07 12:00:00', '2026-04-07 12:00:00', 0, 1),
(57, 57, 58, '게시글 057: 후기/질문/팁', '본문 057 - 실제 사용자 톤(주차/대기/부스 추천/주의)', 'N', 'PUBLISHED', 399, '2026-04-08 12:00:00', '2026-04-08 12:00:00', 0, 1),
(58, 58, 59, '게시글 058: 후기/질문/팁', '본문 058 - 실제 사용자 톤(주차/대기/부스 추천/주의)', 'N', 'PUBLISHED', 406, '2026-04-09 12:00:00', '2026-04-09 12:00:00', 0, 1),
(59, 59, 60, '게시글 059: 후기/질문/팁', '본문 059 - 실제 사용자 톤(주차/대기/부스 추천/주의)', 'N', 'PUBLISHED', 413, '2026-04-10 12:00:00', '2026-04-10 12:00:00', 0, 1),
(60, 60, 61, '게시글 060: 후기/질문/팁', '본문 060 - 실제 사용자 톤(주차/대기/부스 추천/주의)', 'N', 'PUBLISHED', 420, '2026-04-11 12:00:00', '2026-04-11 12:00:00', 0, 1),
(61, 61, 62, '게시글 061: 후기/질문/팁', '본문 061 - 실제 사용자 톤(주차/대기/부스 추천/주의)', 'N', 'PUBLISHED', 427, '2026-04-12 12:00:00', '2026-04-12 12:00:00', 0, 1),
(62, 62, 63, '게시글 062: 후기/질문/팁', '본문 062 - 실제 사용자 톤(주차/대기/부스 추천/주의)', 'N', 'PUBLISHED', 434, '2026-04-13 12:00:00', '2026-04-13 12:00:00', 0, 1),
(63, 63, 64, '게시글 063: 후기/질문/팁', '본문 063 - 실제 사용자 톤(주차/대기/부스 추천/주의)', 'N', 'PUBLISHED', 441, '2026-04-14 12:00:00', '2026-04-14 12:00:00', 0, 1),
(64, 64, 65, '게시글 064: 후기/질문/팁', '본문 064 - 실제 사용자 톤(주차/대기/부스 추천/주의)', 'N', 'PUBLISHED', 448, '2026-04-15 12:00:00', '2026-04-15 12:00:00', 0, 1),
(65, 65, 66, '게시글 065: 후기/질문/팁', '본문 065 - 실제 사용자 톤(주차/대기/부스 추천/주의)', 'N', 'PUBLISHED', 455, '2026-04-16 12:00:00', '2026-04-16 12:00:00', 0, 1),
(66, 66, 67, '게시글 066: 후기/질문/팁', '본문 066 - 실제 사용자 톤(주차/대기/부스 추천/주의)', 'N', 'PUBLISHED', 462, '2026-04-17 12:00:00', '2026-04-17 12:00:00', 0, 1),
(67, 67, 68, '게시글 067: 후기/질문/팁', '본문 067 - 실제 사용자 톤(주차/대기/부스 추천/주의)', 'N', 'PUBLISHED', 469, '2026-04-18 12:00:00', '2026-04-18 12:00:00', 0, 1),
(68, 68, 69, '게시글 068: 후기/질문/팁', '본문 068 - 실제 사용자 톤(주차/대기/부스 추천/주의)', 'N', 'PUBLISHED', 476, '2026-04-19 12:00:00', '2026-04-19 12:00:00', 0, 1),
(69, 69, 70, '게시글 069: 후기/질문/팁', '본문 069 - 실제 사용자 톤(주차/대기/부스 추천/주의)', 'N', 'PUBLISHED', 483, '2026-04-20 12:00:00', '2026-04-20 12:00:00', 0, 1),
(70, 70, 71, '게시글 070: 후기/질문/팁', '본문 070 - 실제 사용자 톤(주차/대기/부스 추천/주의)', 'N', 'PUBLISHED', 490, '2026-04-21 12:00:00', '2026-04-21 12:00:00', 0, 1),
(71, 71, 72, '게시글 071: 후기/질문/팁', '본문 071 - 실제 사용자 톤(주차/대기/부스 추천/주의)', 'N', 'PUBLISHED', 497, '2026-04-22 12:00:00', '2026-04-22 12:00:00', 0, 1),
(72, 72, 73, '게시글 072: 후기/질문/팁', '본문 072 - 실제 사용자 톤(주차/대기/부스 추천/주의)', 'N', 'PUBLISHED', 4, '2026-04-23 12:00:00', '2026-04-23 12:00:00', 0, 1),
(73, 73, 74, '게시글 073: 후기/질문/팁', '본문 073 - 실제 사용자 톤(주차/대기/부스 추천/주의)', 'N', 'PUBLISHED', 11, '2026-04-24 12:00:00', '2026-04-24 12:00:00', 0, 1),
(74, 74, 75, '게시글 074: 후기/질문/팁', '본문 074 - 실제 사용자 톤(주차/대기/부스 추천/주의)', 'N', 'PUBLISHED', 18, '2026-04-25 12:00:00', '2026-04-25 12:00:00', 0, 1),
(75, 75, 76, '게시글 075: 후기/질문/팁', '본문 075 - 실제 사용자 톤(주차/대기/부스 추천/주의)', 'N', 'PUBLISHED', 25, '2026-04-26 12:00:00', '2026-04-26 12:00:00', 0, 1),
(76, 76, 77, '게시글 076: 후기/질문/팁', '본문 076 - 실제 사용자 톤(주차/대기/부스 추천/주의)', 'N', 'PUBLISHED', 32, '2026-04-27 12:00:00', '2026-04-27 12:00:00', 0, 1),
(77, 77, 78, '게시글 077: 후기/질문/팁', '본문 077 - 실제 사용자 톤(주차/대기/부스 추천/주의)', 'N', 'PUBLISHED', 39, '2026-04-28 12:00:00', '2026-04-28 12:00:00', 0, 1),
(78, 78, 79, '게시글 078: 후기/질문/팁', '본문 078 - 실제 사용자 톤(주차/대기/부스 추천/주의)', 'N', 'PUBLISHED', 46, '2026-04-29 12:00:00', '2026-04-29 12:00:00', 0, 1),
(79, 79, 80, '게시글 079: 후기/질문/팁', '본문 079 - 실제 사용자 톤(주차/대기/부스 추천/주의)', 'N', 'PUBLISHED', 53, '2026-04-30 12:00:00', '2026-04-30 12:00:00', 0, 1),
(80, 80, 81, '게시글 080: 후기/질문/팁', '본문 080 - 실제 사용자 톤(주차/대기/부스 추천/주의)', 'N', 'PUBLISHED', 60, '2026-05-01 12:00:00', '2026-05-01 12:00:00', 0, 1),
(81, 81, 82, '게시글 081: 후기/질문/팁', '본문 081 - 실제 사용자 톤(주차/대기/부스 추천/주의)', 'N', 'PUBLISHED', 67, '2026-05-02 12:00:00', '2026-05-02 12:00:00', 0, 1),
(82, 82, 83, '게시글 082: 후기/질문/팁', '본문 082 - 실제 사용자 톤(주차/대기/부스 추천/주의)', 'N', 'PUBLISHED', 74, '2026-05-03 12:00:00', '2026-05-03 12:00:00', 0, 1),
(83, 83, 84, '게시글 083: 후기/질문/팁', '본문 083 - 실제 사용자 톤(주차/대기/부스 추천/주의)', 'N', 'PUBLISHED', 81, '2026-05-04 12:00:00', '2026-05-04 12:00:00', 0, 1),
(84, 84, 85, '게시글 084: 후기/질문/팁', '본문 084 - 실제 사용자 톤(주차/대기/부스 추천/주의)', 'N', 'PUBLISHED', 88, '2026-05-05 12:00:00', '2026-05-05 12:00:00', 0, 1),
(85, 85, 86, '게시글 085: 후기/질문/팁', '본문 085 - 실제 사용자 톤(주차/대기/부스 추천/주의)', 'N', 'PUBLISHED', 95, '2026-05-06 12:00:00', '2026-05-06 12:00:00', 0, 1),
(86, 86, 87, '게시글 086: 후기/질문/팁', '본문 086 - 실제 사용자 톤(주차/대기/부스 추천/주의)', 'N', 'PUBLISHED', 102, '2026-05-07 12:00:00', '2026-05-07 12:00:00', 0, 1),
(87, 87, 88, '게시글 087: 후기/질문/팁', '본문 087 - 실제 사용자 톤(주차/대기/부스 추천/주의)', 'N', 'PUBLISHED', 109, '2026-05-08 12:00:00', '2026-05-08 12:00:00', 0, 1),
(88, 88, 89, '게시글 088: 후기/질문/팁', '본문 088 - 실제 사용자 톤(주차/대기/부스 추천/주의)', 'N', 'PUBLISHED', 116, '2026-05-09 12:00:00', '2026-05-09 12:00:00', 0, 1),
(89, 89, 90, '게시글 089: 후기/질문/팁', '본문 089 - 실제 사용자 톤(주차/대기/부스 추천/주의)', 'N', 'PUBLISHED', 123, '2026-05-10 12:00:00', '2026-05-10 12:00:00', 0, 1),
(90, 90, 91, '게시글 090: 후기/질문/팁', '본문 090 - 실제 사용자 톤(주차/대기/부스 추천/주의)', 'N', 'PUBLISHED', 130, '2026-05-11 12:00:00', '2026-05-11 12:00:00', 0, 1),
(91, 91, 92, '게시글 091: 후기/질문/팁', '본문 091 - 실제 사용자 톤(주차/대기/부스 추천/주의)', 'N', 'PUBLISHED', 137, '2026-05-12 12:00:00', '2026-05-12 12:00:00', 0, 1),
(92, 92, 93, '게시글 092: 후기/질문/팁', '본문 092 - 실제 사용자 톤(주차/대기/부스 추천/주의)', 'N', 'PUBLISHED', 144, '2026-05-13 12:00:00', '2026-05-13 12:00:00', 0, 1),
(93, 93, 94, '게시글 093: 후기/질문/팁', '본문 093 - 실제 사용자 톤(주차/대기/부스 추천/주의)', 'N', 'PUBLISHED', 151, '2026-05-14 12:00:00', '2026-05-14 12:00:00', 0, 1),
(94, 94, 95, '게시글 094: 후기/질문/팁', '본문 094 - 실제 사용자 톤(주차/대기/부스 추천/주의)', 'N', 'PUBLISHED', 158, '2026-05-15 12:00:00', '2026-05-15 12:00:00', 0, 1),
(95, 95, 96, '게시글 095: 후기/질문/팁', '본문 095 - 실제 사용자 톤(주차/대기/부스 추천/주의)', 'N', 'PUBLISHED', 165, '2026-05-16 12:00:00', '2026-05-16 12:00:00', 0, 1),
(96, 96, 97, '게시글 096: 후기/질문/팁', '본문 096 - 실제 사용자 톤(주차/대기/부스 추천/주의)', 'N', 'PUBLISHED', 172, '2026-05-17 12:00:00', '2026-05-17 12:00:00', 0, 1),
(97, 97, 98, '게시글 097: 후기/질문/팁', '본문 097 - 실제 사용자 톤(주차/대기/부스 추천/주의)', 'N', 'PUBLISHED', 179, '2026-05-18 12:00:00', '2026-05-18 12:00:00', 0, 1),
(98, 98, 99, '게시글 098: 후기/질문/팁', '본문 098 - 실제 사용자 톤(주차/대기/부스 추천/주의)', 'N', 'PUBLISHED', 186, '2026-05-19 12:00:00', '2026-05-19 12:00:00', 0, 1),
(99, 99, 100, '게시글 099: 후기/질문/팁', '본문 099 - 실제 사용자 톤(주차/대기/부스 추천/주의)', 'N', 'PUBLISHED', 193, '2026-05-20 12:00:00', '2026-05-20 12:00:00', 0, 1),
(100, 100, 1, '게시글 100: 후기/질문/팁', '본문 100 - 실제 사용자 톤(주차/대기/부스 추천/주의)', 'N', 'PUBLISHED', 200, '2026-05-21 12:00:00', '2026-05-21 12:00:00', 0, 1);

-- files
INSERT INTO files (file_id, original_name, stored_name, user_id, post_id, notice_id, deleted_at, deleted_by, delete_reason, object_deleted_at) VALUES
(1, 'post_attach_001.jpg', 'uuid_post_001_e4a13e.jpg', 2, 1, NULL, NULL, NULL, NULL, NULL),
(2, 'post_attach_002.jpg', 'uuid_post_002_9669f4.jpg', 3, 2, NULL, NULL, NULL, NULL, NULL),
(3, 'post_attach_003.jpg', 'uuid_post_003_0f9ae1.jpg', 4, 3, NULL, NULL, NULL, NULL, NULL),
(4, 'post_attach_004.jpg', 'uuid_post_004_b65f61.jpg', 5, 4, NULL, NULL, NULL, NULL, NULL),
(5, 'post_attach_005.jpg', 'uuid_post_005_4d2efd.jpg', 6, 5, NULL, NULL, NULL, NULL, NULL),
(6, 'post_attach_006.jpg', 'uuid_post_006_832a35.jpg', 7, 6, NULL, NULL, NULL, NULL, NULL),
(7, 'post_attach_007.jpg', 'uuid_post_007_3df8fa.jpg', 8, 7, NULL, NULL, NULL, NULL, NULL),
(8, 'post_attach_008.jpg', 'uuid_post_008_499085.jpg', 9, 8, NULL, NULL, NULL, NULL, NULL),
(9, 'post_attach_009.jpg', 'uuid_post_009_8de926.jpg', 10, 9, NULL, NULL, NULL, NULL, NULL),
(10, 'post_attach_010.jpg', 'uuid_post_010_ff2174.jpg', 11, 10, NULL, NULL, NULL, NULL, NULL),
(11, 'post_attach_011.jpg', 'uuid_post_011_86a992.jpg', 12, 11, NULL, NULL, NULL, NULL, NULL),
(12, 'post_attach_012.jpg', 'uuid_post_012_c15f79.jpg', 13, 12, NULL, NULL, NULL, NULL, NULL),
(13, 'post_attach_013.jpg', 'uuid_post_013_a28c67.jpg', 14, 13, NULL, NULL, NULL, NULL, NULL),
(14, 'post_attach_014.jpg', 'uuid_post_014_82903c.jpg', 15, 14, NULL, NULL, NULL, NULL, NULL),
(15, 'post_attach_015.jpg', 'uuid_post_015_917366.jpg', 16, 15, NULL, NULL, NULL, NULL, NULL),
(16, 'post_attach_016.jpg', 'uuid_post_016_c3bbb6.jpg', 17, 16, NULL, NULL, NULL, NULL, NULL),
(17, 'post_attach_017.jpg', 'uuid_post_017_b4b5e5.jpg', 18, 17, NULL, NULL, NULL, NULL, NULL),
(18, 'post_attach_018.jpg', 'uuid_post_018_ee8208.jpg', 19, 18, NULL, NULL, NULL, NULL, NULL),
(19, 'post_attach_019.jpg', 'uuid_post_019_317856.jpg', 20, 19, NULL, NULL, NULL, NULL, NULL),
(20, 'post_attach_020.jpg', 'uuid_post_020_bf7b4b.jpg', 21, 20, NULL, NULL, NULL, NULL, NULL),
(21, 'post_attach_021.jpg', 'uuid_post_021_9e79ad.jpg', 22, 21, NULL, NULL, NULL, NULL, NULL),
(22, 'post_attach_022.jpg', 'uuid_post_022_941e9e.jpg', 23, 22, NULL, NULL, NULL, NULL, NULL),
(23, 'post_attach_023.jpg', 'uuid_post_023_47c9e4.jpg', 24, 23, NULL, NULL, NULL, NULL, NULL),
(24, 'post_attach_024.jpg', 'uuid_post_024_89c850.jpg', 25, 24, NULL, NULL, NULL, NULL, NULL),
(25, 'post_attach_025.jpg', 'uuid_post_025_de29c0.jpg', 26, 25, NULL, NULL, NULL, NULL, NULL),
(26, 'post_attach_026.jpg', 'uuid_post_026_93cf03.jpg', 27, 26, NULL, NULL, NULL, NULL, NULL),
(27, 'post_attach_027.jpg', 'uuid_post_027_23f387.jpg', 28, 27, NULL, NULL, NULL, NULL, NULL),
(28, 'post_attach_028.jpg', 'uuid_post_028_0a5910.jpg', 29, 28, NULL, NULL, NULL, NULL, NULL),
(29, 'post_attach_029.jpg', 'uuid_post_029_091da5.jpg', 30, 29, NULL, NULL, NULL, NULL, NULL),
(30, 'post_attach_030.jpg', 'uuid_post_030_998f22.jpg', 31, 30, NULL, NULL, NULL, NULL, NULL),
(31, 'post_attach_031.jpg', 'uuid_post_031_3501db.jpg', 32, 31, NULL, NULL, NULL, NULL, NULL),
(32, 'post_attach_032.jpg', 'uuid_post_032_d3e969.jpg', 33, 32, NULL, NULL, NULL, NULL, NULL),
(33, 'post_attach_033.jpg', 'uuid_post_033_d41da5.jpg', 34, 33, NULL, NULL, NULL, NULL, NULL),
(34, 'post_attach_034.jpg', 'uuid_post_034_aef3b3.jpg', 35, 34, NULL, NULL, NULL, NULL, NULL),
(35, 'post_attach_035.jpg', 'uuid_post_035_e0c669.jpg', 36, 35, NULL, NULL, NULL, NULL, NULL),
(36, 'post_attach_036.jpg', 'uuid_post_036_0139d5.jpg', 37, 36, NULL, NULL, NULL, NULL, NULL),
(37, 'post_attach_037.jpg', 'uuid_post_037_005f22.jpg', 38, 37, NULL, NULL, NULL, NULL, NULL),
(38, 'post_attach_038.jpg', 'uuid_post_038_415436.jpg', 39, 38, NULL, NULL, NULL, NULL, NULL),
(39, 'post_attach_039.jpg', 'uuid_post_039_77ea9e.jpg', 40, 39, NULL, NULL, NULL, NULL, NULL),
(40, 'post_attach_040.jpg', 'uuid_post_040_f08c6d.jpg', 41, 40, NULL, NULL, NULL, NULL, NULL),
(41, 'post_attach_041.jpg', 'uuid_post_041_f9a974.jpg', 42, 41, NULL, NULL, NULL, NULL, NULL),
(42, 'post_attach_042.jpg', 'uuid_post_042_5331c9.jpg', 43, 42, NULL, NULL, NULL, NULL, NULL),
(43, 'post_attach_043.jpg', 'uuid_post_043_085d93.jpg', 44, 43, NULL, NULL, NULL, NULL, NULL),
(44, 'post_attach_044.jpg', 'uuid_post_044_129aa5.jpg', 45, 44, NULL, NULL, NULL, NULL, NULL),
(45, 'post_attach_045.jpg', 'uuid_post_045_c0a883.jpg', 46, 45, NULL, NULL, NULL, NULL, NULL),
(46, 'post_attach_046.jpg', 'uuid_post_046_a3eb8f.jpg', 47, 46, NULL, NULL, NULL, NULL, NULL),
(47, 'post_attach_047.jpg', 'uuid_post_047_3e8816.jpg', 48, 47, NULL, NULL, NULL, NULL, NULL),
(48, 'post_attach_048.jpg', 'uuid_post_048_7f928b.jpg', 49, 48, NULL, NULL, NULL, NULL, NULL),
(49, 'post_attach_049.jpg', 'uuid_post_049_683130.jpg', 50, 49, NULL, NULL, NULL, NULL, NULL),
(50, 'post_attach_050.jpg', 'uuid_post_050_cf44cb.jpg', 51, 50, NULL, NULL, NULL, NULL, NULL),
(51, 'notice_attach_001.pdf', 'uuid_notice_001_5e6698.pdf', 1, NULL, 1, NULL, NULL, NULL, NULL),
(52, 'notice_attach_002.pdf', 'uuid_notice_002_8b7e84.pdf', 1, NULL, 2, NULL, NULL, NULL, NULL),
(53, 'notice_attach_003.pdf', 'uuid_notice_003_c7f49c.pdf', 1, NULL, 3, NULL, NULL, NULL, NULL),
(54, 'notice_attach_004.pdf', 'uuid_notice_004_afd117.pdf', 1, NULL, 4, NULL, NULL, NULL, NULL),
(55, 'notice_attach_005.pdf', 'uuid_notice_005_6a3747.pdf', 1, NULL, 5, NULL, NULL, NULL, NULL),
(56, 'notice_attach_006.pdf', 'uuid_notice_006_098c40.pdf', 1, NULL, 6, NULL, NULL, NULL, NULL),
(57, 'notice_attach_007.pdf', 'uuid_notice_007_ed5957.pdf', 1, NULL, 7, NULL, NULL, NULL, NULL),
(58, 'notice_attach_008.pdf', 'uuid_notice_008_2a8749.pdf', 1, NULL, 8, NULL, NULL, NULL, NULL),
(59, 'notice_attach_009.pdf', 'uuid_notice_009_460a19.pdf', 1, NULL, 9, NULL, NULL, NULL, NULL),
(60, 'notice_attach_010.pdf', 'uuid_notice_010_37b82f.pdf', 1, NULL, 10, NULL, NULL, NULL, NULL),
(61, 'notice_attach_011.pdf', 'uuid_notice_011_a55ac1.pdf', 1, NULL, 11, NULL, NULL, NULL, NULL),
(62, 'notice_attach_012.pdf', 'uuid_notice_012_ac72f1.pdf', 1, NULL, 12, NULL, NULL, NULL, NULL),
(63, 'notice_attach_013.pdf', 'uuid_notice_013_60cd39.pdf', 1, NULL, 13, NULL, NULL, NULL, NULL),
(64, 'notice_attach_014.pdf', 'uuid_notice_014_6ac0d8.pdf', 1, NULL, 14, NULL, NULL, NULL, NULL),
(65, 'notice_attach_015.pdf', 'uuid_notice_015_3284a5.pdf', 1, NULL, 15, NULL, NULL, NULL, NULL),
(66, 'notice_attach_016.pdf', 'uuid_notice_016_b3f540.pdf', 1, NULL, 16, NULL, NULL, NULL, NULL),
(67, 'notice_attach_017.pdf', 'uuid_notice_017_d2fe75.pdf', 1, NULL, 17, NULL, NULL, NULL, NULL),
(68, 'notice_attach_018.pdf', 'uuid_notice_018_bbb02d.pdf', 1, NULL, 18, NULL, NULL, NULL, NULL),
(69, 'notice_attach_019.pdf', 'uuid_notice_019_0d195c.pdf', 1, NULL, 19, NULL, NULL, NULL, NULL),
(70, 'notice_attach_020.pdf', 'uuid_notice_020_3d7d83.pdf', 1, NULL, 20, NULL, NULL, NULL, NULL),
(71, 'notice_attach_021.pdf', 'uuid_notice_021_ae9e4c.pdf', 1, NULL, 21, NULL, NULL, NULL, NULL),
(72, 'notice_attach_022.pdf', 'uuid_notice_022_a47855.pdf', 1, NULL, 22, NULL, NULL, NULL, NULL),
(73, 'notice_attach_023.pdf', 'uuid_notice_023_8158cc.pdf', 1, NULL, 23, NULL, NULL, NULL, NULL),
(74, 'notice_attach_024.pdf', 'uuid_notice_024_45c618.pdf', 1, NULL, 24, NULL, NULL, NULL, NULL),
(75, 'notice_attach_025.pdf', 'uuid_notice_025_cdede4.pdf', 1, NULL, 25, NULL, NULL, NULL, NULL),
(76, 'notice_attach_026.pdf', 'uuid_notice_026_10784b.pdf', 1, NULL, 26, NULL, NULL, NULL, NULL),
(77, 'notice_attach_027.pdf', 'uuid_notice_027_974e8a.pdf', 1, NULL, 27, NULL, NULL, NULL, NULL),
(78, 'notice_attach_028.pdf', 'uuid_notice_028_dd6c00.pdf', 1, NULL, 28, NULL, NULL, NULL, NULL),
(79, 'notice_attach_029.pdf', 'uuid_notice_029_c001c6.pdf', 1, NULL, 29, NULL, NULL, NULL, NULL),
(80, 'notice_attach_030.pdf', 'uuid_notice_030_d86f7c.pdf', 1, NULL, 30, NULL, NULL, NULL, NULL),
(81, 'notice_attach_031.pdf', 'uuid_notice_031_1d5092.pdf', 1, NULL, 31, NULL, NULL, NULL, NULL),
(82, 'notice_attach_032.pdf', 'uuid_notice_032_b0d5d6.pdf', 1, NULL, 32, NULL, NULL, NULL, NULL),
(83, 'notice_attach_033.pdf', 'uuid_notice_033_68907e.pdf', 1, NULL, 33, NULL, NULL, NULL, NULL),
(84, 'notice_attach_034.pdf', 'uuid_notice_034_15a10f.pdf', 1, NULL, 34, NULL, NULL, NULL, NULL),
(85, 'notice_attach_035.pdf', 'uuid_notice_035_8ca416.pdf', 1, NULL, 35, NULL, NULL, NULL, NULL),
(86, 'notice_attach_036.pdf', 'uuid_notice_036_2e477d.pdf', 1, NULL, 36, NULL, NULL, NULL, NULL),
(87, 'notice_attach_037.pdf', 'uuid_notice_037_b1ebcd.pdf', 1, NULL, 37, NULL, NULL, NULL, NULL),
(88, 'notice_attach_038.pdf', 'uuid_notice_038_8f8dc8.pdf', 1, NULL, 38, NULL, NULL, NULL, NULL),
(89, 'notice_attach_039.pdf', 'uuid_notice_039_5a802a.pdf', 1, NULL, 39, NULL, NULL, NULL, NULL),
(90, 'notice_attach_040.pdf', 'uuid_notice_040_6079a2.pdf', 1, NULL, 40, NULL, NULL, NULL, NULL),
(91, 'notice_attach_041.pdf', 'uuid_notice_041_88ebbe.pdf', 1, NULL, 41, NULL, NULL, NULL, NULL),
(92, 'notice_attach_042.pdf', 'uuid_notice_042_d534bb.pdf', 1, NULL, 42, NULL, NULL, NULL, NULL),
(93, 'notice_attach_043.pdf', 'uuid_notice_043_92705b.pdf', 1, NULL, 43, NULL, NULL, NULL, NULL),
(94, 'notice_attach_044.pdf', 'uuid_notice_044_58efe5.pdf', 1, NULL, 44, NULL, NULL, NULL, NULL),
(95, 'notice_attach_045.pdf', 'uuid_notice_045_239da2.pdf', 1, NULL, 45, NULL, NULL, NULL, NULL),
(96, 'notice_attach_046.pdf', 'uuid_notice_046_f7927a.pdf', 1, NULL, 46, NULL, NULL, NULL, NULL),
(97, 'notice_attach_047.pdf', 'uuid_notice_047_b88932.pdf', 1, NULL, 47, NULL, NULL, NULL, NULL),
(98, 'notice_attach_048.pdf', 'uuid_notice_048_dbca5c.pdf', 1, NULL, 48, NULL, NULL, NULL, NULL),
(99, 'notice_attach_049.pdf', 'uuid_notice_049_09621a.pdf', 1, NULL, 49, NULL, NULL, NULL, NULL),
(100, 'notice_attach_050.pdf', 'uuid_notice_050_30b2e2.pdf', 1, NULL, 50, NULL, NULL, NULL, NULL);

-- post_comments
INSERT INTO post_comments (comment_id, post_id, user_id, content, created_at, updated_at, is_deleted) VALUES
(1, 2, 4, '댓글 001 - 공감/질문/추가 팁', '2026-02-12 13:00:00', '2026-02-12 13:00:00', 0),
(2, 3, 7, '댓글 002 - 공감/질문/추가 팁', '2026-02-13 13:00:00', '2026-02-13 13:00:00', 0),
(3, 4, 10, '댓글 003 - 공감/질문/추가 팁', '2026-02-14 13:00:00', '2026-02-14 13:00:00', 0),
(4, 5, 13, '댓글 004 - 공감/질문/추가 팁', '2026-02-15 13:00:00', '2026-02-15 13:00:00', 0),
(5, 6, 16, '댓글 005 - 공감/질문/추가 팁', '2026-02-16 13:00:00', '2026-02-16 13:00:00', 0),
(6, 7, 19, '댓글 006 - 공감/질문/추가 팁', '2026-02-17 13:00:00', '2026-02-17 13:00:00', 0),
(7, 8, 22, '댓글 007 - 공감/질문/추가 팁', '2026-02-18 13:00:00', '2026-02-18 13:00:00', 0),
(8, 9, 25, '댓글 008 - 공감/질문/추가 팁', '2026-02-19 13:00:00', '2026-02-19 13:00:00', 0),
(9, 10, 28, '댓글 009 - 공감/질문/추가 팁', '2026-02-20 13:00:00', '2026-02-20 13:00:00', 0),
(10, 11, 31, '댓글 010 - 공감/질문/추가 팁', '2026-02-21 13:00:00', '2026-02-21 13:00:00', 0),
(11, 12, 34, '댓글 011 - 공감/질문/추가 팁', '2026-02-22 13:00:00', '2026-02-22 13:00:00', 0),
(12, 13, 37, '댓글 012 - 공감/질문/추가 팁', '2026-02-23 13:00:00', '2026-02-23 13:00:00', 0),
(13, 14, 40, '댓글 013 - 공감/질문/추가 팁', '2026-02-24 13:00:00', '2026-02-24 13:00:00', 0),
(14, 15, 43, '댓글 014 - 공감/질문/추가 팁', '2026-02-25 13:00:00', '2026-02-25 13:00:00', 0),
(15, 16, 46, '댓글 015 - 공감/질문/추가 팁', '2026-02-26 13:00:00', '2026-02-26 13:00:00', 0),
(16, 17, 49, '댓글 016 - 공감/질문/추가 팁', '2026-02-27 13:00:00', '2026-02-27 13:00:00', 0),
(17, 18, 52, '댓글 017 - 공감/질문/추가 팁', '2026-02-28 13:00:00', '2026-02-28 13:00:00', 0),
(18, 19, 55, '댓글 018 - 공감/질문/추가 팁', '2026-03-01 13:00:00', '2026-03-01 13:00:00', 0),
(19, 20, 58, '댓글 019 - 공감/질문/추가 팁', '2026-03-02 13:00:00', '2026-03-02 13:00:00', 0),
(20, 21, 61, '댓글 020 - 공감/질문/추가 팁', '2026-03-03 13:00:00', '2026-03-03 13:00:00', 0),
(21, 22, 64, '댓글 021 - 공감/질문/추가 팁', '2026-03-04 13:00:00', '2026-03-04 13:00:00', 0),
(22, 23, 67, '댓글 022 - 공감/질문/추가 팁', '2026-03-05 13:00:00', '2026-03-05 13:00:00', 0),
(23, 24, 70, '댓글 023 - 공감/질문/추가 팁', '2026-03-06 13:00:00', '2026-03-06 13:00:00', 0),
(24, 25, 73, '댓글 024 - 공감/질문/추가 팁', '2026-03-07 13:00:00', '2026-03-07 13:00:00', 0),
(25, 26, 76, '댓글 025 - 공감/질문/추가 팁', '2026-03-08 13:00:00', '2026-03-08 13:00:00', 0),
(26, 27, 79, '댓글 026 - 공감/질문/추가 팁', '2026-03-09 13:00:00', '2026-03-09 13:00:00', 0),
(27, 28, 82, '댓글 027 - 공감/질문/추가 팁', '2026-03-10 13:00:00', '2026-03-10 13:00:00', 0),
(28, 29, 85, '댓글 028 - 공감/질문/추가 팁', '2026-03-11 13:00:00', '2026-03-11 13:00:00', 0),
(29, 30, 88, '댓글 029 - 공감/질문/추가 팁', '2026-03-12 13:00:00', '2026-03-12 13:00:00', 0),
(30, 31, 91, '댓글 030 - 공감/질문/추가 팁', '2026-03-13 13:00:00', '2026-03-13 13:00:00', 0),
(31, 32, 94, '댓글 031 - 공감/질문/추가 팁', '2026-03-14 13:00:00', '2026-03-14 13:00:00', 0),
(32, 33, 97, '댓글 032 - 공감/질문/추가 팁', '2026-03-15 13:00:00', '2026-03-15 13:00:00', 0),
(33, 34, 100, '댓글 033 - 공감/질문/추가 팁', '2026-03-16 13:00:00', '2026-03-16 13:00:00', 0),
(34, 35, 3, '댓글 034 - 공감/질문/추가 팁', '2026-03-17 13:00:00', '2026-03-17 13:00:00', 0),
(35, 36, 6, '댓글 035 - 공감/질문/추가 팁', '2026-03-18 13:00:00', '2026-03-18 13:00:00', 0),
(36, 37, 9, '댓글 036 - 공감/질문/추가 팁', '2026-03-19 13:00:00', '2026-03-19 13:00:00', 0),
(37, 38, 12, '댓글 037 - 공감/질문/추가 팁', '2026-03-20 13:00:00', '2026-03-20 13:00:00', 0),
(38, 39, 15, '댓글 038 - 공감/질문/추가 팁', '2026-03-21 13:00:00', '2026-03-21 13:00:00', 0),
(39, 40, 18, '댓글 039 - 공감/질문/추가 팁', '2026-03-22 13:00:00', '2026-03-22 13:00:00', 0),
(40, 41, 21, '댓글 040 - 공감/질문/추가 팁', '2026-03-23 13:00:00', '2026-03-23 13:00:00', 0),
(41, 42, 24, '댓글 041 - 공감/질문/추가 팁', '2026-03-24 13:00:00', '2026-03-24 13:00:00', 0),
(42, 43, 27, '댓글 042 - 공감/질문/추가 팁', '2026-03-25 13:00:00', '2026-03-25 13:00:00', 0),
(43, 44, 30, '댓글 043 - 공감/질문/추가 팁', '2026-03-26 13:00:00', '2026-03-26 13:00:00', 0),
(44, 45, 33, '댓글 044 - 공감/질문/추가 팁', '2026-03-27 13:00:00', '2026-03-27 13:00:00', 0),
(45, 46, 36, '댓글 045 - 공감/질문/추가 팁', '2026-03-28 13:00:00', '2026-03-28 13:00:00', 0),
(46, 47, 39, '댓글 046 - 공감/질문/추가 팁', '2026-03-29 13:00:00', '2026-03-29 13:00:00', 0),
(47, 48, 42, '댓글 047 - 공감/질문/추가 팁', '2026-03-30 13:00:00', '2026-03-30 13:00:00', 0),
(48, 49, 45, '댓글 048 - 공감/질문/추가 팁', '2026-03-31 13:00:00', '2026-03-31 13:00:00', 0),
(49, 50, 48, '댓글 049 - 공감/질문/추가 팁', '2026-04-01 13:00:00', '2026-04-01 13:00:00', 0),
(50, 51, 51, '댓글 050 - 공감/질문/추가 팁', '2026-04-02 13:00:00', '2026-04-02 13:00:00', 0),
(51, 52, 54, '댓글 051 - 공감/질문/추가 팁', '2026-04-03 13:00:00', '2026-04-03 13:00:00', 0),
(52, 53, 57, '댓글 052 - 공감/질문/추가 팁', '2026-04-04 13:00:00', '2026-04-04 13:00:00', 0),
(53, 54, 60, '댓글 053 - 공감/질문/추가 팁', '2026-04-05 13:00:00', '2026-04-05 13:00:00', 0),
(54, 55, 63, '댓글 054 - 공감/질문/추가 팁', '2026-04-06 13:00:00', '2026-04-06 13:00:00', 0),
(55, 56, 66, '댓글 055 - 공감/질문/추가 팁', '2026-04-07 13:00:00', '2026-04-07 13:00:00', 0),
(56, 57, 69, '댓글 056 - 공감/질문/추가 팁', '2026-04-08 13:00:00', '2026-04-08 13:00:00', 0),
(57, 58, 72, '댓글 057 - 공감/질문/추가 팁', '2026-04-09 13:00:00', '2026-04-09 13:00:00', 0),
(58, 59, 75, '댓글 058 - 공감/질문/추가 팁', '2026-04-10 13:00:00', '2026-04-10 13:00:00', 0),
(59, 60, 78, '댓글 059 - 공감/질문/추가 팁', '2026-04-11 13:00:00', '2026-04-11 13:00:00', 0),
(60, 61, 81, '댓글 060 - 공감/질문/추가 팁', '2026-04-12 13:00:00', '2026-04-12 13:00:00', 0),
(61, 62, 84, '댓글 061 - 공감/질문/추가 팁', '2026-04-13 13:00:00', '2026-04-13 13:00:00', 0),
(62, 63, 87, '댓글 062 - 공감/질문/추가 팁', '2026-04-14 13:00:00', '2026-04-14 13:00:00', 0),
(63, 64, 90, '댓글 063 - 공감/질문/추가 팁', '2026-04-15 13:00:00', '2026-04-15 13:00:00', 0),
(64, 65, 93, '댓글 064 - 공감/질문/추가 팁', '2026-04-16 13:00:00', '2026-04-16 13:00:00', 0),
(65, 66, 96, '댓글 065 - 공감/질문/추가 팁', '2026-04-17 13:00:00', '2026-04-17 13:00:00', 0),
(66, 67, 99, '댓글 066 - 공감/질문/추가 팁', '2026-04-18 13:00:00', '2026-04-18 13:00:00', 0),
(67, 68, 2, '댓글 067 - 공감/질문/추가 팁', '2026-04-19 13:00:00', '2026-04-19 13:00:00', 0),
(68, 69, 5, '댓글 068 - 공감/질문/추가 팁', '2026-04-20 13:00:00', '2026-04-20 13:00:00', 0),
(69, 70, 8, '댓글 069 - 공감/질문/추가 팁', '2026-04-21 13:00:00', '2026-04-21 13:00:00', 0),
(70, 71, 11, '댓글 070 - 공감/질문/추가 팁', '2026-04-22 13:00:00', '2026-04-22 13:00:00', 0),
(71, 72, 14, '댓글 071 - 공감/질문/추가 팁', '2026-04-23 13:00:00', '2026-04-23 13:00:00', 0),
(72, 73, 17, '댓글 072 - 공감/질문/추가 팁', '2026-04-24 13:00:00', '2026-04-24 13:00:00', 0),
(73, 74, 20, '댓글 073 - 공감/질문/추가 팁', '2026-04-25 13:00:00', '2026-04-25 13:00:00', 0),
(74, 75, 23, '댓글 074 - 공감/질문/추가 팁', '2026-04-26 13:00:00', '2026-04-26 13:00:00', 0),
(75, 76, 26, '댓글 075 - 공감/질문/추가 팁', '2026-04-27 13:00:00', '2026-04-27 13:00:00', 0),
(76, 77, 29, '댓글 076 - 공감/질문/추가 팁', '2026-04-28 13:00:00', '2026-04-28 13:00:00', 0),
(77, 78, 32, '댓글 077 - 공감/질문/추가 팁', '2026-04-29 13:00:00', '2026-04-29 13:00:00', 0),
(78, 79, 35, '댓글 078 - 공감/질문/추가 팁', '2026-04-30 13:00:00', '2026-04-30 13:00:00', 0),
(79, 80, 38, '댓글 079 - 공감/질문/추가 팁', '2026-05-01 13:00:00', '2026-05-01 13:00:00', 0),
(80, 81, 41, '댓글 080 - 공감/질문/추가 팁', '2026-05-02 13:00:00', '2026-05-02 13:00:00', 0),
(81, 82, 44, '댓글 081 - 공감/질문/추가 팁', '2026-05-03 13:00:00', '2026-05-03 13:00:00', 0),
(82, 83, 47, '댓글 082 - 공감/질문/추가 팁', '2026-05-04 13:00:00', '2026-05-04 13:00:00', 0),
(83, 84, 50, '댓글 083 - 공감/질문/추가 팁', '2026-05-05 13:00:00', '2026-05-05 13:00:00', 0),
(84, 85, 53, '댓글 084 - 공감/질문/추가 팁', '2026-05-06 13:00:00', '2026-05-06 13:00:00', 0),
(85, 86, 56, '댓글 085 - 공감/질문/추가 팁', '2026-05-07 13:00:00', '2026-05-07 13:00:00', 0),
(86, 87, 59, '댓글 086 - 공감/질문/추가 팁', '2026-05-08 13:00:00', '2026-05-08 13:00:00', 0),
(87, 88, 62, '댓글 087 - 공감/질문/추가 팁', '2026-05-09 13:00:00', '2026-05-09 13:00:00', 0),
(88, 89, 65, '댓글 088 - 공감/질문/추가 팁', '2026-05-10 13:00:00', '2026-05-10 13:00:00', 0),
(89, 90, 68, '댓글 089 - 공감/질문/추가 팁', '2026-05-11 13:00:00', '2026-05-11 13:00:00', 0),
(90, 91, 71, '댓글 090 - 공감/질문/추가 팁', '2026-05-12 13:00:00', '2026-05-12 13:00:00', 0),
(91, 92, 74, '댓글 091 - 공감/질문/추가 팁', '2026-05-13 13:00:00', '2026-05-13 13:00:00', 0),
(92, 93, 77, '댓글 092 - 공감/질문/추가 팁', '2026-05-14 13:00:00', '2026-05-14 13:00:00', 0),
(93, 94, 80, '댓글 093 - 공감/질문/추가 팁', '2026-05-15 13:00:00', '2026-05-15 13:00:00', 0),
(94, 95, 83, '댓글 094 - 공감/질문/추가 팁', '2026-05-16 13:00:00', '2026-05-16 13:00:00', 0),
(95, 96, 86, '댓글 095 - 공감/질문/추가 팁', '2026-05-17 13:00:00', '2026-05-17 13:00:00', 0),
(96, 97, 89, '댓글 096 - 공감/질문/추가 팁', '2026-05-18 13:00:00', '2026-05-18 13:00:00', 0),
(97, 98, 92, '댓글 097 - 공감/질문/추가 팁', '2026-05-19 13:00:00', '2026-05-19 13:00:00', 0),
(98, 99, 95, '댓글 098 - 공감/질문/추가 팁', '2026-05-20 13:00:00', '2026-05-20 13:00:00', 0),
(99, 100, 98, '댓글 099 - 공감/질문/추가 팁', '2026-05-21 13:00:00', '2026-05-21 13:00:00', 0),
(100, 1, 1, '댓글 100 - 공감/질문/추가 팁', '2026-05-22 13:00:00', '2026-05-22 13:00:00', 0);

-- board_banned_words
INSERT INTO board_banned_words (banned_word_id, board_id, banned_word, created_at) VALUES
(1, 1, '도박1', '2026-01-06 00:00:00'),
(2, 2, '사기2', '2026-01-07 00:00:00'),
(3, 3, '욕설3', '2026-01-08 00:00:00'),
(4, 4, '비방4', '2026-01-09 00:00:00'),
(5, 5, '혐오5', '2026-01-10 00:00:00'),
(6, 6, '성인6', '2026-01-11 00:00:00'),
(7, 7, '불법7', '2026-01-12 00:00:00'),
(8, 8, '홍보8', '2026-01-13 00:00:00'),
(9, 9, '스팸9', '2026-01-14 00:00:00'),
(10, 10, '광고10', '2026-01-15 00:00:00'),
(11, 11, '도박11', '2026-01-16 00:00:00'),
(12, 12, '사기12', '2026-01-17 00:00:00'),
(13, 13, '욕설13', '2026-01-18 00:00:00'),
(14, 14, '비방14', '2026-01-19 00:00:00'),
(15, 15, '혐오15', '2026-01-20 00:00:00'),
(16, 16, '성인16', '2026-01-21 00:00:00'),
(17, 17, '불법17', '2026-01-22 00:00:00'),
(18, 18, '홍보18', '2026-01-23 00:00:00'),
(19, 19, '스팸19', '2026-01-24 00:00:00'),
(20, 20, '광고0', '2026-01-25 00:00:00'),
(21, 21, '도박1', '2026-01-26 00:00:00'),
(22, 22, '사기2', '2026-01-27 00:00:00'),
(23, 23, '욕설3', '2026-01-28 00:00:00'),
(24, 24, '비방4', '2026-01-29 00:00:00'),
(25, 25, '혐오5', '2026-01-30 00:00:00'),
(26, 26, '성인6', '2026-01-31 00:00:00'),
(27, 27, '불법7', '2026-02-01 00:00:00'),
(28, 28, '홍보8', '2026-02-02 00:00:00'),
(29, 29, '스팸9', '2026-02-03 00:00:00'),
(30, 30, '광고10', '2026-02-04 00:00:00'),
(31, 31, '도박11', '2026-02-05 00:00:00'),
(32, 32, '사기12', '2026-02-06 00:00:00'),
(33, 33, '욕설13', '2026-02-07 00:00:00'),
(34, 34, '비방14', '2026-02-08 00:00:00'),
(35, 35, '혐오15', '2026-02-09 00:00:00'),
(36, 36, '성인16', '2026-02-10 00:00:00'),
(37, 37, '불법17', '2026-02-11 00:00:00'),
(38, 38, '홍보18', '2026-02-12 00:00:00'),
(39, 39, '스팸19', '2026-02-13 00:00:00'),
(40, 40, '광고0', '2026-02-14 00:00:00'),
(41, 41, '도박1', '2026-02-15 00:00:00'),
(42, 42, '사기2', '2026-02-16 00:00:00'),
(43, 43, '욕설3', '2026-02-17 00:00:00'),
(44, 44, '비방4', '2026-02-18 00:00:00'),
(45, 45, '혐오5', '2026-02-19 00:00:00'),
(46, 46, '성인6', '2026-02-20 00:00:00'),
(47, 47, '불법7', '2026-02-21 00:00:00'),
(48, 48, '홍보8', '2026-02-22 00:00:00'),
(49, 49, '스팸9', '2026-02-23 00:00:00'),
(50, 50, '광고10', '2026-02-24 00:00:00'),
(51, 51, '도박11', '2026-02-25 00:00:00'),
(52, 52, '사기12', '2026-02-26 00:00:00'),
(53, 53, '욕설13', '2026-02-27 00:00:00'),
(54, 54, '비방14', '2026-02-28 00:00:00'),
(55, 55, '혐오15', '2026-03-01 00:00:00'),
(56, 56, '성인16', '2026-03-02 00:00:00'),
(57, 57, '불법17', '2026-03-03 00:00:00'),
(58, 58, '홍보18', '2026-03-04 00:00:00'),
(59, 59, '스팸19', '2026-03-05 00:00:00'),
(60, 60, '광고0', '2026-03-06 00:00:00'),
(61, 61, '도박1', '2026-03-07 00:00:00'),
(62, 62, '사기2', '2026-03-08 00:00:00'),
(63, 63, '욕설3', '2026-03-09 00:00:00'),
(64, 64, '비방4', '2026-03-10 00:00:00'),
(65, 65, '혐오5', '2026-03-11 00:00:00'),
(66, 66, '성인6', '2026-03-12 00:00:00'),
(67, 67, '불법7', '2026-03-13 00:00:00'),
(68, 68, '홍보8', '2026-03-14 00:00:00'),
(69, 69, '스팸9', '2026-03-15 00:00:00'),
(70, 70, '광고10', '2026-03-16 00:00:00'),
(71, 71, '도박11', '2026-03-17 00:00:00'),
(72, 72, '사기12', '2026-03-18 00:00:00'),
(73, 73, '욕설13', '2026-03-19 00:00:00'),
(74, 74, '비방14', '2026-03-20 00:00:00'),
(75, 75, '혐오15', '2026-03-21 00:00:00'),
(76, 76, '성인16', '2026-03-22 00:00:00'),
(77, 77, '불법17', '2026-03-23 00:00:00'),
(78, 78, '홍보18', '2026-03-24 00:00:00'),
(79, 79, '스팸19', '2026-03-25 00:00:00'),
(80, 80, '광고0', '2026-03-26 00:00:00'),
(81, 81, '도박1', '2026-03-27 00:00:00'),
(82, 82, '사기2', '2026-03-28 00:00:00'),
(83, 83, '욕설3', '2026-03-29 00:00:00'),
(84, 84, '비방4', '2026-03-30 00:00:00'),
(85, 85, '혐오5', '2026-03-31 00:00:00'),
(86, 86, '성인6', '2026-04-01 00:00:00'),
(87, 87, '불법7', '2026-04-02 00:00:00'),
(88, 88, '홍보8', '2026-04-03 00:00:00'),
(89, 89, '스팸9', '2026-04-04 00:00:00'),
(90, 90, '광고10', '2026-04-05 00:00:00'),
(91, 91, '도박11', '2026-04-06 00:00:00'),
(92, 92, '사기12', '2026-04-07 00:00:00'),
(93, 93, '욕설13', '2026-04-08 00:00:00'),
(94, 94, '비방14', '2026-04-09 00:00:00'),
(95, 95, '혐오15', '2026-04-10 00:00:00'),
(96, 96, '성인16', '2026-04-11 00:00:00'),
(97, 97, '불법17', '2026-04-12 00:00:00'),
(98, 98, '홍보18', '2026-04-13 00:00:00'),
(99, 99, '스팸19', '2026-04-14 00:00:00'),
(100, 100, '광고0', '2026-04-15 00:00:00');

-- content_reports
INSERT INTO content_reports (report_id, reporter_user_id, target_type, target_id, reason_code, reason_detail, reason, status, created_at, resolved_at, resolved_by_admin_id) VALUES
(1, 2, 'REVIEW', 1, 'ABUSE', '사유 상세 001', '신고 사유 001', 'PENDING', '2026-02-13 10:00:00', NULL, NULL),
(2, 3, 'POST_COMMENT', 2, 'HATE', '사유 상세 002', '신고 사유 002', 'PENDING', '2026-02-14 10:00:00', NULL, NULL),
(3, 4, 'REVIEW_COMMENT', 3, 'SEXUAL', '사유 상세 003', '신고 사유 003', 'PENDING', '2026-02-15 10:00:00', NULL, NULL),
(4, 5, 'POST', 4, 'VIOLENCE', '사유 상세 004', '신고 사유 004', 'PENDING', '2026-02-16 10:00:00', NULL, NULL),
(5, 6, 'REVIEW', 5, 'PRIVACY', '사유 상세 005', '신고 사유 005', 'PENDING', '2026-02-17 10:00:00', NULL, NULL),
(6, 7, 'POST_COMMENT', 6, 'FRAUD', '사유 상세 006', '신고 사유 006', 'PENDING', '2026-02-18 10:00:00', NULL, NULL),
(7, 8, 'REVIEW_COMMENT', 7, 'COPYRIGHT', '사유 상세 007', '신고 사유 007', 'PENDING', '2026-02-19 10:00:00', NULL, NULL),
(8, 9, 'POST', 8, 'OTHER', '사유 상세 008', '신고 사유 008', 'PENDING', '2026-02-20 10:00:00', NULL, NULL),
(9, 10, 'REVIEW', 9, 'SPAM', '사유 상세 009', '신고 사유 009', 'PENDING', '2026-02-21 10:00:00', NULL, NULL),
(10, 11, 'POST_COMMENT', 10, 'ABUSE', '사유 상세 010', '신고 사유 010', 'PENDING', '2026-02-22 10:00:00', NULL, NULL),
(11, 12, 'REVIEW_COMMENT', 11, 'HATE', '사유 상세 011', '신고 사유 011', 'PENDING', '2026-02-23 10:00:00', NULL, NULL),
(12, 13, 'POST', 12, 'SEXUAL', '사유 상세 012', '신고 사유 012', 'PENDING', '2026-02-24 10:00:00', NULL, NULL),
(13, 14, 'REVIEW', 13, 'VIOLENCE', '사유 상세 013', '신고 사유 013', 'PENDING', '2026-02-25 10:00:00', NULL, NULL),
(14, 15, 'POST_COMMENT', 14, 'PRIVACY', '사유 상세 014', '신고 사유 014', 'PENDING', '2026-02-26 10:00:00', NULL, NULL),
(15, 16, 'REVIEW_COMMENT', 15, 'FRAUD', '사유 상세 015', '신고 사유 015', 'PENDING', '2026-02-27 10:00:00', NULL, NULL),
(16, 17, 'POST', 16, 'COPYRIGHT', '사유 상세 016', '신고 사유 016', 'PENDING', '2026-02-28 10:00:00', NULL, NULL),
(17, 18, 'REVIEW', 17, 'OTHER', '사유 상세 017', '신고 사유 017', 'PENDING', '2026-03-01 10:00:00', NULL, NULL),
(18, 19, 'POST_COMMENT', 18, 'SPAM', '사유 상세 018', '신고 사유 018', 'PENDING', '2026-03-02 10:00:00', NULL, NULL),
(19, 20, 'REVIEW_COMMENT', 19, 'ABUSE', '사유 상세 019', '신고 사유 019', 'PENDING', '2026-03-03 10:00:00', NULL, NULL),
(20, 21, 'POST', 20, 'HATE', '사유 상세 020', '신고 사유 020', 'PENDING', '2026-03-04 10:00:00', NULL, NULL),
(21, 22, 'REVIEW', 21, 'SEXUAL', '사유 상세 021', '신고 사유 021', 'PENDING', '2026-03-05 10:00:00', NULL, NULL),
(22, 23, 'POST_COMMENT', 22, 'VIOLENCE', '사유 상세 022', '신고 사유 022', 'PENDING', '2026-03-06 10:00:00', NULL, NULL),
(23, 24, 'REVIEW_COMMENT', 23, 'PRIVACY', '사유 상세 023', '신고 사유 023', 'PENDING', '2026-03-07 10:00:00', NULL, NULL),
(24, 25, 'POST', 24, 'FRAUD', '사유 상세 024', '신고 사유 024', 'PENDING', '2026-03-08 10:00:00', NULL, NULL),
(25, 26, 'REVIEW', 25, 'COPYRIGHT', '사유 상세 025', '신고 사유 025', 'PENDING', '2026-03-09 10:00:00', NULL, NULL),
(26, 27, 'POST_COMMENT', 26, 'OTHER', '사유 상세 026', '신고 사유 026', 'PENDING', '2026-03-10 10:00:00', NULL, NULL),
(27, 28, 'REVIEW_COMMENT', 27, 'SPAM', '사유 상세 027', '신고 사유 027', 'PENDING', '2026-03-11 10:00:00', NULL, NULL),
(28, 29, 'POST', 28, 'ABUSE', '사유 상세 028', '신고 사유 028', 'PENDING', '2026-03-12 10:00:00', NULL, NULL),
(29, 30, 'REVIEW', 29, 'HATE', '사유 상세 029', '신고 사유 029', 'PENDING', '2026-03-13 10:00:00', NULL, NULL),
(30, 31, 'POST_COMMENT', 30, 'SEXUAL', '사유 상세 030', '신고 사유 030', 'PENDING', '2026-03-14 10:00:00', NULL, NULL),
(31, 32, 'REVIEW_COMMENT', 31, 'VIOLENCE', '사유 상세 031', '신고 사유 031', 'PENDING', '2026-03-15 10:00:00', NULL, NULL),
(32, 33, 'POST', 32, 'PRIVACY', '사유 상세 032', '신고 사유 032', 'PENDING', '2026-03-16 10:00:00', NULL, NULL),
(33, 34, 'REVIEW', 33, 'FRAUD', '사유 상세 033', '신고 사유 033', 'PENDING', '2026-03-17 10:00:00', NULL, NULL),
(34, 35, 'POST_COMMENT', 34, 'COPYRIGHT', '사유 상세 034', '신고 사유 034', 'PENDING', '2026-03-18 10:00:00', NULL, NULL),
(35, 36, 'REVIEW_COMMENT', 35, 'OTHER', '사유 상세 035', '신고 사유 035', 'PENDING', '2026-03-19 10:00:00', NULL, NULL),
(36, 37, 'POST', 36, 'SPAM', '사유 상세 036', '신고 사유 036', 'PENDING', '2026-03-20 10:00:00', NULL, NULL),
(37, 38, 'REVIEW', 37, 'ABUSE', '사유 상세 037', '신고 사유 037', 'PENDING', '2026-03-21 10:00:00', NULL, NULL),
(38, 39, 'POST_COMMENT', 38, 'HATE', '사유 상세 038', '신고 사유 038', 'PENDING', '2026-03-22 10:00:00', NULL, NULL),
(39, 40, 'REVIEW_COMMENT', 39, 'SEXUAL', '사유 상세 039', '신고 사유 039', 'PENDING', '2026-03-23 10:00:00', NULL, NULL),
(40, 41, 'POST', 40, 'VIOLENCE', '사유 상세 040', '신고 사유 040', 'PENDING', '2026-03-24 10:00:00', NULL, NULL),
(41, 42, 'REVIEW', 41, 'PRIVACY', '사유 상세 041', '신고 사유 041', 'PENDING', '2026-03-25 10:00:00', NULL, NULL),
(42, 43, 'POST_COMMENT', 42, 'FRAUD', '사유 상세 042', '신고 사유 042', 'PENDING', '2026-03-26 10:00:00', NULL, NULL),
(43, 44, 'REVIEW_COMMENT', 43, 'COPYRIGHT', '사유 상세 043', '신고 사유 043', 'PENDING', '2026-03-27 10:00:00', NULL, NULL),
(44, 45, 'POST', 44, 'OTHER', '사유 상세 044', '신고 사유 044', 'PENDING', '2026-03-28 10:00:00', NULL, NULL),
(45, 46, 'REVIEW', 45, 'SPAM', '사유 상세 045', '신고 사유 045', 'PENDING', '2026-03-29 10:00:00', NULL, NULL),
(46, 47, 'POST_COMMENT', 46, 'ABUSE', '사유 상세 046', '신고 사유 046', 'PENDING', '2026-03-30 10:00:00', NULL, NULL),
(47, 48, 'REVIEW_COMMENT', 47, 'HATE', '사유 상세 047', '신고 사유 047', 'PENDING', '2026-03-31 10:00:00', NULL, NULL),
(48, 49, 'POST', 48, 'SEXUAL', '사유 상세 048', '신고 사유 048', 'PENDING', '2026-04-01 10:00:00', NULL, NULL),
(49, 50, 'REVIEW', 49, 'VIOLENCE', '사유 상세 049', '신고 사유 049', 'PENDING', '2026-04-02 10:00:00', NULL, NULL),
(50, 51, 'POST_COMMENT', 50, 'PRIVACY', '사유 상세 050', '신고 사유 050', 'PENDING', '2026-04-03 10:00:00', NULL, NULL),
(51, 52, 'REVIEW_COMMENT', 51, 'FRAUD', '사유 상세 051', '신고 사유 051', 'PENDING', '2026-04-04 10:00:00', NULL, NULL),
(52, 53, 'POST', 52, 'COPYRIGHT', '사유 상세 052', '신고 사유 052', 'PENDING', '2026-04-05 10:00:00', NULL, NULL),
(53, 54, 'REVIEW', 53, 'OTHER', '사유 상세 053', '신고 사유 053', 'PENDING', '2026-04-06 10:00:00', NULL, NULL),
(54, 55, 'POST_COMMENT', 54, 'SPAM', '사유 상세 054', '신고 사유 054', 'PENDING', '2026-04-07 10:00:00', NULL, NULL),
(55, 56, 'REVIEW_COMMENT', 55, 'ABUSE', '사유 상세 055', '신고 사유 055', 'PENDING', '2026-04-08 10:00:00', NULL, NULL),
(56, 57, 'POST', 56, 'HATE', '사유 상세 056', '신고 사유 056', 'PENDING', '2026-04-09 10:00:00', NULL, NULL),
(57, 58, 'REVIEW', 57, 'SEXUAL', '사유 상세 057', '신고 사유 057', 'PENDING', '2026-04-10 10:00:00', NULL, NULL),
(58, 59, 'POST_COMMENT', 58, 'VIOLENCE', '사유 상세 058', '신고 사유 058', 'PENDING', '2026-04-11 10:00:00', NULL, NULL),
(59, 60, 'REVIEW_COMMENT', 59, 'PRIVACY', '사유 상세 059', '신고 사유 059', 'PENDING', '2026-04-12 10:00:00', NULL, NULL),
(60, 61, 'POST', 60, 'FRAUD', '사유 상세 060', '신고 사유 060', 'PENDING', '2026-04-13 10:00:00', NULL, NULL),
(61, 62, 'REVIEW', 61, 'COPYRIGHT', '사유 상세 061', '신고 사유 061', 'PENDING', '2026-04-14 10:00:00', NULL, NULL),
(62, 63, 'POST_COMMENT', 62, 'OTHER', '사유 상세 062', '신고 사유 062', 'PENDING', '2026-04-15 10:00:00', NULL, NULL),
(63, 64, 'REVIEW_COMMENT', 63, 'SPAM', '사유 상세 063', '신고 사유 063', 'PENDING', '2026-04-16 10:00:00', NULL, NULL),
(64, 65, 'POST', 64, 'ABUSE', '사유 상세 064', '신고 사유 064', 'PENDING', '2026-04-17 10:00:00', NULL, NULL),
(65, 66, 'REVIEW', 65, 'HATE', '사유 상세 065', '신고 사유 065', 'PENDING', '2026-04-18 10:00:00', NULL, NULL),
(66, 67, 'POST_COMMENT', 66, 'SEXUAL', '사유 상세 066', '신고 사유 066', 'PENDING', '2026-04-19 10:00:00', NULL, NULL),
(67, 68, 'REVIEW_COMMENT', 67, 'VIOLENCE', '사유 상세 067', '신고 사유 067', 'PENDING', '2026-04-20 10:00:00', NULL, NULL),
(68, 69, 'POST', 68, 'PRIVACY', '사유 상세 068', '신고 사유 068', 'PENDING', '2026-04-21 10:00:00', NULL, NULL),
(69, 70, 'REVIEW', 69, 'FRAUD', '사유 상세 069', '신고 사유 069', 'PENDING', '2026-04-22 10:00:00', NULL, NULL),
(70, 71, 'POST_COMMENT', 70, 'COPYRIGHT', '사유 상세 070', '신고 사유 070', 'PENDING', '2026-04-23 10:00:00', NULL, NULL),
(71, 72, 'REVIEW_COMMENT', 71, 'OTHER', '사유 상세 071', '신고 사유 071', 'PENDING', '2026-04-24 10:00:00', NULL, NULL),
(72, 73, 'POST', 72, 'SPAM', '사유 상세 072', '신고 사유 072', 'PENDING', '2026-04-25 10:00:00', NULL, NULL),
(73, 74, 'REVIEW', 73, 'ABUSE', '사유 상세 073', '신고 사유 073', 'PENDING', '2026-04-26 10:00:00', NULL, NULL),
(74, 75, 'POST_COMMENT', 74, 'HATE', '사유 상세 074', '신고 사유 074', 'PENDING', '2026-04-27 10:00:00', NULL, NULL),
(75, 76, 'REVIEW_COMMENT', 75, 'SEXUAL', '사유 상세 075', '신고 사유 075', 'PENDING', '2026-04-28 10:00:00', NULL, NULL),
(76, 77, 'POST', 76, 'VIOLENCE', '사유 상세 076', '신고 사유 076', 'PENDING', '2026-04-29 10:00:00', NULL, NULL),
(77, 78, 'REVIEW', 77, 'PRIVACY', '사유 상세 077', '신고 사유 077', 'PENDING', '2026-04-30 10:00:00', NULL, NULL),
(78, 79, 'POST_COMMENT', 78, 'FRAUD', '사유 상세 078', '신고 사유 078', 'PENDING', '2026-05-01 10:00:00', NULL, NULL),
(79, 80, 'REVIEW_COMMENT', 79, 'COPYRIGHT', '사유 상세 079', '신고 사유 079', 'PENDING', '2026-05-02 10:00:00', NULL, NULL),
(80, 81, 'POST', 80, 'OTHER', '사유 상세 080', '신고 사유 080', 'PENDING', '2026-05-03 10:00:00', NULL, NULL),
(81, 82, 'REVIEW', 81, 'SPAM', '사유 상세 081', '신고 사유 081', 'PENDING', '2026-05-04 10:00:00', NULL, NULL),
(82, 83, 'POST_COMMENT', 82, 'ABUSE', '사유 상세 082', '신고 사유 082', 'PENDING', '2026-05-05 10:00:00', NULL, NULL),
(83, 84, 'REVIEW_COMMENT', 83, 'HATE', '사유 상세 083', '신고 사유 083', 'PENDING', '2026-05-06 10:00:00', NULL, NULL),
(84, 85, 'POST', 84, 'SEXUAL', '사유 상세 084', '신고 사유 084', 'PENDING', '2026-05-07 10:00:00', NULL, NULL),
(85, 86, 'REVIEW', 85, 'VIOLENCE', '사유 상세 085', '신고 사유 085', 'PENDING', '2026-05-08 10:00:00', NULL, NULL),
(86, 87, 'POST_COMMENT', 86, 'PRIVACY', '사유 상세 086', '신고 사유 086', 'PENDING', '2026-05-09 10:00:00', NULL, NULL),
(87, 88, 'REVIEW_COMMENT', 87, 'FRAUD', '사유 상세 087', '신고 사유 087', 'PENDING', '2026-05-10 10:00:00', NULL, NULL),
(88, 89, 'POST', 88, 'COPYRIGHT', '사유 상세 088', '신고 사유 088', 'PENDING', '2026-05-11 10:00:00', NULL, NULL),
(89, 90, 'REVIEW', 89, 'OTHER', '사유 상세 089', '신고 사유 089', 'PENDING', '2026-05-12 10:00:00', NULL, NULL),
(90, 91, 'POST_COMMENT', 90, 'SPAM', '사유 상세 090', '신고 사유 090', 'PENDING', '2026-05-13 10:00:00', NULL, NULL),
(91, 92, 'REVIEW_COMMENT', 91, 'ABUSE', '사유 상세 091', '신고 사유 091', 'PENDING', '2026-05-14 10:00:00', NULL, NULL),
(92, 93, 'POST', 92, 'HATE', '사유 상세 092', '신고 사유 092', 'PENDING', '2026-05-15 10:00:00', NULL, NULL),
(93, 94, 'REVIEW', 93, 'SEXUAL', '사유 상세 093', '신고 사유 093', 'PENDING', '2026-05-16 10:00:00', NULL, NULL),
(94, 95, 'POST_COMMENT', 94, 'VIOLENCE', '사유 상세 094', '신고 사유 094', 'PENDING', '2026-05-17 10:00:00', NULL, NULL),
(95, 96, 'REVIEW_COMMENT', 95, 'PRIVACY', '사유 상세 095', '신고 사유 095', 'PENDING', '2026-05-18 10:00:00', NULL, NULL),
(96, 97, 'POST', 96, 'FRAUD', '사유 상세 096', '신고 사유 096', 'PENDING', '2026-05-19 10:00:00', NULL, NULL),
(97, 98, 'REVIEW', 97, 'COPYRIGHT', '사유 상세 097', '신고 사유 097', 'PENDING', '2026-05-20 10:00:00', NULL, NULL),
(98, 99, 'POST_COMMENT', 98, 'OTHER', '사유 상세 098', '신고 사유 098', 'PENDING', '2026-05-21 10:00:00', NULL, NULL),
(99, 100, 'REVIEW_COMMENT', 99, 'SPAM', '사유 상세 099', '신고 사유 099', 'PENDING', '2026-05-22 10:00:00', NULL, NULL),
(100, 1, 'POST', 100, 'ABUSE', '사유 상세 100', '신고 사유 100', 'PENDING', '2026-05-23 10:00:00', NULL, NULL);

-- reviews
INSERT INTO reviews (review_id, event_id, user_id, rating, content, view_count, created_at, updated_at, is_deleted, is_comment_enabled, review_status) VALUES
(1, 1, 1, 2, '후기 001 - 운영/대기/동선/부스 만족도 리뷰', 11, '2026-02-16 09:00:00', '2026-02-16 09:00:00', 0, 1, 'PUBLIC'),
(2, 2, 2, 3, '후기 002 - 운영/대기/동선/부스 만족도 리뷰', 22, '2026-02-17 09:00:00', '2026-02-17 09:00:00', 0, 1, 'PUBLIC'),
(3, 3, 3, 4, '후기 003 - 운영/대기/동선/부스 만족도 리뷰', 33, '2026-02-18 09:00:00', '2026-02-18 09:00:00', 0, 1, 'PUBLIC'),
(4, 4, 4, 5, '후기 004 - 운영/대기/동선/부스 만족도 리뷰', 44, '2026-02-19 09:00:00', '2026-02-19 09:00:00', 0, 1, 'PUBLIC'),
(5, 5, 5, 1, '후기 005 - 운영/대기/동선/부스 만족도 리뷰', 55, '2026-02-20 09:00:00', '2026-02-20 09:00:00', 0, 1, 'PUBLIC'),
(6, 6, 6, 2, '후기 006 - 운영/대기/동선/부스 만족도 리뷰', 66, '2026-02-21 09:00:00', '2026-02-21 09:00:00', 0, 1, 'PUBLIC'),
(7, 7, 7, 3, '후기 007 - 운영/대기/동선/부스 만족도 리뷰', 77, '2026-02-22 09:00:00', '2026-02-22 09:00:00', 0, 1, 'PUBLIC'),
(8, 8, 8, 4, '후기 008 - 운영/대기/동선/부스 만족도 리뷰', 88, '2026-02-23 09:00:00', '2026-02-23 09:00:00', 0, 1, 'PUBLIC'),
(9, 9, 9, 5, '후기 009 - 운영/대기/동선/부스 만족도 리뷰', 99, '2026-02-24 09:00:00', '2026-02-24 09:00:00', 0, 1, 'PUBLIC'),
(10, 10, 10, 1, '후기 010 - 운영/대기/동선/부스 만족도 리뷰', 110, '2026-02-25 09:00:00', '2026-02-25 09:00:00', 0, 1, 'PUBLIC'),
(11, 11, 11, 2, '후기 011 - 운영/대기/동선/부스 만족도 리뷰', 121, '2026-02-26 09:00:00', '2026-02-26 09:00:00', 0, 1, 'PUBLIC'),
(12, 12, 12, 3, '후기 012 - 운영/대기/동선/부스 만족도 리뷰', 132, '2026-02-27 09:00:00', '2026-02-27 09:00:00', 0, 1, 'PUBLIC'),
(13, 13, 13, 4, '후기 013 - 운영/대기/동선/부스 만족도 리뷰', 143, '2026-02-28 09:00:00', '2026-02-28 09:00:00', 0, 1, 'PUBLIC'),
(14, 14, 14, 5, '후기 014 - 운영/대기/동선/부스 만족도 리뷰', 154, '2026-03-01 09:00:00', '2026-03-01 09:00:00', 0, 1, 'PUBLIC'),
(15, 15, 15, 1, '후기 015 - 운영/대기/동선/부스 만족도 리뷰', 165, '2026-03-02 09:00:00', '2026-03-02 09:00:00', 0, 1, 'PUBLIC'),
(16, 16, 16, 2, '후기 016 - 운영/대기/동선/부스 만족도 리뷰', 176, '2026-03-03 09:00:00', '2026-03-03 09:00:00', 0, 1, 'PUBLIC'),
(17, 17, 17, 3, '후기 017 - 운영/대기/동선/부스 만족도 리뷰', 187, '2026-03-04 09:00:00', '2026-03-04 09:00:00', 0, 1, 'PUBLIC'),
(18, 18, 18, 4, '후기 018 - 운영/대기/동선/부스 만족도 리뷰', 198, '2026-03-05 09:00:00', '2026-03-05 09:00:00', 0, 1, 'PUBLIC'),
(19, 19, 19, 5, '후기 019 - 운영/대기/동선/부스 만족도 리뷰', 209, '2026-03-06 09:00:00', '2026-03-06 09:00:00', 0, 1, 'PUBLIC'),
(20, 20, 20, 1, '후기 020 - 운영/대기/동선/부스 만족도 리뷰', 220, '2026-03-07 09:00:00', '2026-03-07 09:00:00', 0, 1, 'PUBLIC'),
(21, 21, 21, 2, '후기 021 - 운영/대기/동선/부스 만족도 리뷰', 231, '2026-03-08 09:00:00', '2026-03-08 09:00:00', 0, 1, 'PUBLIC'),
(22, 22, 22, 3, '후기 022 - 운영/대기/동선/부스 만족도 리뷰', 242, '2026-03-09 09:00:00', '2026-03-09 09:00:00', 0, 1, 'PUBLIC'),
(23, 23, 23, 4, '후기 023 - 운영/대기/동선/부스 만족도 리뷰', 253, '2026-03-10 09:00:00', '2026-03-10 09:00:00', 0, 1, 'PUBLIC'),
(24, 24, 24, 5, '후기 024 - 운영/대기/동선/부스 만족도 리뷰', 264, '2026-03-11 09:00:00', '2026-03-11 09:00:00', 0, 1, 'PUBLIC'),
(25, 25, 25, 1, '후기 025 - 운영/대기/동선/부스 만족도 리뷰', 275, '2026-03-12 09:00:00', '2026-03-12 09:00:00', 0, 1, 'PUBLIC'),
(26, 26, 26, 2, '후기 026 - 운영/대기/동선/부스 만족도 리뷰', 286, '2026-03-13 09:00:00', '2026-03-13 09:00:00', 0, 1, 'PUBLIC'),
(27, 27, 27, 3, '후기 027 - 운영/대기/동선/부스 만족도 리뷰', 297, '2026-03-14 09:00:00', '2026-03-14 09:00:00', 0, 1, 'PUBLIC'),
(28, 28, 28, 4, '후기 028 - 운영/대기/동선/부스 만족도 리뷰', 308, '2026-03-15 09:00:00', '2026-03-15 09:00:00', 0, 1, 'PUBLIC'),
(29, 29, 29, 5, '후기 029 - 운영/대기/동선/부스 만족도 리뷰', 319, '2026-03-16 09:00:00', '2026-03-16 09:00:00', 0, 1, 'PUBLIC'),
(30, 30, 30, 1, '후기 030 - 운영/대기/동선/부스 만족도 리뷰', 330, '2026-03-17 09:00:00', '2026-03-17 09:00:00', 0, 1, 'PUBLIC'),
(31, 31, 31, 2, '후기 031 - 운영/대기/동선/부스 만족도 리뷰', 341, '2026-03-18 09:00:00', '2026-03-18 09:00:00', 0, 1, 'PUBLIC'),
(32, 32, 32, 3, '후기 032 - 운영/대기/동선/부스 만족도 리뷰', 352, '2026-03-19 09:00:00', '2026-03-19 09:00:00', 0, 1, 'PUBLIC'),
(33, 33, 33, 4, '후기 033 - 운영/대기/동선/부스 만족도 리뷰', 363, '2026-03-20 09:00:00', '2026-03-20 09:00:00', 0, 1, 'PUBLIC'),
(34, 34, 34, 5, '후기 034 - 운영/대기/동선/부스 만족도 리뷰', 374, '2026-03-21 09:00:00', '2026-03-21 09:00:00', 0, 1, 'PUBLIC'),
(35, 35, 35, 1, '후기 035 - 운영/대기/동선/부스 만족도 리뷰', 385, '2026-03-22 09:00:00', '2026-03-22 09:00:00', 0, 1, 'PUBLIC'),
(36, 36, 36, 2, '후기 036 - 운영/대기/동선/부스 만족도 리뷰', 396, '2026-03-23 09:00:00', '2026-03-23 09:00:00', 0, 1, 'PUBLIC'),
(37, 37, 37, 3, '후기 037 - 운영/대기/동선/부스 만족도 리뷰', 407, '2026-03-24 09:00:00', '2026-03-24 09:00:00', 0, 1, 'PUBLIC'),
(38, 38, 38, 4, '후기 038 - 운영/대기/동선/부스 만족도 리뷰', 418, '2026-03-25 09:00:00', '2026-03-25 09:00:00', 0, 1, 'PUBLIC'),
(39, 39, 39, 5, '후기 039 - 운영/대기/동선/부스 만족도 리뷰', 429, '2026-03-26 09:00:00', '2026-03-26 09:00:00', 0, 1, 'PUBLIC'),
(40, 40, 40, 1, '후기 040 - 운영/대기/동선/부스 만족도 리뷰', 440, '2026-03-27 09:00:00', '2026-03-27 09:00:00', 1, 1, 'DELETED'),
(41, 41, 41, 2, '후기 041 - 운영/대기/동선/부스 만족도 리뷰', 451, '2026-03-28 09:00:00', '2026-03-28 09:00:00', 0, 1, 'PUBLIC'),
(42, 42, 42, 3, '후기 042 - 운영/대기/동선/부스 만족도 리뷰', 462, '2026-03-29 09:00:00', '2026-03-29 09:00:00', 0, 1, 'PUBLIC'),
(43, 43, 43, 4, '후기 043 - 운영/대기/동선/부스 만족도 리뷰', 473, '2026-03-30 09:00:00', '2026-03-30 09:00:00', 0, 1, 'PUBLIC'),
(44, 44, 44, 5, '후기 044 - 운영/대기/동선/부스 만족도 리뷰', 484, '2026-03-31 09:00:00', '2026-03-31 09:00:00', 0, 1, 'PUBLIC'),
(45, 45, 45, 1, '후기 045 - 운영/대기/동선/부스 만족도 리뷰', 495, '2026-04-01 09:00:00', '2026-04-01 09:00:00', 0, 1, 'PUBLIC'),
(46, 46, 46, 2, '후기 046 - 운영/대기/동선/부스 만족도 리뷰', 506, '2026-04-02 09:00:00', '2026-04-02 09:00:00', 0, 1, 'PUBLIC'),
(47, 47, 47, 3, '후기 047 - 운영/대기/동선/부스 만족도 리뷰', 517, '2026-04-03 09:00:00', '2026-04-03 09:00:00', 0, 1, 'PUBLIC'),
(48, 48, 48, 4, '후기 048 - 운영/대기/동선/부스 만족도 리뷰', 528, '2026-04-04 09:00:00', '2026-04-04 09:00:00', 0, 1, 'PUBLIC'),
(49, 49, 49, 5, '후기 049 - 운영/대기/동선/부스 만족도 리뷰', 539, '2026-04-05 09:00:00', '2026-04-05 09:00:00', 0, 1, 'PUBLIC'),
(50, 50, 50, 1, '후기 050 - 운영/대기/동선/부스 만족도 리뷰', 550, '2026-04-06 09:00:00', '2026-04-06 09:00:00', 0, 1, 'PUBLIC'),
(51, 51, 51, 2, '후기 051 - 운영/대기/동선/부스 만족도 리뷰', 561, '2026-04-07 09:00:00', '2026-04-07 09:00:00', 0, 1, 'PUBLIC'),
(52, 52, 52, 3, '후기 052 - 운영/대기/동선/부스 만족도 리뷰', 572, '2026-04-08 09:00:00', '2026-04-08 09:00:00', 0, 1, 'PUBLIC'),
(53, 53, 53, 4, '후기 053 - 운영/대기/동선/부스 만족도 리뷰', 583, '2026-04-09 09:00:00', '2026-04-09 09:00:00', 0, 1, 'PUBLIC'),
(54, 54, 54, 5, '후기 054 - 운영/대기/동선/부스 만족도 리뷰', 594, '2026-04-10 09:00:00', '2026-04-10 09:00:00', 0, 1, 'PUBLIC'),
(55, 55, 55, 1, '후기 055 - 운영/대기/동선/부스 만족도 리뷰', 605, '2026-04-11 09:00:00', '2026-04-11 09:00:00', 0, 1, 'PUBLIC'),
(56, 56, 56, 2, '후기 056 - 운영/대기/동선/부스 만족도 리뷰', 616, '2026-04-12 09:00:00', '2026-04-12 09:00:00', 0, 1, 'PUBLIC'),
(57, 57, 57, 3, '후기 057 - 운영/대기/동선/부스 만족도 리뷰', 627, '2026-04-13 09:00:00', '2026-04-13 09:00:00', 0, 1, 'PUBLIC'),
(58, 58, 58, 4, '후기 058 - 운영/대기/동선/부스 만족도 리뷰', 638, '2026-04-14 09:00:00', '2026-04-14 09:00:00', 0, 1, 'PUBLIC'),
(59, 59, 59, 5, '후기 059 - 운영/대기/동선/부스 만족도 리뷰', 649, '2026-04-15 09:00:00', '2026-04-15 09:00:00', 0, 1, 'PUBLIC'),
(60, 60, 60, 1, '후기 060 - 운영/대기/동선/부스 만족도 리뷰', 660, '2026-04-16 09:00:00', '2026-04-16 09:00:00', 0, 1, 'PUBLIC'),
(61, 61, 61, 2, '후기 061 - 운영/대기/동선/부스 만족도 리뷰', 671, '2026-04-17 09:00:00', '2026-04-17 09:00:00', 0, 1, 'PUBLIC'),
(62, 62, 62, 3, '후기 062 - 운영/대기/동선/부스 만족도 리뷰', 682, '2026-04-18 09:00:00', '2026-04-18 09:00:00', 0, 1, 'PUBLIC'),
(63, 63, 63, 4, '후기 063 - 운영/대기/동선/부스 만족도 리뷰', 693, '2026-04-19 09:00:00', '2026-04-19 09:00:00', 0, 1, 'PUBLIC'),
(64, 64, 64, 5, '후기 064 - 운영/대기/동선/부스 만족도 리뷰', 704, '2026-04-20 09:00:00', '2026-04-20 09:00:00', 0, 1, 'PUBLIC'),
(65, 65, 65, 1, '후기 065 - 운영/대기/동선/부스 만족도 리뷰', 715, '2026-04-21 09:00:00', '2026-04-21 09:00:00', 0, 1, 'PUBLIC'),
(66, 66, 66, 2, '후기 066 - 운영/대기/동선/부스 만족도 리뷰', 726, '2026-04-22 09:00:00', '2026-04-22 09:00:00', 0, 1, 'PUBLIC'),
(67, 67, 67, 3, '후기 067 - 운영/대기/동선/부스 만족도 리뷰', 737, '2026-04-23 09:00:00', '2026-04-23 09:00:00', 0, 1, 'PUBLIC'),
(68, 68, 68, 4, '후기 068 - 운영/대기/동선/부스 만족도 리뷰', 748, '2026-04-24 09:00:00', '2026-04-24 09:00:00', 0, 1, 'PUBLIC'),
(69, 69, 69, 5, '후기 069 - 운영/대기/동선/부스 만족도 리뷰', 759, '2026-04-25 09:00:00', '2026-04-25 09:00:00', 0, 1, 'PUBLIC'),
(70, 70, 70, 1, '후기 070 - 운영/대기/동선/부스 만족도 리뷰', 770, '2026-04-26 09:00:00', '2026-04-26 09:00:00', 0, 1, 'PUBLIC'),
(71, 71, 71, 2, '후기 071 - 운영/대기/동선/부스 만족도 리뷰', 781, '2026-04-27 09:00:00', '2026-04-27 09:00:00', 0, 1, 'PUBLIC'),
(72, 72, 72, 3, '후기 072 - 운영/대기/동선/부스 만족도 리뷰', 792, '2026-04-28 09:00:00', '2026-04-28 09:00:00', 0, 1, 'PUBLIC'),
(73, 73, 73, 4, '후기 073 - 운영/대기/동선/부스 만족도 리뷰', 803, '2026-04-29 09:00:00', '2026-04-29 09:00:00', 0, 1, 'PUBLIC'),
(74, 74, 74, 5, '후기 074 - 운영/대기/동선/부스 만족도 리뷰', 814, '2026-04-30 09:00:00', '2026-04-30 09:00:00', 0, 1, 'PUBLIC'),
(75, 75, 75, 1, '후기 075 - 운영/대기/동선/부스 만족도 리뷰', 825, '2026-05-01 09:00:00', '2026-05-01 09:00:00', 0, 1, 'PUBLIC'),
(76, 76, 76, 2, '후기 076 - 운영/대기/동선/부스 만족도 리뷰', 836, '2026-05-02 09:00:00', '2026-05-02 09:00:00', 0, 1, 'PUBLIC'),
(77, 77, 77, 3, '후기 077 - 운영/대기/동선/부스 만족도 리뷰', 847, '2026-05-03 09:00:00', '2026-05-03 09:00:00', 0, 1, 'PUBLIC'),
(78, 78, 78, 4, '후기 078 - 운영/대기/동선/부스 만족도 리뷰', 858, '2026-05-04 09:00:00', '2026-05-04 09:00:00', 0, 1, 'PUBLIC'),
(79, 79, 79, 5, '후기 079 - 운영/대기/동선/부스 만족도 리뷰', 869, '2026-05-05 09:00:00', '2026-05-05 09:00:00', 0, 1, 'PUBLIC'),
(80, 80, 80, 1, '후기 080 - 운영/대기/동선/부스 만족도 리뷰', 880, '2026-05-06 09:00:00', '2026-05-06 09:00:00', 1, 1, 'DELETED'),
(81, 81, 81, 2, '후기 081 - 운영/대기/동선/부스 만족도 리뷰', 891, '2026-05-07 09:00:00', '2026-05-07 09:00:00', 0, 1, 'PUBLIC'),
(82, 82, 82, 3, '후기 082 - 운영/대기/동선/부스 만족도 리뷰', 902, '2026-05-08 09:00:00', '2026-05-08 09:00:00', 0, 1, 'PUBLIC'),
(83, 83, 83, 4, '후기 083 - 운영/대기/동선/부스 만족도 리뷰', 913, '2026-05-09 09:00:00', '2026-05-09 09:00:00', 0, 1, 'PUBLIC'),
(84, 84, 84, 5, '후기 084 - 운영/대기/동선/부스 만족도 리뷰', 924, '2026-05-10 09:00:00', '2026-05-10 09:00:00', 0, 1, 'PUBLIC'),
(85, 85, 85, 1, '후기 085 - 운영/대기/동선/부스 만족도 리뷰', 935, '2026-05-11 09:00:00', '2026-05-11 09:00:00', 0, 1, 'PUBLIC'),
(86, 86, 86, 2, '후기 086 - 운영/대기/동선/부스 만족도 리뷰', 946, '2026-05-12 09:00:00', '2026-05-12 09:00:00', 0, 1, 'PUBLIC'),
(87, 87, 87, 3, '후기 087 - 운영/대기/동선/부스 만족도 리뷰', 957, '2026-05-13 09:00:00', '2026-05-13 09:00:00', 0, 1, 'PUBLIC'),
(88, 88, 88, 4, '후기 088 - 운영/대기/동선/부스 만족도 리뷰', 968, '2026-05-14 09:00:00', '2026-05-14 09:00:00', 0, 1, 'PUBLIC'),
(89, 89, 89, 5, '후기 089 - 운영/대기/동선/부스 만족도 리뷰', 979, '2026-05-15 09:00:00', '2026-05-15 09:00:00', 0, 1, 'PUBLIC'),
(90, 90, 90, 1, '후기 090 - 운영/대기/동선/부스 만족도 리뷰', 990, '2026-05-16 09:00:00', '2026-05-16 09:00:00', 0, 1, 'PUBLIC'),
(91, 91, 91, 2, '후기 091 - 운영/대기/동선/부스 만족도 리뷰', 1001, '2026-05-17 09:00:00', '2026-05-17 09:00:00', 0, 1, 'PUBLIC'),
(92, 92, 92, 3, '후기 092 - 운영/대기/동선/부스 만족도 리뷰', 1012, '2026-05-18 09:00:00', '2026-05-18 09:00:00', 0, 1, 'PUBLIC'),
(93, 93, 93, 4, '후기 093 - 운영/대기/동선/부스 만족도 리뷰', 1023, '2026-05-19 09:00:00', '2026-05-19 09:00:00', 0, 1, 'PUBLIC'),
(94, 94, 94, 5, '후기 094 - 운영/대기/동선/부스 만족도 리뷰', 1034, '2026-05-20 09:00:00', '2026-05-20 09:00:00', 0, 1, 'PUBLIC'),
(95, 95, 95, 1, '후기 095 - 운영/대기/동선/부스 만족도 리뷰', 1045, '2026-05-21 09:00:00', '2026-05-21 09:00:00', 0, 1, 'PUBLIC'),
(96, 96, 96, 2, '후기 096 - 운영/대기/동선/부스 만족도 리뷰', 1056, '2026-05-22 09:00:00', '2026-05-22 09:00:00', 0, 1, 'PUBLIC'),
(97, 97, 97, 3, '후기 097 - 운영/대기/동선/부스 만족도 리뷰', 1067, '2026-05-23 09:00:00', '2026-05-23 09:00:00', 0, 1, 'PUBLIC'),
(98, 98, 98, 4, '후기 098 - 운영/대기/동선/부스 만족도 리뷰', 1078, '2026-05-24 09:00:00', '2026-05-24 09:00:00', 0, 1, 'PUBLIC'),
(99, 99, 99, 5, '후기 099 - 운영/대기/동선/부스 만족도 리뷰', 1089, '2026-05-25 09:00:00', '2026-05-25 09:00:00', 0, 1, 'PUBLIC'),
(100, 100, 100, 1, '후기 100 - 운영/대기/동선/부스 만족도 리뷰', 1100, '2026-05-26 09:00:00', '2026-05-26 09:00:00', 0, 1, 'PUBLIC');

-- review_comments
INSERT INTO review_comments (comment_id, review_id, user_id, content, created_at, updated_at, is_deleted) VALUES
(1, 2, 6, '후기댓글 001 - 공감/추가정보', '2026-02-17 09:30:00', '2026-02-17 09:30:00', 0),
(2, 3, 11, '후기댓글 002 - 공감/추가정보', '2026-02-18 09:30:00', '2026-02-18 09:30:00', 0),
(3, 4, 16, '후기댓글 003 - 공감/추가정보', '2026-02-19 09:30:00', '2026-02-19 09:30:00', 0),
(4, 5, 21, '후기댓글 004 - 공감/추가정보', '2026-02-20 09:30:00', '2026-02-20 09:30:00', 0),
(5, 6, 26, '후기댓글 005 - 공감/추가정보', '2026-02-21 09:30:00', '2026-02-21 09:30:00', 0),
(6, 7, 31, '후기댓글 006 - 공감/추가정보', '2026-02-22 09:30:00', '2026-02-22 09:30:00', 0),
(7, 8, 36, '후기댓글 007 - 공감/추가정보', '2026-02-23 09:30:00', '2026-02-23 09:30:00', 0),
(8, 9, 41, '후기댓글 008 - 공감/추가정보', '2026-02-24 09:30:00', '2026-02-24 09:30:00', 0),
(9, 10, 46, '후기댓글 009 - 공감/추가정보', '2026-02-25 09:30:00', '2026-02-25 09:30:00', 0),
(10, 11, 51, '후기댓글 010 - 공감/추가정보', '2026-02-26 09:30:00', '2026-02-26 09:30:00', 0),
(11, 12, 56, '후기댓글 011 - 공감/추가정보', '2026-02-27 09:30:00', '2026-02-27 09:30:00', 0),
(12, 13, 61, '후기댓글 012 - 공감/추가정보', '2026-02-28 09:30:00', '2026-02-28 09:30:00', 0),
(13, 14, 66, '후기댓글 013 - 공감/추가정보', '2026-03-01 09:30:00', '2026-03-01 09:30:00', 0),
(14, 15, 71, '후기댓글 014 - 공감/추가정보', '2026-03-02 09:30:00', '2026-03-02 09:30:00', 0),
(15, 16, 76, '후기댓글 015 - 공감/추가정보', '2026-03-03 09:30:00', '2026-03-03 09:30:00', 0),
(16, 17, 81, '후기댓글 016 - 공감/추가정보', '2026-03-04 09:30:00', '2026-03-04 09:30:00', 0),
(17, 18, 86, '후기댓글 017 - 공감/추가정보', '2026-03-05 09:30:00', '2026-03-05 09:30:00', 0),
(18, 19, 91, '후기댓글 018 - 공감/추가정보', '2026-03-06 09:30:00', '2026-03-06 09:30:00', 0),
(19, 20, 96, '후기댓글 019 - 공감/추가정보', '2026-03-07 09:30:00', '2026-03-07 09:30:00', 0),
(20, 21, 1, '후기댓글 020 - 공감/추가정보', '2026-03-08 09:30:00', '2026-03-08 09:30:00', 0),
(21, 22, 6, '후기댓글 021 - 공감/추가정보', '2026-03-09 09:30:00', '2026-03-09 09:30:00', 0),
(22, 23, 11, '후기댓글 022 - 공감/추가정보', '2026-03-10 09:30:00', '2026-03-10 09:30:00', 0),
(23, 24, 16, '후기댓글 023 - 공감/추가정보', '2026-03-11 09:30:00', '2026-03-11 09:30:00', 0),
(24, 25, 21, '후기댓글 024 - 공감/추가정보', '2026-03-12 09:30:00', '2026-03-12 09:30:00', 0),
(25, 26, 26, '후기댓글 025 - 공감/추가정보', '2026-03-13 09:30:00', '2026-03-13 09:30:00', 0),
(26, 27, 31, '후기댓글 026 - 공감/추가정보', '2026-03-14 09:30:00', '2026-03-14 09:30:00', 0),
(27, 28, 36, '후기댓글 027 - 공감/추가정보', '2026-03-15 09:30:00', '2026-03-15 09:30:00', 0),
(28, 29, 41, '후기댓글 028 - 공감/추가정보', '2026-03-16 09:30:00', '2026-03-16 09:30:00', 0),
(29, 30, 46, '후기댓글 029 - 공감/추가정보', '2026-03-17 09:30:00', '2026-03-17 09:30:00', 0),
(30, 31, 51, '후기댓글 030 - 공감/추가정보', '2026-03-18 09:30:00', '2026-03-18 09:30:00', 0),
(31, 32, 56, '후기댓글 031 - 공감/추가정보', '2026-03-19 09:30:00', '2026-03-19 09:30:00', 0),
(32, 33, 61, '후기댓글 032 - 공감/추가정보', '2026-03-20 09:30:00', '2026-03-20 09:30:00', 0),
(33, 34, 66, '후기댓글 033 - 공감/추가정보', '2026-03-21 09:30:00', '2026-03-21 09:30:00', 0),
(34, 35, 71, '후기댓글 034 - 공감/추가정보', '2026-03-22 09:30:00', '2026-03-22 09:30:00', 0),
(35, 36, 76, '후기댓글 035 - 공감/추가정보', '2026-03-23 09:30:00', '2026-03-23 09:30:00', 0),
(36, 37, 81, '후기댓글 036 - 공감/추가정보', '2026-03-24 09:30:00', '2026-03-24 09:30:00', 0),
(37, 38, 86, '후기댓글 037 - 공감/추가정보', '2026-03-25 09:30:00', '2026-03-25 09:30:00', 0),
(38, 39, 91, '후기댓글 038 - 공감/추가정보', '2026-03-26 09:30:00', '2026-03-26 09:30:00', 0),
(39, 40, 96, '후기댓글 039 - 공감/추가정보', '2026-03-27 09:30:00', '2026-03-27 09:30:00', 0),
(40, 41, 1, '후기댓글 040 - 공감/추가정보', '2026-03-28 09:30:00', '2026-03-28 09:30:00', 0),
(41, 42, 6, '후기댓글 041 - 공감/추가정보', '2026-03-29 09:30:00', '2026-03-29 09:30:00', 0),
(42, 43, 11, '후기댓글 042 - 공감/추가정보', '2026-03-30 09:30:00', '2026-03-30 09:30:00', 0),
(43, 44, 16, '후기댓글 043 - 공감/추가정보', '2026-03-31 09:30:00', '2026-03-31 09:30:00', 0),
(44, 45, 21, '후기댓글 044 - 공감/추가정보', '2026-04-01 09:30:00', '2026-04-01 09:30:00', 0),
(45, 46, 26, '후기댓글 045 - 공감/추가정보', '2026-04-02 09:30:00', '2026-04-02 09:30:00', 0),
(46, 47, 31, '후기댓글 046 - 공감/추가정보', '2026-04-03 09:30:00', '2026-04-03 09:30:00', 0),
(47, 48, 36, '후기댓글 047 - 공감/추가정보', '2026-04-04 09:30:00', '2026-04-04 09:30:00', 0),
(48, 49, 41, '후기댓글 048 - 공감/추가정보', '2026-04-05 09:30:00', '2026-04-05 09:30:00', 0),
(49, 50, 46, '후기댓글 049 - 공감/추가정보', '2026-04-06 09:30:00', '2026-04-06 09:30:00', 0),
(50, 51, 51, '후기댓글 050 - 공감/추가정보', '2026-04-07 09:30:00', '2026-04-07 09:30:00', 0),
(51, 52, 56, '후기댓글 051 - 공감/추가정보', '2026-04-08 09:30:00', '2026-04-08 09:30:00', 0),
(52, 53, 61, '후기댓글 052 - 공감/추가정보', '2026-04-09 09:30:00', '2026-04-09 09:30:00', 0),
(53, 54, 66, '후기댓글 053 - 공감/추가정보', '2026-04-10 09:30:00', '2026-04-10 09:30:00', 0),
(54, 55, 71, '후기댓글 054 - 공감/추가정보', '2026-04-11 09:30:00', '2026-04-11 09:30:00', 0),
(55, 56, 76, '후기댓글 055 - 공감/추가정보', '2026-04-12 09:30:00', '2026-04-12 09:30:00', 0),
(56, 57, 81, '후기댓글 056 - 공감/추가정보', '2026-04-13 09:30:00', '2026-04-13 09:30:00', 0),
(57, 58, 86, '후기댓글 057 - 공감/추가정보', '2026-04-14 09:30:00', '2026-04-14 09:30:00', 0),
(58, 59, 91, '후기댓글 058 - 공감/추가정보', '2026-04-15 09:30:00', '2026-04-15 09:30:00', 0),
(59, 60, 96, '후기댓글 059 - 공감/추가정보', '2026-04-16 09:30:00', '2026-04-16 09:30:00', 0),
(60, 61, 1, '후기댓글 060 - 공감/추가정보', '2026-04-17 09:30:00', '2026-04-17 09:30:00', 0),
(61, 62, 6, '후기댓글 061 - 공감/추가정보', '2026-04-18 09:30:00', '2026-04-18 09:30:00', 0),
(62, 63, 11, '후기댓글 062 - 공감/추가정보', '2026-04-19 09:30:00', '2026-04-19 09:30:00', 0),
(63, 64, 16, '후기댓글 063 - 공감/추가정보', '2026-04-20 09:30:00', '2026-04-20 09:30:00', 0),
(64, 65, 21, '후기댓글 064 - 공감/추가정보', '2026-04-21 09:30:00', '2026-04-21 09:30:00', 0),
(65, 66, 26, '후기댓글 065 - 공감/추가정보', '2026-04-22 09:30:00', '2026-04-22 09:30:00', 0),
(66, 67, 31, '후기댓글 066 - 공감/추가정보', '2026-04-23 09:30:00', '2026-04-23 09:30:00', 0),
(67, 68, 36, '후기댓글 067 - 공감/추가정보', '2026-04-24 09:30:00', '2026-04-24 09:30:00', 0),
(68, 69, 41, '후기댓글 068 - 공감/추가정보', '2026-04-25 09:30:00', '2026-04-25 09:30:00', 0),
(69, 70, 46, '후기댓글 069 - 공감/추가정보', '2026-04-26 09:30:00', '2026-04-26 09:30:00', 0),
(70, 71, 51, '후기댓글 070 - 공감/추가정보', '2026-04-27 09:30:00', '2026-04-27 09:30:00', 0),
(71, 72, 56, '후기댓글 071 - 공감/추가정보', '2026-04-28 09:30:00', '2026-04-28 09:30:00', 0),
(72, 73, 61, '후기댓글 072 - 공감/추가정보', '2026-04-29 09:30:00', '2026-04-29 09:30:00', 0),
(73, 74, 66, '후기댓글 073 - 공감/추가정보', '2026-04-30 09:30:00', '2026-04-30 09:30:00', 0),
(74, 75, 71, '후기댓글 074 - 공감/추가정보', '2026-05-01 09:30:00', '2026-05-01 09:30:00', 0),
(75, 76, 76, '후기댓글 075 - 공감/추가정보', '2026-05-02 09:30:00', '2026-05-02 09:30:00', 0),
(76, 77, 81, '후기댓글 076 - 공감/추가정보', '2026-05-03 09:30:00', '2026-05-03 09:30:00', 0),
(77, 78, 86, '후기댓글 077 - 공감/추가정보', '2026-05-04 09:30:00', '2026-05-04 09:30:00', 0),
(78, 79, 91, '후기댓글 078 - 공감/추가정보', '2026-05-05 09:30:00', '2026-05-05 09:30:00', 0),
(79, 80, 96, '후기댓글 079 - 공감/추가정보', '2026-05-06 09:30:00', '2026-05-06 09:30:00', 0),
(80, 81, 1, '후기댓글 080 - 공감/추가정보', '2026-05-07 09:30:00', '2026-05-07 09:30:00', 0),
(81, 82, 6, '후기댓글 081 - 공감/추가정보', '2026-05-08 09:30:00', '2026-05-08 09:30:00', 0),
(82, 83, 11, '후기댓글 082 - 공감/추가정보', '2026-05-09 09:30:00', '2026-05-09 09:30:00', 0),
(83, 84, 16, '후기댓글 083 - 공감/추가정보', '2026-05-10 09:30:00', '2026-05-10 09:30:00', 0),
(84, 85, 21, '후기댓글 084 - 공감/추가정보', '2026-05-11 09:30:00', '2026-05-11 09:30:00', 0),
(85, 86, 26, '후기댓글 085 - 공감/추가정보', '2026-05-12 09:30:00', '2026-05-12 09:30:00', 0),
(86, 87, 31, '후기댓글 086 - 공감/추가정보', '2026-05-13 09:30:00', '2026-05-13 09:30:00', 0),
(87, 88, 36, '후기댓글 087 - 공감/추가정보', '2026-05-14 09:30:00', '2026-05-14 09:30:00', 0),
(88, 89, 41, '후기댓글 088 - 공감/추가정보', '2026-05-15 09:30:00', '2026-05-15 09:30:00', 0),
(89, 90, 46, '후기댓글 089 - 공감/추가정보', '2026-05-16 09:30:00', '2026-05-16 09:30:00', 0),
(90, 91, 51, '후기댓글 090 - 공감/추가정보', '2026-05-17 09:30:00', '2026-05-17 09:30:00', 0),
(91, 92, 56, '후기댓글 091 - 공감/추가정보', '2026-05-18 09:30:00', '2026-05-18 09:30:00', 0),
(92, 93, 61, '후기댓글 092 - 공감/추가정보', '2026-05-19 09:30:00', '2026-05-19 09:30:00', 0),
(93, 94, 66, '후기댓글 093 - 공감/추가정보', '2026-05-20 09:30:00', '2026-05-20 09:30:00', 0),
(94, 95, 71, '후기댓글 094 - 공감/추가정보', '2026-05-21 09:30:00', '2026-05-21 09:30:00', 0),
(95, 96, 76, '후기댓글 095 - 공감/추가정보', '2026-05-22 09:30:00', '2026-05-22 09:30:00', 0),
(96, 97, 81, '후기댓글 096 - 공감/추가정보', '2026-05-23 09:30:00', '2026-05-23 09:30:00', 0),
(97, 98, 86, '후기댓글 097 - 공감/추가정보', '2026-05-24 09:30:00', '2026-05-24 09:30:00', 0),
(98, 99, 91, '후기댓글 098 - 공감/추가정보', '2026-05-25 09:30:00', '2026-05-25 09:30:00', 0),
(99, 100, 96, '후기댓글 099 - 공감/추가정보', '2026-05-26 09:30:00', '2026-05-26 09:30:00', 0),
(100, 1, 1, '후기댓글 100 - 공감/추가정보', '2026-05-27 09:30:00', '2026-05-27 09:30:00', 0);

-- inquiries
INSERT INTO inquiries (inquiry_id, user_id, category, inquiry_title, content, status, created_at, updated_at) VALUES
(1, 2, 'PAYMENT', '문의 001: 도움 요청', '문의 내용 001 - 실제 고객 문의 형태', 'IN_PROGRESS', '2026-02-19 10:00:00', '2026-02-19 10:00:00'),
(2, 3, 'REFUND', '문의 002: 도움 요청', '문의 내용 002 - 실제 고객 문의 형태', 'CLOSED', '2026-02-20 10:00:00', '2026-02-20 10:00:00'),
(3, 4, 'ACCOUNT', '문의 003: 도움 요청', '문의 내용 003 - 실제 고객 문의 형태', 'OPEN', '2026-02-21 10:00:00', '2026-02-21 10:00:00'),
(4, 5, 'OTHER', '문의 004: 도움 요청', '문의 내용 004 - 실제 고객 문의 형태', 'IN_PROGRESS', '2026-02-22 10:00:00', '2026-02-22 10:00:00'),
(5, 6, 'EVENT', '문의 005: 도움 요청', '문의 내용 005 - 실제 고객 문의 형태', 'CLOSED', '2026-02-23 10:00:00', '2026-02-23 10:00:00'),
(6, 7, 'PAYMENT', '문의 006: 도움 요청', '문의 내용 006 - 실제 고객 문의 형태', 'OPEN', '2026-02-24 10:00:00', '2026-02-24 10:00:00'),
(7, 8, 'REFUND', '문의 007: 도움 요청', '문의 내용 007 - 실제 고객 문의 형태', 'IN_PROGRESS', '2026-02-25 10:00:00', '2026-02-25 10:00:00'),
(8, 9, 'ACCOUNT', '문의 008: 도움 요청', '문의 내용 008 - 실제 고객 문의 형태', 'CLOSED', '2026-02-26 10:00:00', '2026-02-26 10:00:00'),
(9, 10, 'OTHER', '문의 009: 도움 요청', '문의 내용 009 - 실제 고객 문의 형태', 'OPEN', '2026-02-27 10:00:00', '2026-02-27 10:00:00'),
(10, 11, 'EVENT', '문의 010: 도움 요청', '문의 내용 010 - 실제 고객 문의 형태', 'IN_PROGRESS', '2026-02-28 10:00:00', '2026-02-28 10:00:00'),
(11, 12, 'PAYMENT', '문의 011: 도움 요청', '문의 내용 011 - 실제 고객 문의 형태', 'CLOSED', '2026-03-01 10:00:00', '2026-03-01 10:00:00'),
(12, 13, 'REFUND', '문의 012: 도움 요청', '문의 내용 012 - 실제 고객 문의 형태', 'OPEN', '2026-03-02 10:00:00', '2026-03-02 10:00:00'),
(13, 14, 'ACCOUNT', '문의 013: 도움 요청', '문의 내용 013 - 실제 고객 문의 형태', 'IN_PROGRESS', '2026-03-03 10:00:00', '2026-03-03 10:00:00'),
(14, 15, 'OTHER', '문의 014: 도움 요청', '문의 내용 014 - 실제 고객 문의 형태', 'CLOSED', '2026-03-04 10:00:00', '2026-03-04 10:00:00'),
(15, 16, 'EVENT', '문의 015: 도움 요청', '문의 내용 015 - 실제 고객 문의 형태', 'OPEN', '2026-03-05 10:00:00', '2026-03-05 10:00:00'),
(16, 17, 'PAYMENT', '문의 016: 도움 요청', '문의 내용 016 - 실제 고객 문의 형태', 'IN_PROGRESS', '2026-03-06 10:00:00', '2026-03-06 10:00:00'),
(17, 18, 'REFUND', '문의 017: 도움 요청', '문의 내용 017 - 실제 고객 문의 형태', 'CLOSED', '2026-03-07 10:00:00', '2026-03-07 10:00:00'),
(18, 19, 'ACCOUNT', '문의 018: 도움 요청', '문의 내용 018 - 실제 고객 문의 형태', 'OPEN', '2026-03-08 10:00:00', '2026-03-08 10:00:00'),
(19, 20, 'OTHER', '문의 019: 도움 요청', '문의 내용 019 - 실제 고객 문의 형태', 'IN_PROGRESS', '2026-03-09 10:00:00', '2026-03-09 10:00:00'),
(20, 21, 'EVENT', '문의 020: 도움 요청', '문의 내용 020 - 실제 고객 문의 형태', 'CLOSED', '2026-03-10 10:00:00', '2026-03-10 10:00:00'),
(21, 22, 'PAYMENT', '문의 021: 도움 요청', '문의 내용 021 - 실제 고객 문의 형태', 'OPEN', '2026-03-11 10:00:00', '2026-03-11 10:00:00'),
(22, 23, 'REFUND', '문의 022: 도움 요청', '문의 내용 022 - 실제 고객 문의 형태', 'IN_PROGRESS', '2026-03-12 10:00:00', '2026-03-12 10:00:00'),
(23, 24, 'ACCOUNT', '문의 023: 도움 요청', '문의 내용 023 - 실제 고객 문의 형태', 'CLOSED', '2026-03-13 10:00:00', '2026-03-13 10:00:00'),
(24, 25, 'OTHER', '문의 024: 도움 요청', '문의 내용 024 - 실제 고객 문의 형태', 'OPEN', '2026-03-14 10:00:00', '2026-03-14 10:00:00'),
(25, 26, 'EVENT', '문의 025: 도움 요청', '문의 내용 025 - 실제 고객 문의 형태', 'IN_PROGRESS', '2026-03-15 10:00:00', '2026-03-15 10:00:00'),
(26, 27, 'PAYMENT', '문의 026: 도움 요청', '문의 내용 026 - 실제 고객 문의 형태', 'CLOSED', '2026-03-16 10:00:00', '2026-03-16 10:00:00'),
(27, 28, 'REFUND', '문의 027: 도움 요청', '문의 내용 027 - 실제 고객 문의 형태', 'OPEN', '2026-03-17 10:00:00', '2026-03-17 10:00:00'),
(28, 29, 'ACCOUNT', '문의 028: 도움 요청', '문의 내용 028 - 실제 고객 문의 형태', 'IN_PROGRESS', '2026-03-18 10:00:00', '2026-03-18 10:00:00'),
(29, 30, 'OTHER', '문의 029: 도움 요청', '문의 내용 029 - 실제 고객 문의 형태', 'CLOSED', '2026-03-19 10:00:00', '2026-03-19 10:00:00'),
(30, 31, 'EVENT', '문의 030: 도움 요청', '문의 내용 030 - 실제 고객 문의 형태', 'OPEN', '2026-03-20 10:00:00', '2026-03-20 10:00:00'),
(31, 32, 'PAYMENT', '문의 031: 도움 요청', '문의 내용 031 - 실제 고객 문의 형태', 'IN_PROGRESS', '2026-03-21 10:00:00', '2026-03-21 10:00:00'),
(32, 33, 'REFUND', '문의 032: 도움 요청', '문의 내용 032 - 실제 고객 문의 형태', 'CLOSED', '2026-03-22 10:00:00', '2026-03-22 10:00:00'),
(33, 34, 'ACCOUNT', '문의 033: 도움 요청', '문의 내용 033 - 실제 고객 문의 형태', 'OPEN', '2026-03-23 10:00:00', '2026-03-23 10:00:00'),
(34, 35, 'OTHER', '문의 034: 도움 요청', '문의 내용 034 - 실제 고객 문의 형태', 'IN_PROGRESS', '2026-03-24 10:00:00', '2026-03-24 10:00:00'),
(35, 36, 'EVENT', '문의 035: 도움 요청', '문의 내용 035 - 실제 고객 문의 형태', 'CLOSED', '2026-03-25 10:00:00', '2026-03-25 10:00:00'),
(36, 37, 'PAYMENT', '문의 036: 도움 요청', '문의 내용 036 - 실제 고객 문의 형태', 'OPEN', '2026-03-26 10:00:00', '2026-03-26 10:00:00'),
(37, 38, 'REFUND', '문의 037: 도움 요청', '문의 내용 037 - 실제 고객 문의 형태', 'IN_PROGRESS', '2026-03-27 10:00:00', '2026-03-27 10:00:00'),
(38, 39, 'ACCOUNT', '문의 038: 도움 요청', '문의 내용 038 - 실제 고객 문의 형태', 'CLOSED', '2026-03-28 10:00:00', '2026-03-28 10:00:00'),
(39, 40, 'OTHER', '문의 039: 도움 요청', '문의 내용 039 - 실제 고객 문의 형태', 'OPEN', '2026-03-29 10:00:00', '2026-03-29 10:00:00'),
(40, 41, 'EVENT', '문의 040: 도움 요청', '문의 내용 040 - 실제 고객 문의 형태', 'IN_PROGRESS', '2026-03-30 10:00:00', '2026-03-30 10:00:00'),
(41, 42, 'PAYMENT', '문의 041: 도움 요청', '문의 내용 041 - 실제 고객 문의 형태', 'CLOSED', '2026-03-31 10:00:00', '2026-03-31 10:00:00'),
(42, 43, 'REFUND', '문의 042: 도움 요청', '문의 내용 042 - 실제 고객 문의 형태', 'OPEN', '2026-04-01 10:00:00', '2026-04-01 10:00:00'),
(43, 44, 'ACCOUNT', '문의 043: 도움 요청', '문의 내용 043 - 실제 고객 문의 형태', 'IN_PROGRESS', '2026-04-02 10:00:00', '2026-04-02 10:00:00'),
(44, 45, 'OTHER', '문의 044: 도움 요청', '문의 내용 044 - 실제 고객 문의 형태', 'CLOSED', '2026-04-03 10:00:00', '2026-04-03 10:00:00'),
(45, 46, 'EVENT', '문의 045: 도움 요청', '문의 내용 045 - 실제 고객 문의 형태', 'OPEN', '2026-04-04 10:00:00', '2026-04-04 10:00:00'),
(46, 47, 'PAYMENT', '문의 046: 도움 요청', '문의 내용 046 - 실제 고객 문의 형태', 'IN_PROGRESS', '2026-04-05 10:00:00', '2026-04-05 10:00:00'),
(47, 48, 'REFUND', '문의 047: 도움 요청', '문의 내용 047 - 실제 고객 문의 형태', 'CLOSED', '2026-04-06 10:00:00', '2026-04-06 10:00:00'),
(48, 49, 'ACCOUNT', '문의 048: 도움 요청', '문의 내용 048 - 실제 고객 문의 형태', 'OPEN', '2026-04-07 10:00:00', '2026-04-07 10:00:00'),
(49, 50, 'OTHER', '문의 049: 도움 요청', '문의 내용 049 - 실제 고객 문의 형태', 'IN_PROGRESS', '2026-04-08 10:00:00', '2026-04-08 10:00:00'),
(50, 51, 'EVENT', '문의 050: 도움 요청', '문의 내용 050 - 실제 고객 문의 형태', 'CLOSED', '2026-04-09 10:00:00', '2026-04-09 10:00:00'),
(51, 52, 'PAYMENT', '문의 051: 도움 요청', '문의 내용 051 - 실제 고객 문의 형태', 'OPEN', '2026-04-10 10:00:00', '2026-04-10 10:00:00'),
(52, 53, 'REFUND', '문의 052: 도움 요청', '문의 내용 052 - 실제 고객 문의 형태', 'IN_PROGRESS', '2026-04-11 10:00:00', '2026-04-11 10:00:00'),
(53, 54, 'ACCOUNT', '문의 053: 도움 요청', '문의 내용 053 - 실제 고객 문의 형태', 'CLOSED', '2026-04-12 10:00:00', '2026-04-12 10:00:00'),
(54, 55, 'OTHER', '문의 054: 도움 요청', '문의 내용 054 - 실제 고객 문의 형태', 'OPEN', '2026-04-13 10:00:00', '2026-04-13 10:00:00'),
(55, 56, 'EVENT', '문의 055: 도움 요청', '문의 내용 055 - 실제 고객 문의 형태', 'IN_PROGRESS', '2026-04-14 10:00:00', '2026-04-14 10:00:00'),
(56, 57, 'PAYMENT', '문의 056: 도움 요청', '문의 내용 056 - 실제 고객 문의 형태', 'CLOSED', '2026-04-15 10:00:00', '2026-04-15 10:00:00'),
(57, 58, 'REFUND', '문의 057: 도움 요청', '문의 내용 057 - 실제 고객 문의 형태', 'OPEN', '2026-04-16 10:00:00', '2026-04-16 10:00:00'),
(58, 59, 'ACCOUNT', '문의 058: 도움 요청', '문의 내용 058 - 실제 고객 문의 형태', 'IN_PROGRESS', '2026-04-17 10:00:00', '2026-04-17 10:00:00'),
(59, 60, 'OTHER', '문의 059: 도움 요청', '문의 내용 059 - 실제 고객 문의 형태', 'CLOSED', '2026-04-18 10:00:00', '2026-04-18 10:00:00'),
(60, 61, 'EVENT', '문의 060: 도움 요청', '문의 내용 060 - 실제 고객 문의 형태', 'OPEN', '2026-04-19 10:00:00', '2026-04-19 10:00:00'),
(61, 62, 'PAYMENT', '문의 061: 도움 요청', '문의 내용 061 - 실제 고객 문의 형태', 'IN_PROGRESS', '2026-04-20 10:00:00', '2026-04-20 10:00:00'),
(62, 63, 'REFUND', '문의 062: 도움 요청', '문의 내용 062 - 실제 고객 문의 형태', 'CLOSED', '2026-04-21 10:00:00', '2026-04-21 10:00:00'),
(63, 64, 'ACCOUNT', '문의 063: 도움 요청', '문의 내용 063 - 실제 고객 문의 형태', 'OPEN', '2026-04-22 10:00:00', '2026-04-22 10:00:00'),
(64, 65, 'OTHER', '문의 064: 도움 요청', '문의 내용 064 - 실제 고객 문의 형태', 'IN_PROGRESS', '2026-04-23 10:00:00', '2026-04-23 10:00:00'),
(65, 66, 'EVENT', '문의 065: 도움 요청', '문의 내용 065 - 실제 고객 문의 형태', 'CLOSED', '2026-04-24 10:00:00', '2026-04-24 10:00:00'),
(66, 67, 'PAYMENT', '문의 066: 도움 요청', '문의 내용 066 - 실제 고객 문의 형태', 'OPEN', '2026-04-25 10:00:00', '2026-04-25 10:00:00'),
(67, 68, 'REFUND', '문의 067: 도움 요청', '문의 내용 067 - 실제 고객 문의 형태', 'IN_PROGRESS', '2026-04-26 10:00:00', '2026-04-26 10:00:00'),
(68, 69, 'ACCOUNT', '문의 068: 도움 요청', '문의 내용 068 - 실제 고객 문의 형태', 'CLOSED', '2026-04-27 10:00:00', '2026-04-27 10:00:00'),
(69, 70, 'OTHER', '문의 069: 도움 요청', '문의 내용 069 - 실제 고객 문의 형태', 'OPEN', '2026-04-28 10:00:00', '2026-04-28 10:00:00'),
(70, 71, 'EVENT', '문의 070: 도움 요청', '문의 내용 070 - 실제 고객 문의 형태', 'IN_PROGRESS', '2026-04-29 10:00:00', '2026-04-29 10:00:00'),
(71, 72, 'PAYMENT', '문의 071: 도움 요청', '문의 내용 071 - 실제 고객 문의 형태', 'CLOSED', '2026-04-30 10:00:00', '2026-04-30 10:00:00'),
(72, 73, 'REFUND', '문의 072: 도움 요청', '문의 내용 072 - 실제 고객 문의 형태', 'OPEN', '2026-05-01 10:00:00', '2026-05-01 10:00:00'),
(73, 74, 'ACCOUNT', '문의 073: 도움 요청', '문의 내용 073 - 실제 고객 문의 형태', 'IN_PROGRESS', '2026-05-02 10:00:00', '2026-05-02 10:00:00'),
(74, 75, 'OTHER', '문의 074: 도움 요청', '문의 내용 074 - 실제 고객 문의 형태', 'CLOSED', '2026-05-03 10:00:00', '2026-05-03 10:00:00'),
(75, 76, 'EVENT', '문의 075: 도움 요청', '문의 내용 075 - 실제 고객 문의 형태', 'OPEN', '2026-05-04 10:00:00', '2026-05-04 10:00:00'),
(76, 77, 'PAYMENT', '문의 076: 도움 요청', '문의 내용 076 - 실제 고객 문의 형태', 'IN_PROGRESS', '2026-05-05 10:00:00', '2026-05-05 10:00:00'),
(77, 78, 'REFUND', '문의 077: 도움 요청', '문의 내용 077 - 실제 고객 문의 형태', 'CLOSED', '2026-05-06 10:00:00', '2026-05-06 10:00:00'),
(78, 79, 'ACCOUNT', '문의 078: 도움 요청', '문의 내용 078 - 실제 고객 문의 형태', 'OPEN', '2026-05-07 10:00:00', '2026-05-07 10:00:00'),
(79, 80, 'OTHER', '문의 079: 도움 요청', '문의 내용 079 - 실제 고객 문의 형태', 'IN_PROGRESS', '2026-05-08 10:00:00', '2026-05-08 10:00:00'),
(80, 81, 'EVENT', '문의 080: 도움 요청', '문의 내용 080 - 실제 고객 문의 형태', 'CLOSED', '2026-05-09 10:00:00', '2026-05-09 10:00:00'),
(81, 82, 'PAYMENT', '문의 081: 도움 요청', '문의 내용 081 - 실제 고객 문의 형태', 'OPEN', '2026-05-10 10:00:00', '2026-05-10 10:00:00'),
(82, 83, 'REFUND', '문의 082: 도움 요청', '문의 내용 082 - 실제 고객 문의 형태', 'IN_PROGRESS', '2026-05-11 10:00:00', '2026-05-11 10:00:00'),
(83, 84, 'ACCOUNT', '문의 083: 도움 요청', '문의 내용 083 - 실제 고객 문의 형태', 'CLOSED', '2026-05-12 10:00:00', '2026-05-12 10:00:00'),
(84, 85, 'OTHER', '문의 084: 도움 요청', '문의 내용 084 - 실제 고객 문의 형태', 'OPEN', '2026-05-13 10:00:00', '2026-05-13 10:00:00'),
(85, 86, 'EVENT', '문의 085: 도움 요청', '문의 내용 085 - 실제 고객 문의 형태', 'IN_PROGRESS', '2026-05-14 10:00:00', '2026-05-14 10:00:00'),
(86, 87, 'PAYMENT', '문의 086: 도움 요청', '문의 내용 086 - 실제 고객 문의 형태', 'CLOSED', '2026-05-15 10:00:00', '2026-05-15 10:00:00'),
(87, 88, 'REFUND', '문의 087: 도움 요청', '문의 내용 087 - 실제 고객 문의 형태', 'OPEN', '2026-05-16 10:00:00', '2026-05-16 10:00:00'),
(88, 89, 'ACCOUNT', '문의 088: 도움 요청', '문의 내용 088 - 실제 고객 문의 형태', 'IN_PROGRESS', '2026-05-17 10:00:00', '2026-05-17 10:00:00'),
(89, 90, 'OTHER', '문의 089: 도움 요청', '문의 내용 089 - 실제 고객 문의 형태', 'CLOSED', '2026-05-18 10:00:00', '2026-05-18 10:00:00'),
(90, 91, 'EVENT', '문의 090: 도움 요청', '문의 내용 090 - 실제 고객 문의 형태', 'OPEN', '2026-05-19 10:00:00', '2026-05-19 10:00:00'),
(91, 92, 'PAYMENT', '문의 091: 도움 요청', '문의 내용 091 - 실제 고객 문의 형태', 'IN_PROGRESS', '2026-05-20 10:00:00', '2026-05-20 10:00:00'),
(92, 93, 'REFUND', '문의 092: 도움 요청', '문의 내용 092 - 실제 고객 문의 형태', 'CLOSED', '2026-05-21 10:00:00', '2026-05-21 10:00:00'),
(93, 94, 'ACCOUNT', '문의 093: 도움 요청', '문의 내용 093 - 실제 고객 문의 형태', 'OPEN', '2026-05-22 10:00:00', '2026-05-22 10:00:00'),
(94, 95, 'OTHER', '문의 094: 도움 요청', '문의 내용 094 - 실제 고객 문의 형태', 'IN_PROGRESS', '2026-05-23 10:00:00', '2026-05-23 10:00:00'),
(95, 96, 'EVENT', '문의 095: 도움 요청', '문의 내용 095 - 실제 고객 문의 형태', 'CLOSED', '2026-05-24 10:00:00', '2026-05-24 10:00:00'),
(96, 97, 'PAYMENT', '문의 096: 도움 요청', '문의 내용 096 - 실제 고객 문의 형태', 'OPEN', '2026-05-25 10:00:00', '2026-05-25 10:00:00'),
(97, 98, 'REFUND', '문의 097: 도움 요청', '문의 내용 097 - 실제 고객 문의 형태', 'IN_PROGRESS', '2026-05-26 10:00:00', '2026-05-26 10:00:00'),
(98, 99, 'ACCOUNT', '문의 098: 도움 요청', '문의 내용 098 - 실제 고객 문의 형태', 'CLOSED', '2026-05-27 10:00:00', '2026-05-27 10:00:00'),
(99, 100, 'OTHER', '문의 099: 도움 요청', '문의 내용 099 - 실제 고객 문의 형태', 'OPEN', '2026-05-28 10:00:00', '2026-05-28 10:00:00'),
(100, 1, 'EVENT', '문의 100: 도움 요청', '문의 내용 100 - 실제 고객 문의 형태', 'IN_PROGRESS', '2026-05-29 10:00:00', '2026-05-29 10:00:00');

-- inquiry_answers
INSERT INTO inquiry_answers (answer_id, inquiry_id, admin_id, content, created_at) VALUES
(1, 1, 1, '답변 001 - 운영 정책 기준으로 안내드립니다.', '2026-02-20 11:00:00'),
(2, 2, 1, '답변 002 - 운영 정책 기준으로 안내드립니다.', '2026-02-21 11:00:00'),
(3, 3, 1, '답변 003 - 운영 정책 기준으로 안내드립니다.', '2026-02-22 11:00:00'),
(4, 4, 1, '답변 004 - 운영 정책 기준으로 안내드립니다.', '2026-02-23 11:00:00'),
(5, 5, 1, '답변 005 - 운영 정책 기준으로 안내드립니다.', '2026-02-24 11:00:00'),
(6, 6, 1, '답변 006 - 운영 정책 기준으로 안내드립니다.', '2026-02-25 11:00:00'),
(7, 7, 1, '답변 007 - 운영 정책 기준으로 안내드립니다.', '2026-02-26 11:00:00'),
(8, 8, 1, '답변 008 - 운영 정책 기준으로 안내드립니다.', '2026-02-27 11:00:00'),
(9, 9, 1, '답변 009 - 운영 정책 기준으로 안내드립니다.', '2026-02-28 11:00:00'),
(10, 10, 1, '답변 010 - 운영 정책 기준으로 안내드립니다.', '2026-03-01 11:00:00'),
(11, 11, 1, '답변 011 - 운영 정책 기준으로 안내드립니다.', '2026-03-02 11:00:00'),
(12, 12, 1, '답변 012 - 운영 정책 기준으로 안내드립니다.', '2026-03-03 11:00:00'),
(13, 13, 1, '답변 013 - 운영 정책 기준으로 안내드립니다.', '2026-03-04 11:00:00'),
(14, 14, 1, '답변 014 - 운영 정책 기준으로 안내드립니다.', '2026-03-05 11:00:00'),
(15, 15, 1, '답변 015 - 운영 정책 기준으로 안내드립니다.', '2026-03-06 11:00:00'),
(16, 16, 1, '답변 016 - 운영 정책 기준으로 안내드립니다.', '2026-03-07 11:00:00'),
(17, 17, 1, '답변 017 - 운영 정책 기준으로 안내드립니다.', '2026-03-08 11:00:00'),
(18, 18, 1, '답변 018 - 운영 정책 기준으로 안내드립니다.', '2026-03-09 11:00:00'),
(19, 19, 1, '답변 019 - 운영 정책 기준으로 안내드립니다.', '2026-03-10 11:00:00'),
(20, 20, 1, '답변 020 - 운영 정책 기준으로 안내드립니다.', '2026-03-11 11:00:00'),
(21, 21, 1, '답변 021 - 운영 정책 기준으로 안내드립니다.', '2026-03-12 11:00:00'),
(22, 22, 1, '답변 022 - 운영 정책 기준으로 안내드립니다.', '2026-03-13 11:00:00'),
(23, 23, 1, '답변 023 - 운영 정책 기준으로 안내드립니다.', '2026-03-14 11:00:00'),
(24, 24, 1, '답변 024 - 운영 정책 기준으로 안내드립니다.', '2026-03-15 11:00:00'),
(25, 25, 1, '답변 025 - 운영 정책 기준으로 안내드립니다.', '2026-03-16 11:00:00'),
(26, 26, 1, '답변 026 - 운영 정책 기준으로 안내드립니다.', '2026-03-17 11:00:00'),
(27, 27, 1, '답변 027 - 운영 정책 기준으로 안내드립니다.', '2026-03-18 11:00:00'),
(28, 28, 1, '답변 028 - 운영 정책 기준으로 안내드립니다.', '2026-03-19 11:00:00'),
(29, 29, 1, '답변 029 - 운영 정책 기준으로 안내드립니다.', '2026-03-20 11:00:00'),
(30, 30, 1, '답변 030 - 운영 정책 기준으로 안내드립니다.', '2026-03-21 11:00:00'),
(31, 31, 1, '답변 031 - 운영 정책 기준으로 안내드립니다.', '2026-03-22 11:00:00'),
(32, 32, 1, '답변 032 - 운영 정책 기준으로 안내드립니다.', '2026-03-23 11:00:00'),
(33, 33, 1, '답변 033 - 운영 정책 기준으로 안내드립니다.', '2026-03-24 11:00:00'),
(34, 34, 1, '답변 034 - 운영 정책 기준으로 안내드립니다.', '2026-03-25 11:00:00'),
(35, 35, 1, '답변 035 - 운영 정책 기준으로 안내드립니다.', '2026-03-26 11:00:00'),
(36, 36, 1, '답변 036 - 운영 정책 기준으로 안내드립니다.', '2026-03-27 11:00:00'),
(37, 37, 1, '답변 037 - 운영 정책 기준으로 안내드립니다.', '2026-03-28 11:00:00'),
(38, 38, 1, '답변 038 - 운영 정책 기준으로 안내드립니다.', '2026-03-29 11:00:00'),
(39, 39, 1, '답변 039 - 운영 정책 기준으로 안내드립니다.', '2026-03-30 11:00:00'),
(40, 40, 1, '답변 040 - 운영 정책 기준으로 안내드립니다.', '2026-03-31 11:00:00'),
(41, 41, 1, '답변 041 - 운영 정책 기준으로 안내드립니다.', '2026-04-01 11:00:00'),
(42, 42, 1, '답변 042 - 운영 정책 기준으로 안내드립니다.', '2026-04-02 11:00:00'),
(43, 43, 1, '답변 043 - 운영 정책 기준으로 안내드립니다.', '2026-04-03 11:00:00'),
(44, 44, 1, '답변 044 - 운영 정책 기준으로 안내드립니다.', '2026-04-04 11:00:00'),
(45, 45, 1, '답변 045 - 운영 정책 기준으로 안내드립니다.', '2026-04-05 11:00:00'),
(46, 46, 1, '답변 046 - 운영 정책 기준으로 안내드립니다.', '2026-04-06 11:00:00'),
(47, 47, 1, '답변 047 - 운영 정책 기준으로 안내드립니다.', '2026-04-07 11:00:00'),
(48, 48, 1, '답변 048 - 운영 정책 기준으로 안내드립니다.', '2026-04-08 11:00:00'),
(49, 49, 1, '답변 049 - 운영 정책 기준으로 안내드립니다.', '2026-04-09 11:00:00'),
(50, 50, 1, '답변 050 - 운영 정책 기준으로 안내드립니다.', '2026-04-10 11:00:00'),
(51, 51, 1, '답변 051 - 운영 정책 기준으로 안내드립니다.', '2026-04-11 11:00:00'),
(52, 52, 1, '답변 052 - 운영 정책 기준으로 안내드립니다.', '2026-04-12 11:00:00'),
(53, 53, 1, '답변 053 - 운영 정책 기준으로 안내드립니다.', '2026-04-13 11:00:00'),
(54, 54, 1, '답변 054 - 운영 정책 기준으로 안내드립니다.', '2026-04-14 11:00:00'),
(55, 55, 1, '답변 055 - 운영 정책 기준으로 안내드립니다.', '2026-04-15 11:00:00'),
(56, 56, 1, '답변 056 - 운영 정책 기준으로 안내드립니다.', '2026-04-16 11:00:00'),
(57, 57, 1, '답변 057 - 운영 정책 기준으로 안내드립니다.', '2026-04-17 11:00:00'),
(58, 58, 1, '답변 058 - 운영 정책 기준으로 안내드립니다.', '2026-04-18 11:00:00'),
(59, 59, 1, '답변 059 - 운영 정책 기준으로 안내드립니다.', '2026-04-19 11:00:00'),
(60, 60, 1, '답변 060 - 운영 정책 기준으로 안내드립니다.', '2026-04-20 11:00:00'),
(61, 61, 1, '답변 061 - 운영 정책 기준으로 안내드립니다.', '2026-04-21 11:00:00'),
(62, 62, 1, '답변 062 - 운영 정책 기준으로 안내드립니다.', '2026-04-22 11:00:00'),
(63, 63, 1, '답변 063 - 운영 정책 기준으로 안내드립니다.', '2026-04-23 11:00:00'),
(64, 64, 1, '답변 064 - 운영 정책 기준으로 안내드립니다.', '2026-04-24 11:00:00'),
(65, 65, 1, '답변 065 - 운영 정책 기준으로 안내드립니다.', '2026-04-25 11:00:00'),
(66, 66, 1, '답변 066 - 운영 정책 기준으로 안내드립니다.', '2026-04-26 11:00:00'),
(67, 67, 1, '답변 067 - 운영 정책 기준으로 안내드립니다.', '2026-04-27 11:00:00'),
(68, 68, 1, '답변 068 - 운영 정책 기준으로 안내드립니다.', '2026-04-28 11:00:00'),
(69, 69, 1, '답변 069 - 운영 정책 기준으로 안내드립니다.', '2026-04-29 11:00:00'),
(70, 70, 1, '답변 070 - 운영 정책 기준으로 안내드립니다.', '2026-04-30 11:00:00'),
(71, 71, 1, '답변 071 - 운영 정책 기준으로 안내드립니다.', '2026-05-01 11:00:00'),
(72, 72, 1, '답변 072 - 운영 정책 기준으로 안내드립니다.', '2026-05-02 11:00:00'),
(73, 73, 1, '답변 073 - 운영 정책 기준으로 안내드립니다.', '2026-05-03 11:00:00'),
(74, 74, 1, '답변 074 - 운영 정책 기준으로 안내드립니다.', '2026-05-04 11:00:00'),
(75, 75, 1, '답변 075 - 운영 정책 기준으로 안내드립니다.', '2026-05-05 11:00:00'),
(76, 76, 1, '답변 076 - 운영 정책 기준으로 안내드립니다.', '2026-05-06 11:00:00'),
(77, 77, 1, '답변 077 - 운영 정책 기준으로 안내드립니다.', '2026-05-07 11:00:00'),
(78, 78, 1, '답변 078 - 운영 정책 기준으로 안내드립니다.', '2026-05-08 11:00:00'),
(79, 79, 1, '답변 079 - 운영 정책 기준으로 안내드립니다.', '2026-05-09 11:00:00'),
(80, 80, 1, '답변 080 - 운영 정책 기준으로 안내드립니다.', '2026-05-10 11:00:00'),
(81, 81, 1, '답변 081 - 운영 정책 기준으로 안내드립니다.', '2026-05-11 11:00:00'),
(82, 82, 1, '답변 082 - 운영 정책 기준으로 안내드립니다.', '2026-05-12 11:00:00'),
(83, 83, 1, '답변 083 - 운영 정책 기준으로 안내드립니다.', '2026-05-13 11:00:00'),
(84, 84, 1, '답변 084 - 운영 정책 기준으로 안내드립니다.', '2026-05-14 11:00:00'),
(85, 85, 1, '답변 085 - 운영 정책 기준으로 안내드립니다.', '2026-05-15 11:00:00'),
(86, 86, 1, '답변 086 - 운영 정책 기준으로 안내드립니다.', '2026-05-16 11:00:00'),
(87, 87, 1, '답변 087 - 운영 정책 기준으로 안내드립니다.', '2026-05-17 11:00:00'),
(88, 88, 1, '답변 088 - 운영 정책 기준으로 안내드립니다.', '2026-05-18 11:00:00'),
(89, 89, 1, '답변 089 - 운영 정책 기준으로 안내드립니다.', '2026-05-19 11:00:00'),
(90, 90, 1, '답변 090 - 운영 정책 기준으로 안내드립니다.', '2026-05-20 11:00:00'),
(91, 91, 1, '답변 091 - 운영 정책 기준으로 안내드립니다.', '2026-05-21 11:00:00'),
(92, 92, 1, '답변 092 - 운영 정책 기준으로 안내드립니다.', '2026-05-22 11:00:00'),
(93, 93, 1, '답변 093 - 운영 정책 기준으로 안내드립니다.', '2026-05-23 11:00:00'),
(94, 94, 1, '답변 094 - 운영 정책 기준으로 안내드립니다.', '2026-05-24 11:00:00'),
(95, 95, 1, '답변 095 - 운영 정책 기준으로 안내드립니다.', '2026-05-25 11:00:00'),
(96, 96, 1, '답변 096 - 운영 정책 기준으로 안내드립니다.', '2026-05-26 11:00:00'),
(97, 97, 1, '답변 097 - 운영 정책 기준으로 안내드립니다.', '2026-05-27 11:00:00'),
(98, 98, 1, '답변 098 - 운영 정책 기준으로 안내드립니다.', '2026-05-28 11:00:00'),
(99, 99, 1, '답변 099 - 운영 정책 기준으로 안내드립니다.', '2026-05-29 11:00:00'),
(100, 100, 1, '답변 100 - 운영 정책 기준으로 안내드립니다.', '2026-05-30 11:00:00');

-- payments
INSERT INTO payments (payment_id, user_id, event_id, order_no, amount, payment_method, status, requested_at) VALUES
(1, 1, 1, 'ORD-2026-000001', 30000.00, 'CARD', 'APPROVED', '2026-02-21 12:00:00'),
(2, 2, 2, 'ORD-2026-000002', 45000.00, 'BANK', 'APPROVED', '2026-02-22 12:00:00'),
(3, 3, 3, 'ORD-2026-000003', 60000.00, 'OTHER', 'APPROVED', '2026-02-23 12:00:00'),
(4, 4, 4, 'ORD-2026-000004', 75000.00, 'KAKAOPAY', 'APPROVED', '2026-02-24 12:00:00'),
(5, 5, 5, 'ORD-2026-000005', 15000.00, 'CARD', 'APPROVED', '2026-02-25 12:00:00'),
(6, 6, 6, 'ORD-2026-000006', 30000.00, 'BANK', 'APPROVED', '2026-02-26 12:00:00'),
(7, 7, 7, 'ORD-2026-000007', 45000.00, 'OTHER', 'APPROVED', '2026-02-27 12:00:00'),
(8, 8, 8, 'ORD-2026-000008', 60000.00, 'KAKAOPAY', 'APPROVED', '2026-02-28 12:00:00'),
(9, 9, 9, 'ORD-2026-000009', 75000.00, 'CARD', 'APPROVED', '2026-03-01 12:00:00'),
(10, 10, 10, 'ORD-2026-000010', 15000.00, 'BANK', 'APPROVED', '2026-03-02 12:00:00'),
(11, 11, 11, 'ORD-2026-000011', 30000.00, 'OTHER', 'APPROVED', '2026-03-03 12:00:00'),
(12, 12, 12, 'ORD-2026-000012', 45000.00, 'KAKAOPAY', 'APPROVED', '2026-03-04 12:00:00'),
(13, 13, 13, 'ORD-2026-000013', 60000.00, 'CARD', 'APPROVED', '2026-03-05 12:00:00'),
(14, 14, 14, 'ORD-2026-000014', 75000.00, 'BANK', 'APPROVED', '2026-03-06 12:00:00'),
(15, 15, 15, 'ORD-2026-000015', 15000.00, 'OTHER', 'APPROVED', '2026-03-07 12:00:00'),
(16, 16, 16, 'ORD-2026-000016', 30000.00, 'KAKAOPAY', 'APPROVED', '2026-03-08 12:00:00'),
(17, 17, 17, 'ORD-2026-000017', 45000.00, 'CARD', 'APPROVED', '2026-03-09 12:00:00'),
(18, 18, 18, 'ORD-2026-000018', 60000.00, 'BANK', 'APPROVED', '2026-03-10 12:00:00'),
(19, 19, 19, 'ORD-2026-000019', 75000.00, 'OTHER', 'APPROVED', '2026-03-11 12:00:00'),
(20, 20, 20, 'ORD-2026-000020', 15000.00, 'KAKAOPAY', 'APPROVED', '2026-03-12 12:00:00'),
(21, 21, 21, 'ORD-2026-000021', 30000.00, 'CARD', 'APPROVED', '2026-03-13 12:00:00'),
(22, 22, 22, 'ORD-2026-000022', 45000.00, 'BANK', 'CANCELLED', '2026-03-14 12:00:00'),
(23, 23, 23, 'ORD-2026-000023', 60000.00, 'OTHER', 'APPROVED', '2026-03-15 12:00:00'),
(24, 24, 24, 'ORD-2026-000024', 75000.00, 'KAKAOPAY', 'APPROVED', '2026-03-16 12:00:00'),
(25, 25, 25, 'ORD-2026-000025', 15000.00, 'CARD', 'REFUNDED', '2026-03-17 12:00:00'),
(26, 26, 26, 'ORD-2026-000026', 30000.00, 'BANK', 'APPROVED', '2026-03-18 12:00:00'),
(27, 27, 27, 'ORD-2026-000027', 45000.00, 'OTHER', 'APPROVED', '2026-03-19 12:00:00'),
(28, 28, 28, 'ORD-2026-000028', 60000.00, 'KAKAOPAY', 'APPROVED', '2026-03-20 12:00:00'),
(29, 29, 29, 'ORD-2026-000029', 75000.00, 'CARD', 'APPROVED', '2026-03-21 12:00:00'),
(30, 30, 30, 'ORD-2026-000030', 15000.00, 'BANK', 'APPROVED', '2026-03-22 12:00:00'),
(31, 31, 31, 'ORD-2026-000031', 30000.00, 'OTHER', 'APPROVED', '2026-03-23 12:00:00'),
(32, 32, 32, 'ORD-2026-000032', 45000.00, 'KAKAOPAY', 'APPROVED', '2026-03-24 12:00:00'),
(33, 33, 33, 'ORD-2026-000033', 60000.00, 'CARD', 'APPROVED', '2026-03-25 12:00:00'),
(34, 34, 34, 'ORD-2026-000034', 75000.00, 'BANK', 'APPROVED', '2026-03-26 12:00:00'),
(35, 35, 35, 'ORD-2026-000035', 15000.00, 'OTHER', 'APPROVED', '2026-03-27 12:00:00'),
(36, 36, 36, 'ORD-2026-000036', 30000.00, 'KAKAOPAY', 'APPROVED', '2026-03-28 12:00:00'),
(37, 37, 37, 'ORD-2026-000037', 45000.00, 'CARD', 'APPROVED', '2026-03-29 12:00:00'),
(38, 38, 38, 'ORD-2026-000038', 60000.00, 'BANK', 'APPROVED', '2026-03-30 12:00:00'),
(39, 39, 39, 'ORD-2026-000039', 75000.00, 'OTHER', 'APPROVED', '2026-03-31 12:00:00'),
(40, 40, 40, 'ORD-2026-000040', 15000.00, 'KAKAOPAY', 'APPROVED', '2026-04-01 12:00:00'),
(41, 41, 41, 'ORD-2026-000041', 30000.00, 'CARD', 'APPROVED', '2026-04-02 12:00:00'),
(42, 42, 42, 'ORD-2026-000042', 45000.00, 'BANK', 'APPROVED', '2026-04-03 12:00:00'),
(43, 43, 43, 'ORD-2026-000043', 60000.00, 'OTHER', 'APPROVED', '2026-04-04 12:00:00'),
(44, 44, 44, 'ORD-2026-000044', 75000.00, 'KAKAOPAY', 'CANCELLED', '2026-04-05 12:00:00'),
(45, 45, 45, 'ORD-2026-000045', 15000.00, 'CARD', 'APPROVED', '2026-04-06 12:00:00'),
(46, 46, 46, 'ORD-2026-000046', 30000.00, 'BANK', 'APPROVED', '2026-04-07 12:00:00'),
(47, 47, 47, 'ORD-2026-000047', 45000.00, 'OTHER', 'APPROVED', '2026-04-08 12:00:00'),
(48, 48, 48, 'ORD-2026-000048', 60000.00, 'KAKAOPAY', 'APPROVED', '2026-04-09 12:00:00'),
(49, 49, 49, 'ORD-2026-000049', 75000.00, 'CARD', 'APPROVED', '2026-04-10 12:00:00'),
(50, 50, 50, 'ORD-2026-000050', 15000.00, 'BANK', 'REFUNDED', '2026-04-11 12:00:00'),
(51, 51, 51, 'ORD-2026-000051', 30000.00, 'OTHER', 'APPROVED', '2026-04-12 12:00:00'),
(52, 52, 52, 'ORD-2026-000052', 45000.00, 'KAKAOPAY', 'APPROVED', '2026-04-13 12:00:00'),
(53, 53, 53, 'ORD-2026-000053', 60000.00, 'CARD', 'APPROVED', '2026-04-14 12:00:00'),
(54, 54, 54, 'ORD-2026-000054', 75000.00, 'BANK', 'APPROVED', '2026-04-15 12:00:00'),
(55, 55, 55, 'ORD-2026-000055', 15000.00, 'OTHER', 'APPROVED', '2026-04-16 12:00:00'),
(56, 56, 56, 'ORD-2026-000056', 30000.00, 'KAKAOPAY', 'APPROVED', '2026-04-17 12:00:00'),
(57, 57, 57, 'ORD-2026-000057', 45000.00, 'CARD', 'APPROVED', '2026-04-18 12:00:00'),
(58, 58, 58, 'ORD-2026-000058', 60000.00, 'BANK', 'APPROVED', '2026-04-19 12:00:00'),
(59, 59, 59, 'ORD-2026-000059', 75000.00, 'OTHER', 'APPROVED', '2026-04-20 12:00:00'),
(60, 60, 60, 'ORD-2026-000060', 15000.00, 'KAKAOPAY', 'APPROVED', '2026-04-21 12:00:00'),
(61, 61, 61, 'ORD-2026-000061', 30000.00, 'CARD', 'APPROVED', '2026-04-22 12:00:00'),
(62, 62, 62, 'ORD-2026-000062', 45000.00, 'BANK', 'APPROVED', '2026-04-23 12:00:00'),
(63, 63, 63, 'ORD-2026-000063', 60000.00, 'OTHER', 'APPROVED', '2026-04-24 12:00:00'),
(64, 64, 64, 'ORD-2026-000064', 75000.00, 'KAKAOPAY', 'APPROVED', '2026-04-25 12:00:00'),
(65, 65, 65, 'ORD-2026-000065', 15000.00, 'CARD', 'APPROVED', '2026-04-26 12:00:00'),
(66, 66, 66, 'ORD-2026-000066', 30000.00, 'BANK', 'CANCELLED', '2026-04-27 12:00:00'),
(67, 67, 67, 'ORD-2026-000067', 45000.00, 'OTHER', 'APPROVED', '2026-04-28 12:00:00'),
(68, 68, 68, 'ORD-2026-000068', 60000.00, 'KAKAOPAY', 'APPROVED', '2026-04-29 12:00:00'),
(69, 69, 69, 'ORD-2026-000069', 75000.00, 'CARD', 'APPROVED', '2026-04-30 12:00:00'),
(70, 70, 70, 'ORD-2026-000070', 15000.00, 'BANK', 'APPROVED', '2026-05-01 12:00:00'),
(71, 71, 71, 'ORD-2026-000071', 30000.00, 'OTHER', 'APPROVED', '2026-05-02 12:00:00'),
(72, 72, 72, 'ORD-2026-000072', 45000.00, 'KAKAOPAY', 'APPROVED', '2026-05-03 12:00:00'),
(73, 73, 73, 'ORD-2026-000073', 60000.00, 'CARD', 'APPROVED', '2026-05-04 12:00:00'),
(74, 74, 74, 'ORD-2026-000074', 75000.00, 'BANK', 'APPROVED', '2026-05-05 12:00:00'),
(75, 75, 75, 'ORD-2026-000075', 15000.00, 'OTHER', 'REFUNDED', '2026-05-06 12:00:00'),
(76, 76, 76, 'ORD-2026-000076', 30000.00, 'KAKAOPAY', 'APPROVED', '2026-05-07 12:00:00'),
(77, 77, 77, 'ORD-2026-000077', 45000.00, 'CARD', 'APPROVED', '2026-05-08 12:00:00'),
(78, 78, 78, 'ORD-2026-000078', 60000.00, 'BANK', 'APPROVED', '2026-05-09 12:00:00'),
(79, 79, 79, 'ORD-2026-000079', 75000.00, 'OTHER', 'APPROVED', '2026-05-10 12:00:00'),
(80, 80, 80, 'ORD-2026-000080', 15000.00, 'KAKAOPAY', 'APPROVED', '2026-05-11 12:00:00'),
(81, 81, 81, 'ORD-2026-000081', 30000.00, 'CARD', 'APPROVED', '2026-05-12 12:00:00'),
(82, 82, 82, 'ORD-2026-000082', 45000.00, 'BANK', 'APPROVED', '2026-05-13 12:00:00'),
(83, 83, 83, 'ORD-2026-000083', 60000.00, 'OTHER', 'APPROVED', '2026-05-14 12:00:00'),
(84, 84, 84, 'ORD-2026-000084', 75000.00, 'KAKAOPAY', 'APPROVED', '2026-05-15 12:00:00'),
(85, 85, 85, 'ORD-2026-000085', 15000.00, 'CARD', 'APPROVED', '2026-05-16 12:00:00'),
(86, 86, 86, 'ORD-2026-000086', 30000.00, 'BANK', 'APPROVED', '2026-05-17 12:00:00'),
(87, 87, 87, 'ORD-2026-000087', 45000.00, 'OTHER', 'APPROVED', '2026-05-18 12:00:00'),
(88, 88, 88, 'ORD-2026-000088', 60000.00, 'KAKAOPAY', 'CANCELLED', '2026-05-19 12:00:00'),
(89, 89, 89, 'ORD-2026-000089', 75000.00, 'CARD', 'APPROVED', '2026-05-20 12:00:00'),
(90, 90, 90, 'ORD-2026-000090', 15000.00, 'BANK', 'APPROVED', '2026-05-21 12:00:00'),
(91, 91, 91, 'ORD-2026-000091', 30000.00, 'OTHER', 'APPROVED', '2026-05-22 12:00:00'),
(92, 92, 92, 'ORD-2026-000092', 45000.00, 'KAKAOPAY', 'APPROVED', '2026-05-23 12:00:00'),
(93, 93, 93, 'ORD-2026-000093', 60000.00, 'CARD', 'APPROVED', '2026-05-24 12:00:00'),
(94, 94, 94, 'ORD-2026-000094', 75000.00, 'BANK', 'APPROVED', '2026-05-25 12:00:00'),
(95, 95, 95, 'ORD-2026-000095', 15000.00, 'OTHER', 'APPROVED', '2026-05-26 12:00:00'),
(96, 96, 96, 'ORD-2026-000096', 30000.00, 'KAKAOPAY', 'APPROVED', '2026-05-27 12:00:00'),
(97, 97, 97, 'ORD-2026-000097', 45000.00, 'CARD', 'APPROVED', '2026-05-28 12:00:00'),
(98, 98, 98, 'ORD-2026-000098', 60000.00, 'BANK', 'APPROVED', '2026-05-29 12:00:00'),
(99, 99, 99, 'ORD-2026-000099', 75000.00, 'OTHER', 'APPROVED', '2026-05-30 12:00:00'),
(100, 100, 100, 'ORD-2026-000100', 15000.00, 'KAKAOPAY', 'REFUNDED', '2026-05-31 12:00:00');

-- payment_transactions
INSERT INTO payment_transactions (tx_id, payment_id, pg_provider, pg_tid, pg_token, status, idempotency_key, raw_ready, raw_approve, raw_cancel, requested_at, approved_at, cancelled_at, failed_at, created_at, updated_at) VALUES
(1, 1, 'KAKAOPAY', 'TID_000001', NULL, 'APPROVED', NULL, '{"status":"ready"}', '{"status":"approved"}', NULL, '2026-02-21 12:00:00', '2026-02-21 12:05:00', NULL, NULL, '2026-02-21 12:00:00', '2026-02-21 12:00:00'),
(2, 2, 'KAKAOPAY', 'TID_000002', NULL, 'APPROVED', NULL, '{"status":"ready"}', '{"status":"approved"}', NULL, '2026-02-22 12:00:00', '2026-02-22 12:05:00', NULL, NULL, '2026-02-22 12:00:00', '2026-02-22 12:00:00'),
(3, 3, 'KAKAOPAY', 'TID_000003', NULL, 'APPROVED', NULL, '{"status":"ready"}', '{"status":"approved"}', NULL, '2026-02-23 12:00:00', '2026-02-23 12:05:00', NULL, NULL, '2026-02-23 12:00:00', '2026-02-23 12:00:00'),
(4, 4, 'KAKAOPAY', 'TID_000004', NULL, 'APPROVED', NULL, '{"status":"ready"}', '{"status":"approved"}', NULL, '2026-02-24 12:00:00', '2026-02-24 12:05:00', NULL, NULL, '2026-02-24 12:00:00', '2026-02-24 12:00:00'),
(5, 5, 'KAKAOPAY', 'TID_000005', NULL, 'APPROVED', NULL, '{"status":"ready"}', '{"status":"approved"}', NULL, '2026-02-25 12:00:00', '2026-02-25 12:05:00', NULL, NULL, '2026-02-25 12:00:00', '2026-02-25 12:00:00'),
(6, 6, 'KAKAOPAY', 'TID_000006', NULL, 'APPROVED', NULL, '{"status":"ready"}', '{"status":"approved"}', NULL, '2026-02-26 12:00:00', '2026-02-26 12:05:00', NULL, NULL, '2026-02-26 12:00:00', '2026-02-26 12:00:00'),
(7, 7, 'KAKAOPAY', 'TID_000007', NULL, 'APPROVED', NULL, '{"status":"ready"}', '{"status":"approved"}', NULL, '2026-02-27 12:00:00', '2026-02-27 12:05:00', NULL, NULL, '2026-02-27 12:00:00', '2026-02-27 12:00:00'),
(8, 8, 'KAKAOPAY', 'TID_000008', NULL, 'APPROVED', NULL, '{"status":"ready"}', '{"status":"approved"}', NULL, '2026-02-28 12:00:00', '2026-02-28 12:05:00', NULL, NULL, '2026-02-28 12:00:00', '2026-02-28 12:00:00'),
(9, 9, 'KAKAOPAY', 'TID_000009', NULL, 'APPROVED', NULL, '{"status":"ready"}', '{"status":"approved"}', NULL, '2026-03-01 12:00:00', '2026-03-01 12:05:00', NULL, NULL, '2026-03-01 12:00:00', '2026-03-01 12:00:00'),
(10, 10, 'KAKAOPAY', 'TID_000010', NULL, 'APPROVED', NULL, '{"status":"ready"}', '{"status":"approved"}', NULL, '2026-03-02 12:00:00', '2026-03-02 12:05:00', NULL, NULL, '2026-03-02 12:00:00', '2026-03-02 12:00:00'),
(11, 11, 'KAKAOPAY', 'TID_000011', NULL, 'APPROVED', NULL, '{"status":"ready"}', '{"status":"approved"}', NULL, '2026-03-03 12:00:00', '2026-03-03 12:05:00', NULL, NULL, '2026-03-03 12:00:00', '2026-03-03 12:00:00'),
(12, 12, 'KAKAOPAY', 'TID_000012', NULL, 'APPROVED', NULL, '{"status":"ready"}', '{"status":"approved"}', NULL, '2026-03-04 12:00:00', '2026-03-04 12:05:00', NULL, NULL, '2026-03-04 12:00:00', '2026-03-04 12:00:00'),
(13, 13, 'KAKAOPAY', 'TID_000013', NULL, 'APPROVED', NULL, '{"status":"ready"}', '{"status":"approved"}', NULL, '2026-03-05 12:00:00', '2026-03-05 12:05:00', NULL, NULL, '2026-03-05 12:00:00', '2026-03-05 12:00:00'),
(14, 14, 'KAKAOPAY', 'TID_000014', NULL, 'APPROVED', NULL, '{"status":"ready"}', '{"status":"approved"}', NULL, '2026-03-06 12:00:00', '2026-03-06 12:05:00', NULL, NULL, '2026-03-06 12:00:00', '2026-03-06 12:00:00'),
(15, 15, 'KAKAOPAY', 'TID_000015', NULL, 'APPROVED', NULL, '{"status":"ready"}', '{"status":"approved"}', NULL, '2026-03-07 12:00:00', '2026-03-07 12:05:00', NULL, NULL, '2026-03-07 12:00:00', '2026-03-07 12:00:00'),
(16, 16, 'KAKAOPAY', 'TID_000016', NULL, 'APPROVED', NULL, '{"status":"ready"}', '{"status":"approved"}', NULL, '2026-03-08 12:00:00', '2026-03-08 12:05:00', NULL, NULL, '2026-03-08 12:00:00', '2026-03-08 12:00:00'),
(17, 17, 'KAKAOPAY', 'TID_000017', NULL, 'APPROVED', NULL, '{"status":"ready"}', '{"status":"approved"}', NULL, '2026-03-09 12:00:00', '2026-03-09 12:05:00', NULL, NULL, '2026-03-09 12:00:00', '2026-03-09 12:00:00'),
(18, 18, 'KAKAOPAY', 'TID_000018', NULL, 'APPROVED', NULL, '{"status":"ready"}', '{"status":"approved"}', NULL, '2026-03-10 12:00:00', '2026-03-10 12:05:00', NULL, NULL, '2026-03-10 12:00:00', '2026-03-10 12:00:00'),
(19, 19, 'KAKAOPAY', 'TID_000019', NULL, 'APPROVED', NULL, '{"status":"ready"}', '{"status":"approved"}', NULL, '2026-03-11 12:00:00', '2026-03-11 12:05:00', NULL, NULL, '2026-03-11 12:00:00', '2026-03-11 12:00:00'),
(20, 20, 'KAKAOPAY', 'TID_000020', NULL, 'APPROVED', NULL, '{"status":"ready"}', '{"status":"approved"}', NULL, '2026-03-12 12:00:00', '2026-03-12 12:05:00', NULL, NULL, '2026-03-12 12:00:00', '2026-03-12 12:00:00'),
(21, 21, 'KAKAOPAY', 'TID_000021', NULL, 'APPROVED', NULL, '{"status":"ready"}', '{"status":"approved"}', NULL, '2026-03-13 12:00:00', '2026-03-13 12:05:00', NULL, NULL, '2026-03-13 12:00:00', '2026-03-13 12:00:00'),
(22, 22, 'KAKAOPAY', 'TID_000022', NULL, 'APPROVED', NULL, '{"status":"ready"}', '{"status":"approved"}', NULL, '2026-03-14 12:00:00', '2026-03-14 12:05:00', NULL, NULL, '2026-03-14 12:00:00', '2026-03-14 12:00:00'),
(23, 23, 'KAKAOPAY', 'TID_000023', NULL, 'APPROVED', NULL, '{"status":"ready"}', '{"status":"approved"}', NULL, '2026-03-15 12:00:00', '2026-03-15 12:05:00', NULL, NULL, '2026-03-15 12:00:00', '2026-03-15 12:00:00'),
(24, 24, 'KAKAOPAY', 'TID_000024', NULL, 'APPROVED', NULL, '{"status":"ready"}', '{"status":"approved"}', NULL, '2026-03-16 12:00:00', '2026-03-16 12:05:00', NULL, NULL, '2026-03-16 12:00:00', '2026-03-16 12:00:00'),
(25, 25, 'KAKAOPAY', 'TID_000025', NULL, 'CANCELLED', NULL, '{"status":"ready"}', '{"status":"approved"}', '{"status":"cancelled"}', '2026-03-17 12:00:00', '2026-03-17 12:05:00', '2026-03-17 12:10:00', NULL, '2026-03-17 12:00:00', '2026-03-17 12:00:00'),
(26, 26, 'KAKAOPAY', 'TID_000026', NULL, 'APPROVED', NULL, '{"status":"ready"}', '{"status":"approved"}', NULL, '2026-03-18 12:00:00', '2026-03-18 12:05:00', NULL, NULL, '2026-03-18 12:00:00', '2026-03-18 12:00:00'),
(27, 27, 'KAKAOPAY', 'TID_000027', NULL, 'APPROVED', NULL, '{"status":"ready"}', '{"status":"approved"}', NULL, '2026-03-19 12:00:00', '2026-03-19 12:05:00', NULL, NULL, '2026-03-19 12:00:00', '2026-03-19 12:00:00'),
(28, 28, 'KAKAOPAY', 'TID_000028', NULL, 'APPROVED', NULL, '{"status":"ready"}', '{"status":"approved"}', NULL, '2026-03-20 12:00:00', '2026-03-20 12:05:00', NULL, NULL, '2026-03-20 12:00:00', '2026-03-20 12:00:00'),
(29, 29, 'KAKAOPAY', 'TID_000029', NULL, 'APPROVED', NULL, '{"status":"ready"}', '{"status":"approved"}', NULL, '2026-03-21 12:00:00', '2026-03-21 12:05:00', NULL, NULL, '2026-03-21 12:00:00', '2026-03-21 12:00:00'),
(30, 30, 'KAKAOPAY', 'TID_000030', NULL, 'APPROVED', NULL, '{"status":"ready"}', '{"status":"approved"}', NULL, '2026-03-22 12:00:00', '2026-03-22 12:05:00', NULL, NULL, '2026-03-22 12:00:00', '2026-03-22 12:00:00'),
(31, 31, 'KAKAOPAY', 'TID_000031', NULL, 'APPROVED', NULL, '{"status":"ready"}', '{"status":"approved"}', NULL, '2026-03-23 12:00:00', '2026-03-23 12:05:00', NULL, NULL, '2026-03-23 12:00:00', '2026-03-23 12:00:00'),
(32, 32, 'KAKAOPAY', 'TID_000032', NULL, 'APPROVED', NULL, '{"status":"ready"}', '{"status":"approved"}', NULL, '2026-03-24 12:00:00', '2026-03-24 12:05:00', NULL, NULL, '2026-03-24 12:00:00', '2026-03-24 12:00:00'),
(33, 33, 'KAKAOPAY', 'TID_000033', NULL, 'FAILED', NULL, '{"status":"ready"}', NULL, NULL, '2026-03-25 12:00:00', NULL, NULL, '2026-03-25 12:08:00', '2026-03-25 12:00:00', '2026-03-25 12:00:00'),
(34, 34, 'KAKAOPAY', 'TID_000034', NULL, 'APPROVED', NULL, '{"status":"ready"}', '{"status":"approved"}', NULL, '2026-03-26 12:00:00', '2026-03-26 12:05:00', NULL, NULL, '2026-03-26 12:00:00', '2026-03-26 12:00:00'),
(35, 35, 'KAKAOPAY', 'TID_000035', NULL, 'APPROVED', NULL, '{"status":"ready"}', '{"status":"approved"}', NULL, '2026-03-27 12:00:00', '2026-03-27 12:05:00', NULL, NULL, '2026-03-27 12:00:00', '2026-03-27 12:00:00'),
(36, 36, 'KAKAOPAY', 'TID_000036', NULL, 'APPROVED', NULL, '{"status":"ready"}', '{"status":"approved"}', NULL, '2026-03-28 12:00:00', '2026-03-28 12:05:00', NULL, NULL, '2026-03-28 12:00:00', '2026-03-28 12:00:00'),
(37, 37, 'KAKAOPAY', 'TID_000037', NULL, 'APPROVED', NULL, '{"status":"ready"}', '{"status":"approved"}', NULL, '2026-03-29 12:00:00', '2026-03-29 12:05:00', NULL, NULL, '2026-03-29 12:00:00', '2026-03-29 12:00:00'),
(38, 38, 'KAKAOPAY', 'TID_000038', NULL, 'APPROVED', NULL, '{"status":"ready"}', '{"status":"approved"}', NULL, '2026-03-30 12:00:00', '2026-03-30 12:05:00', NULL, NULL, '2026-03-30 12:00:00', '2026-03-30 12:00:00'),
(39, 39, 'KAKAOPAY', 'TID_000039', NULL, 'APPROVED', NULL, '{"status":"ready"}', '{"status":"approved"}', NULL, '2026-03-31 12:00:00', '2026-03-31 12:05:00', NULL, NULL, '2026-03-31 12:00:00', '2026-03-31 12:00:00'),
(40, 40, 'KAKAOPAY', 'TID_000040', NULL, 'APPROVED', NULL, '{"status":"ready"}', '{"status":"approved"}', NULL, '2026-04-01 12:00:00', '2026-04-01 12:05:00', NULL, NULL, '2026-04-01 12:00:00', '2026-04-01 12:00:00'),
(41, 41, 'KAKAOPAY', 'TID_000041', NULL, 'APPROVED', NULL, '{"status":"ready"}', '{"status":"approved"}', NULL, '2026-04-02 12:00:00', '2026-04-02 12:05:00', NULL, NULL, '2026-04-02 12:00:00', '2026-04-02 12:00:00'),
(42, 42, 'KAKAOPAY', 'TID_000042', NULL, 'APPROVED', NULL, '{"status":"ready"}', '{"status":"approved"}', NULL, '2026-04-03 12:00:00', '2026-04-03 12:05:00', NULL, NULL, '2026-04-03 12:00:00', '2026-04-03 12:00:00'),
(43, 43, 'KAKAOPAY', 'TID_000043', NULL, 'APPROVED', NULL, '{"status":"ready"}', '{"status":"approved"}', NULL, '2026-04-04 12:00:00', '2026-04-04 12:05:00', NULL, NULL, '2026-04-04 12:00:00', '2026-04-04 12:00:00'),
(44, 44, 'KAKAOPAY', 'TID_000044', NULL, 'APPROVED', NULL, '{"status":"ready"}', '{"status":"approved"}', NULL, '2026-04-05 12:00:00', '2026-04-05 12:05:00', NULL, NULL, '2026-04-05 12:00:00', '2026-04-05 12:00:00'),
(45, 45, 'KAKAOPAY', 'TID_000045', NULL, 'APPROVED', NULL, '{"status":"ready"}', '{"status":"approved"}', NULL, '2026-04-06 12:00:00', '2026-04-06 12:05:00', NULL, NULL, '2026-04-06 12:00:00', '2026-04-06 12:00:00'),
(46, 46, 'KAKAOPAY', 'TID_000046', NULL, 'APPROVED', NULL, '{"status":"ready"}', '{"status":"approved"}', NULL, '2026-04-07 12:00:00', '2026-04-07 12:05:00', NULL, NULL, '2026-04-07 12:00:00', '2026-04-07 12:00:00'),
(47, 47, 'KAKAOPAY', 'TID_000047', NULL, 'APPROVED', NULL, '{"status":"ready"}', '{"status":"approved"}', NULL, '2026-04-08 12:00:00', '2026-04-08 12:05:00', NULL, NULL, '2026-04-08 12:00:00', '2026-04-08 12:00:00'),
(48, 48, 'KAKAOPAY', 'TID_000048', NULL, 'APPROVED', NULL, '{"status":"ready"}', '{"status":"approved"}', NULL, '2026-04-09 12:00:00', '2026-04-09 12:05:00', NULL, NULL, '2026-04-09 12:00:00', '2026-04-09 12:00:00'),
(49, 49, 'KAKAOPAY', 'TID_000049', NULL, 'APPROVED', NULL, '{"status":"ready"}', '{"status":"approved"}', NULL, '2026-04-10 12:00:00', '2026-04-10 12:05:00', NULL, NULL, '2026-04-10 12:00:00', '2026-04-10 12:00:00'),
(50, 50, 'KAKAOPAY', 'TID_000050', NULL, 'CANCELLED', NULL, '{"status":"ready"}', '{"status":"approved"}', '{"status":"cancelled"}', '2026-04-11 12:00:00', '2026-04-11 12:05:00', '2026-04-11 12:10:00', NULL, '2026-04-11 12:00:00', '2026-04-11 12:00:00'),
(51, 51, 'KAKAOPAY', 'TID_000051', NULL, 'APPROVED', NULL, '{"status":"ready"}', '{"status":"approved"}', NULL, '2026-04-12 12:00:00', '2026-04-12 12:05:00', NULL, NULL, '2026-04-12 12:00:00', '2026-04-12 12:00:00'),
(52, 52, 'KAKAOPAY', 'TID_000052', NULL, 'APPROVED', NULL, '{"status":"ready"}', '{"status":"approved"}', NULL, '2026-04-13 12:00:00', '2026-04-13 12:05:00', NULL, NULL, '2026-04-13 12:00:00', '2026-04-13 12:00:00'),
(53, 53, 'KAKAOPAY', 'TID_000053', NULL, 'APPROVED', NULL, '{"status":"ready"}', '{"status":"approved"}', NULL, '2026-04-14 12:00:00', '2026-04-14 12:05:00', NULL, NULL, '2026-04-14 12:00:00', '2026-04-14 12:00:00'),
(54, 54, 'KAKAOPAY', 'TID_000054', NULL, 'APPROVED', NULL, '{"status":"ready"}', '{"status":"approved"}', NULL, '2026-04-15 12:00:00', '2026-04-15 12:05:00', NULL, NULL, '2026-04-15 12:00:00', '2026-04-15 12:00:00'),
(55, 55, 'KAKAOPAY', 'TID_000055', NULL, 'APPROVED', NULL, '{"status":"ready"}', '{"status":"approved"}', NULL, '2026-04-16 12:00:00', '2026-04-16 12:05:00', NULL, NULL, '2026-04-16 12:00:00', '2026-04-16 12:00:00'),
(56, 56, 'KAKAOPAY', 'TID_000056', NULL, 'APPROVED', NULL, '{"status":"ready"}', '{"status":"approved"}', NULL, '2026-04-17 12:00:00', '2026-04-17 12:05:00', NULL, NULL, '2026-04-17 12:00:00', '2026-04-17 12:00:00'),
(57, 57, 'KAKAOPAY', 'TID_000057', NULL, 'APPROVED', NULL, '{"status":"ready"}', '{"status":"approved"}', NULL, '2026-04-18 12:00:00', '2026-04-18 12:05:00', NULL, NULL, '2026-04-18 12:00:00', '2026-04-18 12:00:00'),
(58, 58, 'KAKAOPAY', 'TID_000058', NULL, 'APPROVED', NULL, '{"status":"ready"}', '{"status":"approved"}', NULL, '2026-04-19 12:00:00', '2026-04-19 12:05:00', NULL, NULL, '2026-04-19 12:00:00', '2026-04-19 12:00:00'),
(59, 59, 'KAKAOPAY', 'TID_000059', NULL, 'APPROVED', NULL, '{"status":"ready"}', '{"status":"approved"}', NULL, '2026-04-20 12:00:00', '2026-04-20 12:05:00', NULL, NULL, '2026-04-20 12:00:00', '2026-04-20 12:00:00'),
(60, 60, 'KAKAOPAY', 'TID_000060', NULL, 'APPROVED', NULL, '{"status":"ready"}', '{"status":"approved"}', NULL, '2026-04-21 12:00:00', '2026-04-21 12:05:00', NULL, NULL, '2026-04-21 12:00:00', '2026-04-21 12:00:00'),
(61, 61, 'KAKAOPAY', 'TID_000061', NULL, 'APPROVED', NULL, '{"status":"ready"}', '{"status":"approved"}', NULL, '2026-04-22 12:00:00', '2026-04-22 12:05:00', NULL, NULL, '2026-04-22 12:00:00', '2026-04-22 12:00:00'),
(62, 62, 'KAKAOPAY', 'TID_000062', NULL, 'APPROVED', NULL, '{"status":"ready"}', '{"status":"approved"}', NULL, '2026-04-23 12:00:00', '2026-04-23 12:05:00', NULL, NULL, '2026-04-23 12:00:00', '2026-04-23 12:00:00'),
(63, 63, 'KAKAOPAY', 'TID_000063', NULL, 'APPROVED', NULL, '{"status":"ready"}', '{"status":"approved"}', NULL, '2026-04-24 12:00:00', '2026-04-24 12:05:00', NULL, NULL, '2026-04-24 12:00:00', '2026-04-24 12:00:00'),
(64, 64, 'KAKAOPAY', 'TID_000064', NULL, 'APPROVED', NULL, '{"status":"ready"}', '{"status":"approved"}', NULL, '2026-04-25 12:00:00', '2026-04-25 12:05:00', NULL, NULL, '2026-04-25 12:00:00', '2026-04-25 12:00:00'),
(65, 65, 'KAKAOPAY', 'TID_000065', NULL, 'APPROVED', NULL, '{"status":"ready"}', '{"status":"approved"}', NULL, '2026-04-26 12:00:00', '2026-04-26 12:05:00', NULL, NULL, '2026-04-26 12:00:00', '2026-04-26 12:00:00'),
(66, 66, 'KAKAOPAY', 'TID_000066', NULL, 'FAILED', NULL, '{"status":"ready"}', NULL, NULL, '2026-04-27 12:00:00', NULL, NULL, '2026-04-27 12:08:00', '2026-04-27 12:00:00', '2026-04-27 12:00:00'),
(67, 67, 'KAKAOPAY', 'TID_000067', NULL, 'APPROVED', NULL, '{"status":"ready"}', '{"status":"approved"}', NULL, '2026-04-28 12:00:00', '2026-04-28 12:05:00', NULL, NULL, '2026-04-28 12:00:00', '2026-04-28 12:00:00'),
(68, 68, 'KAKAOPAY', 'TID_000068', NULL, 'APPROVED', NULL, '{"status":"ready"}', '{"status":"approved"}', NULL, '2026-04-29 12:00:00', '2026-04-29 12:05:00', NULL, NULL, '2026-04-29 12:00:00', '2026-04-29 12:00:00'),
(69, 69, 'KAKAOPAY', 'TID_000069', NULL, 'APPROVED', NULL, '{"status":"ready"}', '{"status":"approved"}', NULL, '2026-04-30 12:00:00', '2026-04-30 12:05:00', NULL, NULL, '2026-04-30 12:00:00', '2026-04-30 12:00:00'),
(70, 70, 'KAKAOPAY', 'TID_000070', NULL, 'APPROVED', NULL, '{"status":"ready"}', '{"status":"approved"}', NULL, '2026-05-01 12:00:00', '2026-05-01 12:05:00', NULL, NULL, '2026-05-01 12:00:00', '2026-05-01 12:00:00'),
(71, 71, 'KAKAOPAY', 'TID_000071', NULL, 'APPROVED', NULL, '{"status":"ready"}', '{"status":"approved"}', NULL, '2026-05-02 12:00:00', '2026-05-02 12:05:00', NULL, NULL, '2026-05-02 12:00:00', '2026-05-02 12:00:00'),
(72, 72, 'KAKAOPAY', 'TID_000072', NULL, 'APPROVED', NULL, '{"status":"ready"}', '{"status":"approved"}', NULL, '2026-05-03 12:00:00', '2026-05-03 12:05:00', NULL, NULL, '2026-05-03 12:00:00', '2026-05-03 12:00:00'),
(73, 73, 'KAKAOPAY', 'TID_000073', NULL, 'APPROVED', NULL, '{"status":"ready"}', '{"status":"approved"}', NULL, '2026-05-04 12:00:00', '2026-05-04 12:05:00', NULL, NULL, '2026-05-04 12:00:00', '2026-05-04 12:00:00'),
(74, 74, 'KAKAOPAY', 'TID_000074', NULL, 'APPROVED', NULL, '{"status":"ready"}', '{"status":"approved"}', NULL, '2026-05-05 12:00:00', '2026-05-05 12:05:00', NULL, NULL, '2026-05-05 12:00:00', '2026-05-05 12:00:00'),
(75, 75, 'KAKAOPAY', 'TID_000075', NULL, 'CANCELLED', NULL, '{"status":"ready"}', '{"status":"approved"}', '{"status":"cancelled"}', '2026-05-06 12:00:00', '2026-05-06 12:05:00', '2026-05-06 12:10:00', NULL, '2026-05-06 12:00:00', '2026-05-06 12:00:00'),
(76, 76, 'KAKAOPAY', 'TID_000076', NULL, 'APPROVED', NULL, '{"status":"ready"}', '{"status":"approved"}', NULL, '2026-05-07 12:00:00', '2026-05-07 12:05:00', NULL, NULL, '2026-05-07 12:00:00', '2026-05-07 12:00:00'),
(77, 77, 'KAKAOPAY', 'TID_000077', NULL, 'APPROVED', NULL, '{"status":"ready"}', '{"status":"approved"}', NULL, '2026-05-08 12:00:00', '2026-05-08 12:05:00', NULL, NULL, '2026-05-08 12:00:00', '2026-05-08 12:00:00'),
(78, 78, 'KAKAOPAY', 'TID_000078', NULL, 'APPROVED', NULL, '{"status":"ready"}', '{"status":"approved"}', NULL, '2026-05-09 12:00:00', '2026-05-09 12:05:00', NULL, NULL, '2026-05-09 12:00:00', '2026-05-09 12:00:00'),
(79, 79, 'KAKAOPAY', 'TID_000079', NULL, 'APPROVED', NULL, '{"status":"ready"}', '{"status":"approved"}', NULL, '2026-05-10 12:00:00', '2026-05-10 12:05:00', NULL, NULL, '2026-05-10 12:00:00', '2026-05-10 12:00:00'),
(80, 80, 'KAKAOPAY', 'TID_000080', NULL, 'APPROVED', NULL, '{"status":"ready"}', '{"status":"approved"}', NULL, '2026-05-11 12:00:00', '2026-05-11 12:05:00', NULL, NULL, '2026-05-11 12:00:00', '2026-05-11 12:00:00'),
(81, 81, 'KAKAOPAY', 'TID_000081', NULL, 'APPROVED', NULL, '{"status":"ready"}', '{"status":"approved"}', NULL, '2026-05-12 12:00:00', '2026-05-12 12:05:00', NULL, NULL, '2026-05-12 12:00:00', '2026-05-12 12:00:00'),
(82, 82, 'KAKAOPAY', 'TID_000082', NULL, 'APPROVED', NULL, '{"status":"ready"}', '{"status":"approved"}', NULL, '2026-05-13 12:00:00', '2026-05-13 12:05:00', NULL, NULL, '2026-05-13 12:00:00', '2026-05-13 12:00:00'),
(83, 83, 'KAKAOPAY', 'TID_000083', NULL, 'APPROVED', NULL, '{"status":"ready"}', '{"status":"approved"}', NULL, '2026-05-14 12:00:00', '2026-05-14 12:05:00', NULL, NULL, '2026-05-14 12:00:00', '2026-05-14 12:00:00'),
(84, 84, 'KAKAOPAY', 'TID_000084', NULL, 'APPROVED', NULL, '{"status":"ready"}', '{"status":"approved"}', NULL, '2026-05-15 12:00:00', '2026-05-15 12:05:00', NULL, NULL, '2026-05-15 12:00:00', '2026-05-15 12:00:00'),
(85, 85, 'KAKAOPAY', 'TID_000085', NULL, 'APPROVED', NULL, '{"status":"ready"}', '{"status":"approved"}', NULL, '2026-05-16 12:00:00', '2026-05-16 12:05:00', NULL, NULL, '2026-05-16 12:00:00', '2026-05-16 12:00:00'),
(86, 86, 'KAKAOPAY', 'TID_000086', NULL, 'APPROVED', NULL, '{"status":"ready"}', '{"status":"approved"}', NULL, '2026-05-17 12:00:00', '2026-05-17 12:05:00', NULL, NULL, '2026-05-17 12:00:00', '2026-05-17 12:00:00'),
(87, 87, 'KAKAOPAY', 'TID_000087', NULL, 'APPROVED', NULL, '{"status":"ready"}', '{"status":"approved"}', NULL, '2026-05-18 12:00:00', '2026-05-18 12:05:00', NULL, NULL, '2026-05-18 12:00:00', '2026-05-18 12:00:00'),
(88, 88, 'KAKAOPAY', 'TID_000088', NULL, 'APPROVED', NULL, '{"status":"ready"}', '{"status":"approved"}', NULL, '2026-05-19 12:00:00', '2026-05-19 12:05:00', NULL, NULL, '2026-05-19 12:00:00', '2026-05-19 12:00:00'),
(89, 89, 'KAKAOPAY', 'TID_000089', NULL, 'APPROVED', NULL, '{"status":"ready"}', '{"status":"approved"}', NULL, '2026-05-20 12:00:00', '2026-05-20 12:05:00', NULL, NULL, '2026-05-20 12:00:00', '2026-05-20 12:00:00'),
(90, 90, 'KAKAOPAY', 'TID_000090', NULL, 'APPROVED', NULL, '{"status":"ready"}', '{"status":"approved"}', NULL, '2026-05-21 12:00:00', '2026-05-21 12:05:00', NULL, NULL, '2026-05-21 12:00:00', '2026-05-21 12:00:00'),
(91, 91, 'KAKAOPAY', 'TID_000091', NULL, 'APPROVED', NULL, '{"status":"ready"}', '{"status":"approved"}', NULL, '2026-05-22 12:00:00', '2026-05-22 12:05:00', NULL, NULL, '2026-05-22 12:00:00', '2026-05-22 12:00:00'),
(92, 92, 'KAKAOPAY', 'TID_000092', NULL, 'APPROVED', NULL, '{"status":"ready"}', '{"status":"approved"}', NULL, '2026-05-23 12:00:00', '2026-05-23 12:05:00', NULL, NULL, '2026-05-23 12:00:00', '2026-05-23 12:00:00'),
(93, 93, 'KAKAOPAY', 'TID_000093', NULL, 'APPROVED', NULL, '{"status":"ready"}', '{"status":"approved"}', NULL, '2026-05-24 12:00:00', '2026-05-24 12:05:00', NULL, NULL, '2026-05-24 12:00:00', '2026-05-24 12:00:00'),
(94, 94, 'KAKAOPAY', 'TID_000094', NULL, 'APPROVED', NULL, '{"status":"ready"}', '{"status":"approved"}', NULL, '2026-05-25 12:00:00', '2026-05-25 12:05:00', NULL, NULL, '2026-05-25 12:00:00', '2026-05-25 12:00:00'),
(95, 95, 'KAKAOPAY', 'TID_000095', NULL, 'APPROVED', NULL, '{"status":"ready"}', '{"status":"approved"}', NULL, '2026-05-26 12:00:00', '2026-05-26 12:05:00', NULL, NULL, '2026-05-26 12:00:00', '2026-05-26 12:00:00'),
(96, 96, 'KAKAOPAY', 'TID_000096', NULL, 'APPROVED', NULL, '{"status":"ready"}', '{"status":"approved"}', NULL, '2026-05-27 12:00:00', '2026-05-27 12:05:00', NULL, NULL, '2026-05-27 12:00:00', '2026-05-27 12:00:00'),
(97, 97, 'KAKAOPAY', 'TID_000097', NULL, 'APPROVED', NULL, '{"status":"ready"}', '{"status":"approved"}', NULL, '2026-05-28 12:00:00', '2026-05-28 12:05:00', NULL, NULL, '2026-05-28 12:00:00', '2026-05-28 12:00:00'),
(98, 98, 'KAKAOPAY', 'TID_000098', NULL, 'APPROVED', NULL, '{"status":"ready"}', '{"status":"approved"}', NULL, '2026-05-29 12:00:00', '2026-05-29 12:05:00', NULL, NULL, '2026-05-29 12:00:00', '2026-05-29 12:00:00'),
(99, 99, 'KAKAOPAY', 'TID_000099', NULL, 'FAILED', NULL, '{"status":"ready"}', NULL, NULL, '2026-05-30 12:00:00', NULL, NULL, '2026-05-30 12:08:00', '2026-05-30 12:00:00', '2026-05-30 12:00:00'),
(100, 100, 'KAKAOPAY', 'TID_000100', NULL, 'CANCELLED', NULL, '{"status":"ready"}', '{"status":"approved"}', '{"status":"cancelled"}', '2026-05-31 12:00:00', '2026-05-31 12:05:00', '2026-05-31 12:10:00', NULL, '2026-05-31 12:00:00', '2026-05-31 12:00:00');

-- refunds
INSERT INTO refunds (refund_id, payment_id, refund_amount, reason, status, requested_at, completed_at, created_at, updated_at) VALUES
(1, 1, 30000.00, '환불 사유 001', 'REQUESTED', '2026-02-23 09:00:00', NULL, '2026-02-23 09:00:00', '2026-02-23 09:00:00'),
(2, 2, 45000.00, '환불 사유 002', 'REQUESTED', '2026-02-24 09:00:00', NULL, '2026-02-24 09:00:00', '2026-02-24 09:00:00'),
(3, 3, 60000.00, '환불 사유 003', 'REQUESTED', '2026-02-25 09:00:00', NULL, '2026-02-25 09:00:00', '2026-02-25 09:00:00'),
(4, 4, 75000.00, '환불 사유 004', 'COMPLETED', '2026-02-26 09:00:00', '2026-02-27 10:00:00', '2026-02-26 09:00:00', '2026-02-26 09:00:00'),
(5, 5, 15000.00, '환불 사유 005', 'REQUESTED', '2026-02-27 09:00:00', NULL, '2026-02-27 09:00:00', '2026-02-27 09:00:00'),
(6, 6, 30000.00, '환불 사유 006', 'REQUESTED', '2026-02-28 09:00:00', NULL, '2026-02-28 09:00:00', '2026-02-28 09:00:00'),
(7, 7, 45000.00, '환불 사유 007', 'REQUESTED', '2026-03-01 09:00:00', NULL, '2026-03-01 09:00:00', '2026-03-01 09:00:00'),
(8, 8, 60000.00, '환불 사유 008', 'COMPLETED', '2026-03-02 09:00:00', '2026-03-03 10:00:00', '2026-03-02 09:00:00', '2026-03-02 09:00:00'),
(9, 9, 75000.00, '환불 사유 009', 'REQUESTED', '2026-03-03 09:00:00', NULL, '2026-03-03 09:00:00', '2026-03-03 09:00:00'),
(10, 10, 15000.00, '환불 사유 010', 'REQUESTED', '2026-03-04 09:00:00', NULL, '2026-03-04 09:00:00', '2026-03-04 09:00:00'),
(11, 11, 30000.00, '환불 사유 011', 'REQUESTED', '2026-03-05 09:00:00', NULL, '2026-03-05 09:00:00', '2026-03-05 09:00:00'),
(12, 12, 45000.00, '환불 사유 012', 'COMPLETED', '2026-03-06 09:00:00', '2026-03-07 10:00:00', '2026-03-06 09:00:00', '2026-03-06 09:00:00'),
(13, 13, 60000.00, '환불 사유 013', 'REQUESTED', '2026-03-07 09:00:00', NULL, '2026-03-07 09:00:00', '2026-03-07 09:00:00'),
(14, 14, 75000.00, '환불 사유 014', 'REQUESTED', '2026-03-08 09:00:00', NULL, '2026-03-08 09:00:00', '2026-03-08 09:00:00'),
(15, 15, 15000.00, '환불 사유 015', 'REQUESTED', '2026-03-09 09:00:00', NULL, '2026-03-09 09:00:00', '2026-03-09 09:00:00'),
(16, 16, 30000.00, '환불 사유 016', 'COMPLETED', '2026-03-10 09:00:00', '2026-03-11 10:00:00', '2026-03-10 09:00:00', '2026-03-10 09:00:00'),
(17, 17, 45000.00, '환불 사유 017', 'REQUESTED', '2026-03-11 09:00:00', NULL, '2026-03-11 09:00:00', '2026-03-11 09:00:00'),
(18, 18, 60000.00, '환불 사유 018', 'REQUESTED', '2026-03-12 09:00:00', NULL, '2026-03-12 09:00:00', '2026-03-12 09:00:00'),
(19, 19, 75000.00, '환불 사유 019', 'REQUESTED', '2026-03-13 09:00:00', NULL, '2026-03-13 09:00:00', '2026-03-13 09:00:00'),
(20, 20, 15000.00, '환불 사유 020', 'COMPLETED', '2026-03-14 09:00:00', '2026-03-15 10:00:00', '2026-03-14 09:00:00', '2026-03-14 09:00:00'),
(21, 21, 30000.00, '환불 사유 021', 'REQUESTED', '2026-03-15 09:00:00', NULL, '2026-03-15 09:00:00', '2026-03-15 09:00:00'),
(22, 22, 45000.00, '환불 사유 022', 'REQUESTED', '2026-03-16 09:00:00', NULL, '2026-03-16 09:00:00', '2026-03-16 09:00:00'),
(23, 23, 60000.00, '환불 사유 023', 'REQUESTED', '2026-03-17 09:00:00', NULL, '2026-03-17 09:00:00', '2026-03-17 09:00:00'),
(24, 24, 75000.00, '환불 사유 024', 'COMPLETED', '2026-03-18 09:00:00', '2026-03-19 10:00:00', '2026-03-18 09:00:00', '2026-03-18 09:00:00'),
(25, 25, 15000.00, '환불 사유 025', 'REQUESTED', '2026-03-19 09:00:00', NULL, '2026-03-19 09:00:00', '2026-03-19 09:00:00'),
(26, 26, 30000.00, '환불 사유 026', 'REQUESTED', '2026-03-20 09:00:00', NULL, '2026-03-20 09:00:00', '2026-03-20 09:00:00'),
(27, 27, 45000.00, '환불 사유 027', 'REQUESTED', '2026-03-21 09:00:00', NULL, '2026-03-21 09:00:00', '2026-03-21 09:00:00'),
(28, 28, 60000.00, '환불 사유 028', 'COMPLETED', '2026-03-22 09:00:00', '2026-03-23 10:00:00', '2026-03-22 09:00:00', '2026-03-22 09:00:00'),
(29, 29, 75000.00, '환불 사유 029', 'REQUESTED', '2026-03-23 09:00:00', NULL, '2026-03-23 09:00:00', '2026-03-23 09:00:00'),
(30, 30, 15000.00, '환불 사유 030', 'REQUESTED', '2026-03-24 09:00:00', NULL, '2026-03-24 09:00:00', '2026-03-24 09:00:00'),
(31, 31, 30000.00, '환불 사유 031', 'REQUESTED', '2026-03-25 09:00:00', NULL, '2026-03-25 09:00:00', '2026-03-25 09:00:00'),
(32, 32, 45000.00, '환불 사유 032', 'COMPLETED', '2026-03-26 09:00:00', '2026-03-27 10:00:00', '2026-03-26 09:00:00', '2026-03-26 09:00:00'),
(33, 33, 60000.00, '환불 사유 033', 'REQUESTED', '2026-03-27 09:00:00', NULL, '2026-03-27 09:00:00', '2026-03-27 09:00:00'),
(34, 34, 75000.00, '환불 사유 034', 'REQUESTED', '2026-03-28 09:00:00', NULL, '2026-03-28 09:00:00', '2026-03-28 09:00:00'),
(35, 35, 15000.00, '환불 사유 035', 'REQUESTED', '2026-03-29 09:00:00', NULL, '2026-03-29 09:00:00', '2026-03-29 09:00:00'),
(36, 36, 30000.00, '환불 사유 036', 'COMPLETED', '2026-03-30 09:00:00', '2026-03-31 10:00:00', '2026-03-30 09:00:00', '2026-03-30 09:00:00'),
(37, 37, 45000.00, '환불 사유 037', 'REQUESTED', '2026-03-31 09:00:00', NULL, '2026-03-31 09:00:00', '2026-03-31 09:00:00'),
(38, 38, 60000.00, '환불 사유 038', 'REQUESTED', '2026-04-01 09:00:00', NULL, '2026-04-01 09:00:00', '2026-04-01 09:00:00'),
(39, 39, 75000.00, '환불 사유 039', 'REQUESTED', '2026-04-02 09:00:00', NULL, '2026-04-02 09:00:00', '2026-04-02 09:00:00'),
(40, 40, 15000.00, '환불 사유 040', 'COMPLETED', '2026-04-03 09:00:00', '2026-04-04 10:00:00', '2026-04-03 09:00:00', '2026-04-03 09:00:00'),
(41, 41, 30000.00, '환불 사유 041', 'REQUESTED', '2026-04-04 09:00:00', NULL, '2026-04-04 09:00:00', '2026-04-04 09:00:00'),
(42, 42, 45000.00, '환불 사유 042', 'REQUESTED', '2026-04-05 09:00:00', NULL, '2026-04-05 09:00:00', '2026-04-05 09:00:00'),
(43, 43, 60000.00, '환불 사유 043', 'REQUESTED', '2026-04-06 09:00:00', NULL, '2026-04-06 09:00:00', '2026-04-06 09:00:00'),
(44, 44, 75000.00, '환불 사유 044', 'COMPLETED', '2026-04-07 09:00:00', '2026-04-08 10:00:00', '2026-04-07 09:00:00', '2026-04-07 09:00:00'),
(45, 45, 15000.00, '환불 사유 045', 'REQUESTED', '2026-04-08 09:00:00', NULL, '2026-04-08 09:00:00', '2026-04-08 09:00:00'),
(46, 46, 30000.00, '환불 사유 046', 'REQUESTED', '2026-04-09 09:00:00', NULL, '2026-04-09 09:00:00', '2026-04-09 09:00:00'),
(47, 47, 45000.00, '환불 사유 047', 'REQUESTED', '2026-04-10 09:00:00', NULL, '2026-04-10 09:00:00', '2026-04-10 09:00:00'),
(48, 48, 60000.00, '환불 사유 048', 'COMPLETED', '2026-04-11 09:00:00', '2026-04-12 10:00:00', '2026-04-11 09:00:00', '2026-04-11 09:00:00'),
(49, 49, 75000.00, '환불 사유 049', 'REQUESTED', '2026-04-12 09:00:00', NULL, '2026-04-12 09:00:00', '2026-04-12 09:00:00'),
(50, 50, 15000.00, '환불 사유 050', 'REQUESTED', '2026-04-13 09:00:00', NULL, '2026-04-13 09:00:00', '2026-04-13 09:00:00'),
(51, 51, 30000.00, '환불 사유 051', 'REQUESTED', '2026-04-14 09:00:00', NULL, '2026-04-14 09:00:00', '2026-04-14 09:00:00'),
(52, 52, 45000.00, '환불 사유 052', 'COMPLETED', '2026-04-15 09:00:00', '2026-04-16 10:00:00', '2026-04-15 09:00:00', '2026-04-15 09:00:00'),
(53, 53, 60000.00, '환불 사유 053', 'REQUESTED', '2026-04-16 09:00:00', NULL, '2026-04-16 09:00:00', '2026-04-16 09:00:00'),
(54, 54, 75000.00, '환불 사유 054', 'REQUESTED', '2026-04-17 09:00:00', NULL, '2026-04-17 09:00:00', '2026-04-17 09:00:00'),
(55, 55, 15000.00, '환불 사유 055', 'REQUESTED', '2026-04-18 09:00:00', NULL, '2026-04-18 09:00:00', '2026-04-18 09:00:00'),
(56, 56, 30000.00, '환불 사유 056', 'COMPLETED', '2026-04-19 09:00:00', '2026-04-20 10:00:00', '2026-04-19 09:00:00', '2026-04-19 09:00:00'),
(57, 57, 45000.00, '환불 사유 057', 'REQUESTED', '2026-04-20 09:00:00', NULL, '2026-04-20 09:00:00', '2026-04-20 09:00:00'),
(58, 58, 60000.00, '환불 사유 058', 'REQUESTED', '2026-04-21 09:00:00', NULL, '2026-04-21 09:00:00', '2026-04-21 09:00:00'),
(59, 59, 75000.00, '환불 사유 059', 'REQUESTED', '2026-04-22 09:00:00', NULL, '2026-04-22 09:00:00', '2026-04-22 09:00:00'),
(60, 60, 15000.00, '환불 사유 060', 'COMPLETED', '2026-04-23 09:00:00', '2026-04-24 10:00:00', '2026-04-23 09:00:00', '2026-04-23 09:00:00'),
(61, 61, 30000.00, '환불 사유 061', 'REQUESTED', '2026-04-24 09:00:00', NULL, '2026-04-24 09:00:00', '2026-04-24 09:00:00'),
(62, 62, 45000.00, '환불 사유 062', 'REQUESTED', '2026-04-25 09:00:00', NULL, '2026-04-25 09:00:00', '2026-04-25 09:00:00'),
(63, 63, 60000.00, '환불 사유 063', 'REQUESTED', '2026-04-26 09:00:00', NULL, '2026-04-26 09:00:00', '2026-04-26 09:00:00'),
(64, 64, 75000.00, '환불 사유 064', 'COMPLETED', '2026-04-27 09:00:00', '2026-04-28 10:00:00', '2026-04-27 09:00:00', '2026-04-27 09:00:00'),
(65, 65, 15000.00, '환불 사유 065', 'REQUESTED', '2026-04-28 09:00:00', NULL, '2026-04-28 09:00:00', '2026-04-28 09:00:00'),
(66, 66, 30000.00, '환불 사유 066', 'REQUESTED', '2026-04-29 09:00:00', NULL, '2026-04-29 09:00:00', '2026-04-29 09:00:00'),
(67, 67, 45000.00, '환불 사유 067', 'REQUESTED', '2026-04-30 09:00:00', NULL, '2026-04-30 09:00:00', '2026-04-30 09:00:00'),
(68, 68, 60000.00, '환불 사유 068', 'COMPLETED', '2026-05-01 09:00:00', '2026-05-02 10:00:00', '2026-05-01 09:00:00', '2026-05-01 09:00:00'),
(69, 69, 75000.00, '환불 사유 069', 'REQUESTED', '2026-05-02 09:00:00', NULL, '2026-05-02 09:00:00', '2026-05-02 09:00:00'),
(70, 70, 15000.00, '환불 사유 070', 'REQUESTED', '2026-05-03 09:00:00', NULL, '2026-05-03 09:00:00', '2026-05-03 09:00:00'),
(71, 71, 30000.00, '환불 사유 071', 'REQUESTED', '2026-05-04 09:00:00', NULL, '2026-05-04 09:00:00', '2026-05-04 09:00:00'),
(72, 72, 45000.00, '환불 사유 072', 'COMPLETED', '2026-05-05 09:00:00', '2026-05-06 10:00:00', '2026-05-05 09:00:00', '2026-05-05 09:00:00'),
(73, 73, 60000.00, '환불 사유 073', 'REQUESTED', '2026-05-06 09:00:00', NULL, '2026-05-06 09:00:00', '2026-05-06 09:00:00'),
(74, 74, 75000.00, '환불 사유 074', 'REQUESTED', '2026-05-07 09:00:00', NULL, '2026-05-07 09:00:00', '2026-05-07 09:00:00'),
(75, 75, 15000.00, '환불 사유 075', 'REQUESTED', '2026-05-08 09:00:00', NULL, '2026-05-08 09:00:00', '2026-05-08 09:00:00'),
(76, 76, 30000.00, '환불 사유 076', 'COMPLETED', '2026-05-09 09:00:00', '2026-05-10 10:00:00', '2026-05-09 09:00:00', '2026-05-09 09:00:00'),
(77, 77, 45000.00, '환불 사유 077', 'REQUESTED', '2026-05-10 09:00:00', NULL, '2026-05-10 09:00:00', '2026-05-10 09:00:00'),
(78, 78, 60000.00, '환불 사유 078', 'REQUESTED', '2026-05-11 09:00:00', NULL, '2026-05-11 09:00:00', '2026-05-11 09:00:00'),
(79, 79, 75000.00, '환불 사유 079', 'REQUESTED', '2026-05-12 09:00:00', NULL, '2026-05-12 09:00:00', '2026-05-12 09:00:00'),
(80, 80, 15000.00, '환불 사유 080', 'COMPLETED', '2026-05-13 09:00:00', '2026-05-14 10:00:00', '2026-05-13 09:00:00', '2026-05-13 09:00:00'),
(81, 81, 30000.00, '환불 사유 081', 'REQUESTED', '2026-05-14 09:00:00', NULL, '2026-05-14 09:00:00', '2026-05-14 09:00:00'),
(82, 82, 45000.00, '환불 사유 082', 'REQUESTED', '2026-05-15 09:00:00', NULL, '2026-05-15 09:00:00', '2026-05-15 09:00:00'),
(83, 83, 60000.00, '환불 사유 083', 'REQUESTED', '2026-05-16 09:00:00', NULL, '2026-05-16 09:00:00', '2026-05-16 09:00:00'),
(84, 84, 75000.00, '환불 사유 084', 'COMPLETED', '2026-05-17 09:00:00', '2026-05-18 10:00:00', '2026-05-17 09:00:00', '2026-05-17 09:00:00'),
(85, 85, 15000.00, '환불 사유 085', 'REQUESTED', '2026-05-18 09:00:00', NULL, '2026-05-18 09:00:00', '2026-05-18 09:00:00'),
(86, 86, 30000.00, '환불 사유 086', 'REQUESTED', '2026-05-19 09:00:00', NULL, '2026-05-19 09:00:00', '2026-05-19 09:00:00'),
(87, 87, 45000.00, '환불 사유 087', 'REQUESTED', '2026-05-20 09:00:00', NULL, '2026-05-20 09:00:00', '2026-05-20 09:00:00'),
(88, 88, 60000.00, '환불 사유 088', 'COMPLETED', '2026-05-21 09:00:00', '2026-05-22 10:00:00', '2026-05-21 09:00:00', '2026-05-21 09:00:00'),
(89, 89, 75000.00, '환불 사유 089', 'REQUESTED', '2026-05-22 09:00:00', NULL, '2026-05-22 09:00:00', '2026-05-22 09:00:00'),
(90, 90, 15000.00, '환불 사유 090', 'REQUESTED', '2026-05-23 09:00:00', NULL, '2026-05-23 09:00:00', '2026-05-23 09:00:00'),
(91, 91, 30000.00, '환불 사유 091', 'REQUESTED', '2026-05-24 09:00:00', NULL, '2026-05-24 09:00:00', '2026-05-24 09:00:00'),
(92, 92, 45000.00, '환불 사유 092', 'COMPLETED', '2026-05-25 09:00:00', '2026-05-26 10:00:00', '2026-05-25 09:00:00', '2026-05-25 09:00:00'),
(93, 93, 60000.00, '환불 사유 093', 'REQUESTED', '2026-05-26 09:00:00', NULL, '2026-05-26 09:00:00', '2026-05-26 09:00:00'),
(94, 94, 75000.00, '환불 사유 094', 'REQUESTED', '2026-05-27 09:00:00', NULL, '2026-05-27 09:00:00', '2026-05-27 09:00:00'),
(95, 95, 15000.00, '환불 사유 095', 'REQUESTED', '2026-05-28 09:00:00', NULL, '2026-05-28 09:00:00', '2026-05-28 09:00:00'),
(96, 96, 30000.00, '환불 사유 096', 'COMPLETED', '2026-05-29 09:00:00', '2026-05-30 10:00:00', '2026-05-29 09:00:00', '2026-05-29 09:00:00'),
(97, 97, 45000.00, '환불 사유 097', 'REQUESTED', '2026-05-30 09:00:00', NULL, '2026-05-30 09:00:00', '2026-05-30 09:00:00'),
(98, 98, 60000.00, '환불 사유 098', 'REQUESTED', '2026-05-31 09:00:00', NULL, '2026-05-31 09:00:00', '2026-05-31 09:00:00'),
(99, 99, 75000.00, '환불 사유 099', 'REQUESTED', '2026-06-01 09:00:00', NULL, '2026-06-01 09:00:00', '2026-06-01 09:00:00'),
(100, 100, 15000.00, '환불 사유 100', 'COMPLETED', '2026-06-02 09:00:00', '2026-06-03 10:00:00', '2026-06-02 09:00:00', '2026-06-02 09:00:00');

-- qr_codes
INSERT INTO qr_codes (qr_id, user_id, event_id, original_url, mime_type, issued_at, expired_at) VALUES
(1, 1, 1, 'https://cdn.pupoo.local/qr/000001.png', 'png', '2026-02-25 10:01:00', '2026-12-31 00:00:00'),
(2, 2, 2, 'https://cdn.pupoo.local/qr/000002.png', 'png', '2026-02-25 10:02:00', '2026-12-31 00:00:00'),
(3, 3, 3, 'https://cdn.pupoo.local/qr/000003.png', 'png', '2026-02-25 10:03:00', '2026-12-31 00:00:00'),
(4, 4, 4, 'https://cdn.pupoo.local/qr/000004.png', 'png', '2026-02-25 10:04:00', '2026-12-31 00:00:00'),
(5, 5, 5, 'https://cdn.pupoo.local/qr/000005.png', 'png', '2026-02-25 10:05:00', '2026-12-31 00:00:00'),
(6, 6, 6, 'https://cdn.pupoo.local/qr/000006.png', 'png', '2026-02-25 10:06:00', '2026-12-31 00:00:00'),
(7, 7, 7, 'https://cdn.pupoo.local/qr/000007.png', 'png', '2026-02-25 10:07:00', '2026-12-31 00:00:00'),
(8, 8, 8, 'https://cdn.pupoo.local/qr/000008.png', 'png', '2026-02-25 10:08:00', '2026-12-31 00:00:00'),
(9, 9, 9, 'https://cdn.pupoo.local/qr/000009.png', 'png', '2026-02-25 10:09:00', '2026-12-31 00:00:00'),
(10, 10, 10, 'https://cdn.pupoo.local/qr/000010.png', 'png', '2026-02-25 10:10:00', '2026-12-31 00:00:00'),
(11, 11, 11, 'https://cdn.pupoo.local/qr/000011.png', 'png', '2026-02-25 10:11:00', '2026-12-31 00:00:00'),
(12, 12, 12, 'https://cdn.pupoo.local/qr/000012.png', 'png', '2026-02-25 10:12:00', '2026-12-31 00:00:00'),
(13, 13, 13, 'https://cdn.pupoo.local/qr/000013.png', 'png', '2026-02-25 10:13:00', '2026-12-31 00:00:00'),
(14, 14, 14, 'https://cdn.pupoo.local/qr/000014.png', 'png', '2026-02-25 10:14:00', '2026-12-31 00:00:00'),
(15, 15, 15, 'https://cdn.pupoo.local/qr/000015.png', 'png', '2026-02-25 10:15:00', '2026-12-31 00:00:00'),
(16, 16, 16, 'https://cdn.pupoo.local/qr/000016.png', 'png', '2026-02-25 10:16:00', '2026-12-31 00:00:00'),
(17, 17, 17, 'https://cdn.pupoo.local/qr/000017.png', 'png', '2026-02-25 10:17:00', '2026-12-31 00:00:00'),
(18, 18, 18, 'https://cdn.pupoo.local/qr/000018.png', 'png', '2026-02-25 10:18:00', '2026-12-31 00:00:00'),
(19, 19, 19, 'https://cdn.pupoo.local/qr/000019.png', 'png', '2026-02-25 10:19:00', '2026-12-31 00:00:00'),
(20, 20, 20, 'https://cdn.pupoo.local/qr/000020.png', 'png', '2026-02-25 10:20:00', '2026-12-31 00:00:00'),
(21, 21, 21, 'https://cdn.pupoo.local/qr/000021.png', 'png', '2026-02-25 10:21:00', '2026-12-31 00:00:00'),
(22, 22, 22, 'https://cdn.pupoo.local/qr/000022.png', 'png', '2026-02-25 10:22:00', '2026-12-31 00:00:00'),
(23, 23, 23, 'https://cdn.pupoo.local/qr/000023.png', 'png', '2026-02-25 10:23:00', '2026-12-31 00:00:00'),
(24, 24, 24, 'https://cdn.pupoo.local/qr/000024.png', 'png', '2026-02-25 10:24:00', '2026-12-31 00:00:00'),
(25, 25, 25, 'https://cdn.pupoo.local/qr/000025.png', 'png', '2026-02-25 10:25:00', '2026-12-31 00:00:00'),
(26, 26, 26, 'https://cdn.pupoo.local/qr/000026.png', 'png', '2026-02-25 10:26:00', '2026-12-31 00:00:00'),
(27, 27, 27, 'https://cdn.pupoo.local/qr/000027.png', 'png', '2026-02-25 10:27:00', '2026-12-31 00:00:00'),
(28, 28, 28, 'https://cdn.pupoo.local/qr/000028.png', 'png', '2026-02-25 10:28:00', '2026-12-31 00:00:00'),
(29, 29, 29, 'https://cdn.pupoo.local/qr/000029.png', 'png', '2026-02-25 10:29:00', '2026-12-31 00:00:00'),
(30, 30, 30, 'https://cdn.pupoo.local/qr/000030.png', 'png', '2026-02-25 10:30:00', '2026-12-31 00:00:00'),
(31, 31, 31, 'https://cdn.pupoo.local/qr/000031.png', 'png', '2026-02-25 10:31:00', '2026-12-31 00:00:00'),
(32, 32, 32, 'https://cdn.pupoo.local/qr/000032.png', 'png', '2026-02-25 10:32:00', '2026-12-31 00:00:00'),
(33, 33, 33, 'https://cdn.pupoo.local/qr/000033.png', 'png', '2026-02-25 10:33:00', '2026-12-31 00:00:00'),
(34, 34, 34, 'https://cdn.pupoo.local/qr/000034.png', 'png', '2026-02-25 10:34:00', '2026-12-31 00:00:00'),
(35, 35, 35, 'https://cdn.pupoo.local/qr/000035.png', 'png', '2026-02-25 10:35:00', '2026-12-31 00:00:00'),
(36, 36, 36, 'https://cdn.pupoo.local/qr/000036.png', 'png', '2026-02-25 10:36:00', '2026-12-31 00:00:00'),
(37, 37, 37, 'https://cdn.pupoo.local/qr/000037.png', 'png', '2026-02-25 10:37:00', '2026-12-31 00:00:00'),
(38, 38, 38, 'https://cdn.pupoo.local/qr/000038.png', 'png', '2026-02-25 10:38:00', '2026-12-31 00:00:00'),
(39, 39, 39, 'https://cdn.pupoo.local/qr/000039.png', 'png', '2026-02-25 10:39:00', '2026-12-31 00:00:00'),
(40, 40, 40, 'https://cdn.pupoo.local/qr/000040.png', 'png', '2026-02-25 10:40:00', '2026-12-31 00:00:00'),
(41, 41, 41, 'https://cdn.pupoo.local/qr/000041.png', 'png', '2026-02-25 10:41:00', '2026-12-31 00:00:00'),
(42, 42, 42, 'https://cdn.pupoo.local/qr/000042.png', 'png', '2026-02-25 10:42:00', '2026-12-31 00:00:00'),
(43, 43, 43, 'https://cdn.pupoo.local/qr/000043.png', 'png', '2026-02-25 10:43:00', '2026-12-31 00:00:00'),
(44, 44, 44, 'https://cdn.pupoo.local/qr/000044.png', 'png', '2026-02-25 10:44:00', '2026-12-31 00:00:00'),
(45, 45, 45, 'https://cdn.pupoo.local/qr/000045.png', 'png', '2026-02-25 10:45:00', '2026-12-31 00:00:00'),
(46, 46, 46, 'https://cdn.pupoo.local/qr/000046.png', 'png', '2026-02-25 10:46:00', '2026-12-31 00:00:00'),
(47, 47, 47, 'https://cdn.pupoo.local/qr/000047.png', 'png', '2026-02-25 10:47:00', '2026-12-31 00:00:00'),
(48, 48, 48, 'https://cdn.pupoo.local/qr/000048.png', 'png', '2026-02-25 10:48:00', '2026-12-31 00:00:00'),
(49, 49, 49, 'https://cdn.pupoo.local/qr/000049.png', 'png', '2026-02-25 10:49:00', '2026-12-31 00:00:00'),
(50, 50, 50, 'https://cdn.pupoo.local/qr/000050.png', 'png', '2026-02-25 10:50:00', '2026-12-31 00:00:00'),
(51, 51, 51, 'https://cdn.pupoo.local/qr/000051.png', 'png', '2026-02-25 10:51:00', '2026-12-31 00:00:00'),
(52, 52, 52, 'https://cdn.pupoo.local/qr/000052.png', 'png', '2026-02-25 10:52:00', '2026-12-31 00:00:00'),
(53, 53, 53, 'https://cdn.pupoo.local/qr/000053.png', 'png', '2026-02-25 10:53:00', '2026-12-31 00:00:00'),
(54, 54, 54, 'https://cdn.pupoo.local/qr/000054.png', 'png', '2026-02-25 10:54:00', '2026-12-31 00:00:00'),
(55, 55, 55, 'https://cdn.pupoo.local/qr/000055.png', 'png', '2026-02-25 10:55:00', '2026-12-31 00:00:00'),
(56, 56, 56, 'https://cdn.pupoo.local/qr/000056.png', 'png', '2026-02-25 10:56:00', '2026-12-31 00:00:00'),
(57, 57, 57, 'https://cdn.pupoo.local/qr/000057.png', 'png', '2026-02-25 10:57:00', '2026-12-31 00:00:00'),
(58, 58, 58, 'https://cdn.pupoo.local/qr/000058.png', 'png', '2026-02-25 10:58:00', '2026-12-31 00:00:00'),
(59, 59, 59, 'https://cdn.pupoo.local/qr/000059.png', 'png', '2026-02-25 10:59:00', '2026-12-31 00:00:00'),
(60, 60, 60, 'https://cdn.pupoo.local/qr/000060.png', 'png', '2026-02-25 11:00:00', '2026-12-31 00:00:00'),
(61, 61, 61, 'https://cdn.pupoo.local/qr/000061.png', 'png', '2026-02-25 11:01:00', '2026-12-31 00:00:00'),
(62, 62, 62, 'https://cdn.pupoo.local/qr/000062.png', 'png', '2026-02-25 11:02:00', '2026-12-31 00:00:00'),
(63, 63, 63, 'https://cdn.pupoo.local/qr/000063.png', 'png', '2026-02-25 11:03:00', '2026-12-31 00:00:00'),
(64, 64, 64, 'https://cdn.pupoo.local/qr/000064.png', 'png', '2026-02-25 11:04:00', '2026-12-31 00:00:00'),
(65, 65, 65, 'https://cdn.pupoo.local/qr/000065.png', 'png', '2026-02-25 11:05:00', '2026-12-31 00:00:00'),
(66, 66, 66, 'https://cdn.pupoo.local/qr/000066.png', 'png', '2026-02-25 11:06:00', '2026-12-31 00:00:00'),
(67, 67, 67, 'https://cdn.pupoo.local/qr/000067.png', 'png', '2026-02-25 11:07:00', '2026-12-31 00:00:00'),
(68, 68, 68, 'https://cdn.pupoo.local/qr/000068.png', 'png', '2026-02-25 11:08:00', '2026-12-31 00:00:00'),
(69, 69, 69, 'https://cdn.pupoo.local/qr/000069.png', 'png', '2026-02-25 11:09:00', '2026-12-31 00:00:00'),
(70, 70, 70, 'https://cdn.pupoo.local/qr/000070.png', 'png', '2026-02-25 11:10:00', '2026-12-31 00:00:00'),
(71, 71, 71, 'https://cdn.pupoo.local/qr/000071.png', 'png', '2026-02-25 11:11:00', '2026-12-31 00:00:00'),
(72, 72, 72, 'https://cdn.pupoo.local/qr/000072.png', 'png', '2026-02-25 11:12:00', '2026-12-31 00:00:00'),
(73, 73, 73, 'https://cdn.pupoo.local/qr/000073.png', 'png', '2026-02-25 11:13:00', '2026-12-31 00:00:00'),
(74, 74, 74, 'https://cdn.pupoo.local/qr/000074.png', 'png', '2026-02-25 11:14:00', '2026-12-31 00:00:00'),
(75, 75, 75, 'https://cdn.pupoo.local/qr/000075.png', 'png', '2026-02-25 11:15:00', '2026-12-31 00:00:00'),
(76, 76, 76, 'https://cdn.pupoo.local/qr/000076.png', 'png', '2026-02-25 11:16:00', '2026-12-31 00:00:00'),
(77, 77, 77, 'https://cdn.pupoo.local/qr/000077.png', 'png', '2026-02-25 11:17:00', '2026-12-31 00:00:00'),
(78, 78, 78, 'https://cdn.pupoo.local/qr/000078.png', 'png', '2026-02-25 11:18:00', '2026-12-31 00:00:00'),
(79, 79, 79, 'https://cdn.pupoo.local/qr/000079.png', 'png', '2026-02-25 11:19:00', '2026-12-31 00:00:00'),
(80, 80, 80, 'https://cdn.pupoo.local/qr/000080.png', 'png', '2026-02-25 11:20:00', '2026-12-31 00:00:00'),
(81, 81, 81, 'https://cdn.pupoo.local/qr/000081.png', 'png', '2026-02-25 11:21:00', '2026-12-31 00:00:00'),
(82, 82, 82, 'https://cdn.pupoo.local/qr/000082.png', 'png', '2026-02-25 11:22:00', '2026-12-31 00:00:00'),
(83, 83, 83, 'https://cdn.pupoo.local/qr/000083.png', 'png', '2026-02-25 11:23:00', '2026-12-31 00:00:00'),
(84, 84, 84, 'https://cdn.pupoo.local/qr/000084.png', 'png', '2026-02-25 11:24:00', '2026-12-31 00:00:00'),
(85, 85, 85, 'https://cdn.pupoo.local/qr/000085.png', 'png', '2026-02-25 11:25:00', '2026-12-31 00:00:00'),
(86, 86, 86, 'https://cdn.pupoo.local/qr/000086.png', 'png', '2026-02-25 11:26:00', '2026-12-31 00:00:00'),
(87, 87, 87, 'https://cdn.pupoo.local/qr/000087.png', 'png', '2026-02-25 11:27:00', '2026-12-31 00:00:00'),
(88, 88, 88, 'https://cdn.pupoo.local/qr/000088.png', 'png', '2026-02-25 11:28:00', '2026-12-31 00:00:00'),
(89, 89, 89, 'https://cdn.pupoo.local/qr/000089.png', 'png', '2026-02-25 11:29:00', '2026-12-31 00:00:00'),
(90, 90, 90, 'https://cdn.pupoo.local/qr/000090.png', 'png', '2026-02-25 11:30:00', '2026-12-31 00:00:00'),
(91, 91, 91, 'https://cdn.pupoo.local/qr/000091.png', 'png', '2026-02-25 11:31:00', '2026-12-31 00:00:00'),
(92, 92, 92, 'https://cdn.pupoo.local/qr/000092.png', 'png', '2026-02-25 11:32:00', '2026-12-31 00:00:00'),
(93, 93, 93, 'https://cdn.pupoo.local/qr/000093.png', 'png', '2026-02-25 11:33:00', '2026-12-31 00:00:00'),
(94, 94, 94, 'https://cdn.pupoo.local/qr/000094.png', 'png', '2026-02-25 11:34:00', '2026-12-31 00:00:00'),
(95, 95, 95, 'https://cdn.pupoo.local/qr/000095.png', 'png', '2026-02-25 11:35:00', '2026-12-31 00:00:00'),
(96, 96, 96, 'https://cdn.pupoo.local/qr/000096.png', 'png', '2026-02-25 11:36:00', '2026-12-31 00:00:00'),
(97, 97, 97, 'https://cdn.pupoo.local/qr/000097.png', 'png', '2026-02-25 11:37:00', '2026-12-31 00:00:00'),
(98, 98, 98, 'https://cdn.pupoo.local/qr/000098.png', 'png', '2026-02-25 11:38:00', '2026-12-31 00:00:00'),
(99, 99, 99, 'https://cdn.pupoo.local/qr/000099.png', 'png', '2026-02-25 11:39:00', '2026-12-31 00:00:00'),
(100, 100, 100, 'https://cdn.pupoo.local/qr/000100.png', 'png', '2026-02-25 11:40:00', '2026-12-31 00:00:00');

-- qr_logs
INSERT INTO qr_logs (log_id, qr_id, booth_id, check_type, checked_at) VALUES
(1, 2, 2, 'CHECKIN', '2026-03-01 10:01:00'),
(2, 3, 3, 'CHECKOUT', '2026-03-01 10:02:00'),
(3, 4, 4, 'CHECKIN', '2026-03-01 10:03:00'),
(4, 5, 5, 'CHECKOUT', '2026-03-01 10:04:00'),
(5, 6, 6, 'CHECKIN', '2026-03-01 10:05:00'),
(6, 7, 7, 'CHECKOUT', '2026-03-01 10:06:00'),
(7, 8, 8, 'CHECKIN', '2026-03-01 10:07:00'),
(8, 9, 9, 'CHECKOUT', '2026-03-01 10:08:00'),
(9, 10, 10, 'CHECKIN', '2026-03-01 10:09:00'),
(10, 11, 11, 'CHECKOUT', '2026-03-01 10:10:00'),
(11, 12, 12, 'CHECKIN', '2026-03-01 10:11:00'),
(12, 13, 13, 'CHECKOUT', '2026-03-01 10:12:00'),
(13, 14, 14, 'CHECKIN', '2026-03-01 10:13:00'),
(14, 15, 15, 'CHECKOUT', '2026-03-01 10:14:00'),
(15, 16, 16, 'CHECKIN', '2026-03-01 10:15:00'),
(16, 17, 17, 'CHECKOUT', '2026-03-01 10:16:00'),
(17, 18, 18, 'CHECKIN', '2026-03-01 10:17:00'),
(18, 19, 19, 'CHECKOUT', '2026-03-01 10:18:00'),
(19, 20, 20, 'CHECKIN', '2026-03-01 10:19:00'),
(20, 21, 21, 'CHECKOUT', '2026-03-01 10:20:00'),
(21, 22, 22, 'CHECKIN', '2026-03-01 10:21:00'),
(22, 23, 23, 'CHECKOUT', '2026-03-01 10:22:00'),
(23, 24, 24, 'CHECKIN', '2026-03-01 10:23:00'),
(24, 25, 25, 'CHECKOUT', '2026-03-01 10:24:00'),
(25, 26, 26, 'CHECKIN', '2026-03-01 10:25:00'),
(26, 27, 27, 'CHECKOUT', '2026-03-01 10:26:00'),
(27, 28, 28, 'CHECKIN', '2026-03-01 10:27:00'),
(28, 29, 29, 'CHECKOUT', '2026-03-01 10:28:00'),
(29, 30, 30, 'CHECKIN', '2026-03-01 10:29:00'),
(30, 31, 31, 'CHECKOUT', '2026-03-01 10:30:00'),
(31, 32, 32, 'CHECKIN', '2026-03-01 10:31:00'),
(32, 33, 33, 'CHECKOUT', '2026-03-01 10:32:00'),
(33, 34, 34, 'CHECKIN', '2026-03-01 10:33:00'),
(34, 35, 35, 'CHECKOUT', '2026-03-01 10:34:00'),
(35, 36, 36, 'CHECKIN', '2026-03-01 10:35:00'),
(36, 37, 37, 'CHECKOUT', '2026-03-01 10:36:00'),
(37, 38, 38, 'CHECKIN', '2026-03-01 10:37:00'),
(38, 39, 39, 'CHECKOUT', '2026-03-01 10:38:00'),
(39, 40, 40, 'CHECKIN', '2026-03-01 10:39:00'),
(40, 41, 41, 'CHECKOUT', '2026-03-01 10:40:00'),
(41, 42, 42, 'CHECKIN', '2026-03-01 10:41:00'),
(42, 43, 43, 'CHECKOUT', '2026-03-01 10:42:00'),
(43, 44, 44, 'CHECKIN', '2026-03-01 10:43:00'),
(44, 45, 45, 'CHECKOUT', '2026-03-01 10:44:00'),
(45, 46, 46, 'CHECKIN', '2026-03-01 10:45:00'),
(46, 47, 47, 'CHECKOUT', '2026-03-01 10:46:00'),
(47, 48, 48, 'CHECKIN', '2026-03-01 10:47:00'),
(48, 49, 49, 'CHECKOUT', '2026-03-01 10:48:00'),
(49, 50, 50, 'CHECKIN', '2026-03-01 10:49:00'),
(50, 51, 51, 'CHECKOUT', '2026-03-01 10:50:00'),
(51, 52, 52, 'CHECKIN', '2026-03-01 10:51:00'),
(52, 53, 53, 'CHECKOUT', '2026-03-01 10:52:00'),
(53, 54, 54, 'CHECKIN', '2026-03-01 10:53:00'),
(54, 55, 55, 'CHECKOUT', '2026-03-01 10:54:00'),
(55, 56, 56, 'CHECKIN', '2026-03-01 10:55:00'),
(56, 57, 57, 'CHECKOUT', '2026-03-01 10:56:00'),
(57, 58, 58, 'CHECKIN', '2026-03-01 10:57:00'),
(58, 59, 59, 'CHECKOUT', '2026-03-01 10:58:00'),
(59, 60, 60, 'CHECKIN', '2026-03-01 10:59:00'),
(60, 61, 61, 'CHECKOUT', '2026-03-01 11:00:00'),
(61, 62, 62, 'CHECKIN', '2026-03-01 11:01:00'),
(62, 63, 63, 'CHECKOUT', '2026-03-01 11:02:00'),
(63, 64, 64, 'CHECKIN', '2026-03-01 11:03:00'),
(64, 65, 65, 'CHECKOUT', '2026-03-01 11:04:00'),
(65, 66, 66, 'CHECKIN', '2026-03-01 11:05:00'),
(66, 67, 67, 'CHECKOUT', '2026-03-01 11:06:00'),
(67, 68, 68, 'CHECKIN', '2026-03-01 11:07:00'),
(68, 69, 69, 'CHECKOUT', '2026-03-01 11:08:00'),
(69, 70, 70, 'CHECKIN', '2026-03-01 11:09:00'),
(70, 71, 71, 'CHECKOUT', '2026-03-01 11:10:00'),
(71, 72, 72, 'CHECKIN', '2026-03-01 11:11:00'),
(72, 73, 73, 'CHECKOUT', '2026-03-01 11:12:00'),
(73, 74, 74, 'CHECKIN', '2026-03-01 11:13:00'),
(74, 75, 75, 'CHECKOUT', '2026-03-01 11:14:00'),
(75, 76, 76, 'CHECKIN', '2026-03-01 11:15:00'),
(76, 77, 77, 'CHECKOUT', '2026-03-01 11:16:00'),
(77, 78, 78, 'CHECKIN', '2026-03-01 11:17:00'),
(78, 79, 79, 'CHECKOUT', '2026-03-01 11:18:00'),
(79, 80, 80, 'CHECKIN', '2026-03-01 11:19:00'),
(80, 81, 81, 'CHECKOUT', '2026-03-01 11:20:00'),
(81, 82, 82, 'CHECKIN', '2026-03-01 11:21:00'),
(82, 83, 83, 'CHECKOUT', '2026-03-01 11:22:00'),
(83, 84, 84, 'CHECKIN', '2026-03-01 11:23:00'),
(84, 85, 85, 'CHECKOUT', '2026-03-01 11:24:00'),
(85, 86, 86, 'CHECKIN', '2026-03-01 11:25:00'),
(86, 87, 87, 'CHECKOUT', '2026-03-01 11:26:00'),
(87, 88, 88, 'CHECKIN', '2026-03-01 11:27:00'),
(88, 89, 89, 'CHECKOUT', '2026-03-01 11:28:00'),
(89, 90, 90, 'CHECKIN', '2026-03-01 11:29:00'),
(90, 91, 91, 'CHECKOUT', '2026-03-01 11:30:00'),
(91, 92, 92, 'CHECKIN', '2026-03-01 11:31:00'),
(92, 93, 93, 'CHECKOUT', '2026-03-01 11:32:00'),
(93, 94, 94, 'CHECKIN', '2026-03-01 11:33:00'),
(94, 95, 95, 'CHECKOUT', '2026-03-01 11:34:00'),
(95, 96, 96, 'CHECKIN', '2026-03-01 11:35:00'),
(96, 97, 97, 'CHECKOUT', '2026-03-01 11:36:00'),
(97, 98, 98, 'CHECKIN', '2026-03-01 11:37:00'),
(98, 99, 99, 'CHECKOUT', '2026-03-01 11:38:00'),
(99, 100, 100, 'CHECKIN', '2026-03-01 11:39:00'),
(100, 1, 1, 'CHECKOUT', '2026-03-01 11:40:00');

-- notification
INSERT INTO notification (notification_id, type, notification_title, content) VALUES
(1, 'NOTICE', '알림 001', '알림 내용 001 - 실제 운영 메시지(상태변경/공지/결제)'),
(2, 'PAYMENT', '알림 002', '알림 내용 002 - 실제 운영 메시지(상태변경/공지/결제)'),
(3, 'APPLY', '알림 003', '알림 내용 003 - 실제 운영 메시지(상태변경/공지/결제)'),
(4, 'SYSTEM', '알림 004', '알림 내용 004 - 실제 운영 메시지(상태변경/공지/결제)'),
(5, 'EVENT', '알림 005', '알림 내용 005 - 실제 운영 메시지(상태변경/공지/결제)'),
(6, 'NOTICE', '알림 006', '알림 내용 006 - 실제 운영 메시지(상태변경/공지/결제)'),
(7, 'PAYMENT', '알림 007', '알림 내용 007 - 실제 운영 메시지(상태변경/공지/결제)'),
(8, 'APPLY', '알림 008', '알림 내용 008 - 실제 운영 메시지(상태변경/공지/결제)'),
(9, 'SYSTEM', '알림 009', '알림 내용 009 - 실제 운영 메시지(상태변경/공지/결제)'),
(10, 'EVENT', '알림 010', '알림 내용 010 - 실제 운영 메시지(상태변경/공지/결제)'),
(11, 'NOTICE', '알림 011', '알림 내용 011 - 실제 운영 메시지(상태변경/공지/결제)'),
(12, 'PAYMENT', '알림 012', '알림 내용 012 - 실제 운영 메시지(상태변경/공지/결제)'),
(13, 'APPLY', '알림 013', '알림 내용 013 - 실제 운영 메시지(상태변경/공지/결제)'),
(14, 'SYSTEM', '알림 014', '알림 내용 014 - 실제 운영 메시지(상태변경/공지/결제)'),
(15, 'EVENT', '알림 015', '알림 내용 015 - 실제 운영 메시지(상태변경/공지/결제)'),
(16, 'NOTICE', '알림 016', '알림 내용 016 - 실제 운영 메시지(상태변경/공지/결제)'),
(17, 'PAYMENT', '알림 017', '알림 내용 017 - 실제 운영 메시지(상태변경/공지/결제)'),
(18, 'APPLY', '알림 018', '알림 내용 018 - 실제 운영 메시지(상태변경/공지/결제)'),
(19, 'SYSTEM', '알림 019', '알림 내용 019 - 실제 운영 메시지(상태변경/공지/결제)'),
(20, 'EVENT', '알림 020', '알림 내용 020 - 실제 운영 메시지(상태변경/공지/결제)'),
(21, 'NOTICE', '알림 021', '알림 내용 021 - 실제 운영 메시지(상태변경/공지/결제)'),
(22, 'PAYMENT', '알림 022', '알림 내용 022 - 실제 운영 메시지(상태변경/공지/결제)'),
(23, 'APPLY', '알림 023', '알림 내용 023 - 실제 운영 메시지(상태변경/공지/결제)'),
(24, 'SYSTEM', '알림 024', '알림 내용 024 - 실제 운영 메시지(상태변경/공지/결제)'),
(25, 'EVENT', '알림 025', '알림 내용 025 - 실제 운영 메시지(상태변경/공지/결제)'),
(26, 'NOTICE', '알림 026', '알림 내용 026 - 실제 운영 메시지(상태변경/공지/결제)'),
(27, 'PAYMENT', '알림 027', '알림 내용 027 - 실제 운영 메시지(상태변경/공지/결제)'),
(28, 'APPLY', '알림 028', '알림 내용 028 - 실제 운영 메시지(상태변경/공지/결제)'),
(29, 'SYSTEM', '알림 029', '알림 내용 029 - 실제 운영 메시지(상태변경/공지/결제)'),
(30, 'EVENT', '알림 030', '알림 내용 030 - 실제 운영 메시지(상태변경/공지/결제)'),
(31, 'NOTICE', '알림 031', '알림 내용 031 - 실제 운영 메시지(상태변경/공지/결제)'),
(32, 'PAYMENT', '알림 032', '알림 내용 032 - 실제 운영 메시지(상태변경/공지/결제)'),
(33, 'APPLY', '알림 033', '알림 내용 033 - 실제 운영 메시지(상태변경/공지/결제)'),
(34, 'SYSTEM', '알림 034', '알림 내용 034 - 실제 운영 메시지(상태변경/공지/결제)'),
(35, 'EVENT', '알림 035', '알림 내용 035 - 실제 운영 메시지(상태변경/공지/결제)'),
(36, 'NOTICE', '알림 036', '알림 내용 036 - 실제 운영 메시지(상태변경/공지/결제)'),
(37, 'PAYMENT', '알림 037', '알림 내용 037 - 실제 운영 메시지(상태변경/공지/결제)'),
(38, 'APPLY', '알림 038', '알림 내용 038 - 실제 운영 메시지(상태변경/공지/결제)'),
(39, 'SYSTEM', '알림 039', '알림 내용 039 - 실제 운영 메시지(상태변경/공지/결제)'),
(40, 'EVENT', '알림 040', '알림 내용 040 - 실제 운영 메시지(상태변경/공지/결제)'),
(41, 'NOTICE', '알림 041', '알림 내용 041 - 실제 운영 메시지(상태변경/공지/결제)'),
(42, 'PAYMENT', '알림 042', '알림 내용 042 - 실제 운영 메시지(상태변경/공지/결제)'),
(43, 'APPLY', '알림 043', '알림 내용 043 - 실제 운영 메시지(상태변경/공지/결제)'),
(44, 'SYSTEM', '알림 044', '알림 내용 044 - 실제 운영 메시지(상태변경/공지/결제)'),
(45, 'EVENT', '알림 045', '알림 내용 045 - 실제 운영 메시지(상태변경/공지/결제)'),
(46, 'NOTICE', '알림 046', '알림 내용 046 - 실제 운영 메시지(상태변경/공지/결제)'),
(47, 'PAYMENT', '알림 047', '알림 내용 047 - 실제 운영 메시지(상태변경/공지/결제)'),
(48, 'APPLY', '알림 048', '알림 내용 048 - 실제 운영 메시지(상태변경/공지/결제)'),
(49, 'SYSTEM', '알림 049', '알림 내용 049 - 실제 운영 메시지(상태변경/공지/결제)'),
(50, 'EVENT', '알림 050', '알림 내용 050 - 실제 운영 메시지(상태변경/공지/결제)'),
(51, 'NOTICE', '알림 051', '알림 내용 051 - 실제 운영 메시지(상태변경/공지/결제)'),
(52, 'PAYMENT', '알림 052', '알림 내용 052 - 실제 운영 메시지(상태변경/공지/결제)'),
(53, 'APPLY', '알림 053', '알림 내용 053 - 실제 운영 메시지(상태변경/공지/결제)'),
(54, 'SYSTEM', '알림 054', '알림 내용 054 - 실제 운영 메시지(상태변경/공지/결제)'),
(55, 'EVENT', '알림 055', '알림 내용 055 - 실제 운영 메시지(상태변경/공지/결제)'),
(56, 'NOTICE', '알림 056', '알림 내용 056 - 실제 운영 메시지(상태변경/공지/결제)'),
(57, 'PAYMENT', '알림 057', '알림 내용 057 - 실제 운영 메시지(상태변경/공지/결제)'),
(58, 'APPLY', '알림 058', '알림 내용 058 - 실제 운영 메시지(상태변경/공지/결제)'),
(59, 'SYSTEM', '알림 059', '알림 내용 059 - 실제 운영 메시지(상태변경/공지/결제)'),
(60, 'EVENT', '알림 060', '알림 내용 060 - 실제 운영 메시지(상태변경/공지/결제)'),
(61, 'NOTICE', '알림 061', '알림 내용 061 - 실제 운영 메시지(상태변경/공지/결제)'),
(62, 'PAYMENT', '알림 062', '알림 내용 062 - 실제 운영 메시지(상태변경/공지/결제)'),
(63, 'APPLY', '알림 063', '알림 내용 063 - 실제 운영 메시지(상태변경/공지/결제)'),
(64, 'SYSTEM', '알림 064', '알림 내용 064 - 실제 운영 메시지(상태변경/공지/결제)'),
(65, 'EVENT', '알림 065', '알림 내용 065 - 실제 운영 메시지(상태변경/공지/결제)'),
(66, 'NOTICE', '알림 066', '알림 내용 066 - 실제 운영 메시지(상태변경/공지/결제)'),
(67, 'PAYMENT', '알림 067', '알림 내용 067 - 실제 운영 메시지(상태변경/공지/결제)'),
(68, 'APPLY', '알림 068', '알림 내용 068 - 실제 운영 메시지(상태변경/공지/결제)'),
(69, 'SYSTEM', '알림 069', '알림 내용 069 - 실제 운영 메시지(상태변경/공지/결제)'),
(70, 'EVENT', '알림 070', '알림 내용 070 - 실제 운영 메시지(상태변경/공지/결제)'),
(71, 'NOTICE', '알림 071', '알림 내용 071 - 실제 운영 메시지(상태변경/공지/결제)'),
(72, 'PAYMENT', '알림 072', '알림 내용 072 - 실제 운영 메시지(상태변경/공지/결제)'),
(73, 'APPLY', '알림 073', '알림 내용 073 - 실제 운영 메시지(상태변경/공지/결제)'),
(74, 'SYSTEM', '알림 074', '알림 내용 074 - 실제 운영 메시지(상태변경/공지/결제)'),
(75, 'EVENT', '알림 075', '알림 내용 075 - 실제 운영 메시지(상태변경/공지/결제)'),
(76, 'NOTICE', '알림 076', '알림 내용 076 - 실제 운영 메시지(상태변경/공지/결제)'),
(77, 'PAYMENT', '알림 077', '알림 내용 077 - 실제 운영 메시지(상태변경/공지/결제)'),
(78, 'APPLY', '알림 078', '알림 내용 078 - 실제 운영 메시지(상태변경/공지/결제)'),
(79, 'SYSTEM', '알림 079', '알림 내용 079 - 실제 운영 메시지(상태변경/공지/결제)'),
(80, 'EVENT', '알림 080', '알림 내용 080 - 실제 운영 메시지(상태변경/공지/결제)'),
(81, 'NOTICE', '알림 081', '알림 내용 081 - 실제 운영 메시지(상태변경/공지/결제)'),
(82, 'PAYMENT', '알림 082', '알림 내용 082 - 실제 운영 메시지(상태변경/공지/결제)'),
(83, 'APPLY', '알림 083', '알림 내용 083 - 실제 운영 메시지(상태변경/공지/결제)'),
(84, 'SYSTEM', '알림 084', '알림 내용 084 - 실제 운영 메시지(상태변경/공지/결제)'),
(85, 'EVENT', '알림 085', '알림 내용 085 - 실제 운영 메시지(상태변경/공지/결제)'),
(86, 'NOTICE', '알림 086', '알림 내용 086 - 실제 운영 메시지(상태변경/공지/결제)'),
(87, 'PAYMENT', '알림 087', '알림 내용 087 - 실제 운영 메시지(상태변경/공지/결제)'),
(88, 'APPLY', '알림 088', '알림 내용 088 - 실제 운영 메시지(상태변경/공지/결제)'),
(89, 'SYSTEM', '알림 089', '알림 내용 089 - 실제 운영 메시지(상태변경/공지/결제)'),
(90, 'EVENT', '알림 090', '알림 내용 090 - 실제 운영 메시지(상태변경/공지/결제)'),
(91, 'NOTICE', '알림 091', '알림 내용 091 - 실제 운영 메시지(상태변경/공지/결제)'),
(92, 'PAYMENT', '알림 092', '알림 내용 092 - 실제 운영 메시지(상태변경/공지/결제)'),
(93, 'APPLY', '알림 093', '알림 내용 093 - 실제 운영 메시지(상태변경/공지/결제)'),
(94, 'SYSTEM', '알림 094', '알림 내용 094 - 실제 운영 메시지(상태변경/공지/결제)'),
(95, 'EVENT', '알림 095', '알림 내용 095 - 실제 운영 메시지(상태변경/공지/결제)'),
(96, 'NOTICE', '알림 096', '알림 내용 096 - 실제 운영 메시지(상태변경/공지/결제)'),
(97, 'PAYMENT', '알림 097', '알림 내용 097 - 실제 운영 메시지(상태변경/공지/결제)'),
(98, 'APPLY', '알림 098', '알림 내용 098 - 실제 운영 메시지(상태변경/공지/결제)'),
(99, 'SYSTEM', '알림 099', '알림 내용 099 - 실제 운영 메시지(상태변경/공지/결제)'),
(100, 'EVENT', '알림 100', '알림 내용 100 - 실제 운영 메시지(상태변경/공지/결제)');

-- notification_send
INSERT INTO notification_send (send_id, notification_id, sender_id, sender_type, channel, sent_at) VALUES
(1, 1, 1, 'SYSTEM', 'EMAIL', '2026-02-25 10:01:00'),
(2, 2, 1, 'SYSTEM', 'SMS', '2026-02-25 10:02:00'),
(3, 3, 1, 'SYSTEM', 'PUSH', '2026-02-25 10:03:00'),
(4, 4, 1, 'SYSTEM', 'APP', '2026-02-25 10:04:00'),
(5, 5, 1, 'SYSTEM', 'EMAIL', '2026-02-25 10:05:00'),
(6, 6, 1, 'SYSTEM', 'SMS', '2026-02-25 10:06:00'),
(7, 7, 1, 'SYSTEM', 'PUSH', '2026-02-25 10:07:00'),
(8, 8, 1, 'SYSTEM', 'APP', '2026-02-25 10:08:00'),
(9, 9, 1, 'SYSTEM', 'EMAIL', '2026-02-25 10:09:00'),
(10, 10, 1, 'SYSTEM', 'SMS', '2026-02-25 10:10:00'),
(11, 11, 1, 'SYSTEM', 'PUSH', '2026-02-25 10:11:00'),
(12, 12, 1, 'SYSTEM', 'APP', '2026-02-25 10:12:00'),
(13, 13, 1, 'SYSTEM', 'EMAIL', '2026-02-25 10:13:00'),
(14, 14, 1, 'SYSTEM', 'SMS', '2026-02-25 10:14:00'),
(15, 15, 1, 'SYSTEM', 'PUSH', '2026-02-25 10:15:00'),
(16, 16, 1, 'SYSTEM', 'APP', '2026-02-25 10:16:00'),
(17, 17, 1, 'SYSTEM', 'EMAIL', '2026-02-25 10:17:00'),
(18, 18, 1, 'SYSTEM', 'SMS', '2026-02-25 10:18:00'),
(19, 19, 1, 'SYSTEM', 'PUSH', '2026-02-25 10:19:00'),
(20, 20, 1, 'SYSTEM', 'APP', '2026-02-25 10:20:00'),
(21, 21, 1, 'SYSTEM', 'EMAIL', '2026-02-25 10:21:00'),
(22, 22, 1, 'SYSTEM', 'SMS', '2026-02-25 10:22:00'),
(23, 23, 1, 'SYSTEM', 'PUSH', '2026-02-25 10:23:00'),
(24, 24, 1, 'SYSTEM', 'APP', '2026-02-25 10:24:00'),
(25, 25, 1, 'SYSTEM', 'EMAIL', '2026-02-25 10:25:00'),
(26, 26, 1, 'SYSTEM', 'SMS', '2026-02-25 10:26:00'),
(27, 27, 1, 'SYSTEM', 'PUSH', '2026-02-25 10:27:00'),
(28, 28, 1, 'SYSTEM', 'APP', '2026-02-25 10:28:00'),
(29, 29, 1, 'SYSTEM', 'EMAIL', '2026-02-25 10:29:00'),
(30, 30, 1, 'SYSTEM', 'SMS', '2026-02-25 10:30:00'),
(31, 31, 1, 'SYSTEM', 'PUSH', '2026-02-25 10:31:00'),
(32, 32, 1, 'SYSTEM', 'APP', '2026-02-25 10:32:00'),
(33, 33, 1, 'SYSTEM', 'EMAIL', '2026-02-25 10:33:00'),
(34, 34, 1, 'SYSTEM', 'SMS', '2026-02-25 10:34:00'),
(35, 35, 1, 'SYSTEM', 'PUSH', '2026-02-25 10:35:00'),
(36, 36, 1, 'SYSTEM', 'APP', '2026-02-25 10:36:00'),
(37, 37, 1, 'SYSTEM', 'EMAIL', '2026-02-25 10:37:00'),
(38, 38, 1, 'SYSTEM', 'SMS', '2026-02-25 10:38:00'),
(39, 39, 1, 'SYSTEM', 'PUSH', '2026-02-25 10:39:00'),
(40, 40, 1, 'SYSTEM', 'APP', '2026-02-25 10:40:00'),
(41, 41, 1, 'SYSTEM', 'EMAIL', '2026-02-25 10:41:00'),
(42, 42, 1, 'SYSTEM', 'SMS', '2026-02-25 10:42:00'),
(43, 43, 1, 'SYSTEM', 'PUSH', '2026-02-25 10:43:00'),
(44, 44, 1, 'SYSTEM', 'APP', '2026-02-25 10:44:00'),
(45, 45, 1, 'SYSTEM', 'EMAIL', '2026-02-25 10:45:00'),
(46, 46, 1, 'SYSTEM', 'SMS', '2026-02-25 10:46:00'),
(47, 47, 1, 'SYSTEM', 'PUSH', '2026-02-25 10:47:00'),
(48, 48, 1, 'SYSTEM', 'APP', '2026-02-25 10:48:00'),
(49, 49, 1, 'SYSTEM', 'EMAIL', '2026-02-25 10:49:00'),
(50, 50, 1, 'SYSTEM', 'SMS', '2026-02-25 10:50:00'),
(51, 51, 1, 'SYSTEM', 'PUSH', '2026-02-25 10:51:00'),
(52, 52, 1, 'SYSTEM', 'APP', '2026-02-25 10:52:00'),
(53, 53, 1, 'SYSTEM', 'EMAIL', '2026-02-25 10:53:00'),
(54, 54, 1, 'SYSTEM', 'SMS', '2026-02-25 10:54:00'),
(55, 55, 1, 'SYSTEM', 'PUSH', '2026-02-25 10:55:00'),
(56, 56, 1, 'SYSTEM', 'APP', '2026-02-25 10:56:00'),
(57, 57, 1, 'SYSTEM', 'EMAIL', '2026-02-25 10:57:00'),
(58, 58, 1, 'SYSTEM', 'SMS', '2026-02-25 10:58:00'),
(59, 59, 1, 'SYSTEM', 'PUSH', '2026-02-25 10:59:00'),
(60, 60, 1, 'SYSTEM', 'APP', '2026-02-25 11:00:00'),
(61, 61, 1, 'SYSTEM', 'EMAIL', '2026-02-25 11:01:00'),
(62, 62, 1, 'SYSTEM', 'SMS', '2026-02-25 11:02:00'),
(63, 63, 1, 'SYSTEM', 'PUSH', '2026-02-25 11:03:00'),
(64, 64, 1, 'SYSTEM', 'APP', '2026-02-25 11:04:00'),
(65, 65, 1, 'SYSTEM', 'EMAIL', '2026-02-25 11:05:00'),
(66, 66, 1, 'SYSTEM', 'SMS', '2026-02-25 11:06:00'),
(67, 67, 1, 'SYSTEM', 'PUSH', '2026-02-25 11:07:00'),
(68, 68, 1, 'SYSTEM', 'APP', '2026-02-25 11:08:00'),
(69, 69, 1, 'SYSTEM', 'EMAIL', '2026-02-25 11:09:00'),
(70, 70, 1, 'SYSTEM', 'SMS', '2026-02-25 11:10:00'),
(71, 71, 1, 'SYSTEM', 'PUSH', '2026-02-25 11:11:00'),
(72, 72, 1, 'SYSTEM', 'APP', '2026-02-25 11:12:00'),
(73, 73, 1, 'SYSTEM', 'EMAIL', '2026-02-25 11:13:00'),
(74, 74, 1, 'SYSTEM', 'SMS', '2026-02-25 11:14:00'),
(75, 75, 1, 'SYSTEM', 'PUSH', '2026-02-25 11:15:00'),
(76, 76, 1, 'SYSTEM', 'APP', '2026-02-25 11:16:00'),
(77, 77, 1, 'SYSTEM', 'EMAIL', '2026-02-25 11:17:00'),
(78, 78, 1, 'SYSTEM', 'SMS', '2026-02-25 11:18:00'),
(79, 79, 1, 'SYSTEM', 'PUSH', '2026-02-25 11:19:00'),
(80, 80, 1, 'SYSTEM', 'APP', '2026-02-25 11:20:00'),
(81, 81, 1, 'SYSTEM', 'EMAIL', '2026-02-25 11:21:00'),
(82, 82, 1, 'SYSTEM', 'SMS', '2026-02-25 11:22:00'),
(83, 83, 1, 'SYSTEM', 'PUSH', '2026-02-25 11:23:00'),
(84, 84, 1, 'SYSTEM', 'APP', '2026-02-25 11:24:00'),
(85, 85, 1, 'SYSTEM', 'EMAIL', '2026-02-25 11:25:00'),
(86, 86, 1, 'SYSTEM', 'SMS', '2026-02-25 11:26:00'),
(87, 87, 1, 'SYSTEM', 'PUSH', '2026-02-25 11:27:00'),
(88, 88, 1, 'SYSTEM', 'APP', '2026-02-25 11:28:00'),
(89, 89, 1, 'SYSTEM', 'EMAIL', '2026-02-25 11:29:00'),
(90, 90, 1, 'SYSTEM', 'SMS', '2026-02-25 11:30:00'),
(91, 91, 1, 'SYSTEM', 'PUSH', '2026-02-25 11:31:00'),
(92, 92, 1, 'SYSTEM', 'APP', '2026-02-25 11:32:00'),
(93, 93, 1, 'SYSTEM', 'EMAIL', '2026-02-25 11:33:00'),
(94, 94, 1, 'SYSTEM', 'SMS', '2026-02-25 11:34:00'),
(95, 95, 1, 'SYSTEM', 'PUSH', '2026-02-25 11:35:00'),
(96, 96, 1, 'SYSTEM', 'APP', '2026-02-25 11:36:00'),
(97, 97, 1, 'SYSTEM', 'EMAIL', '2026-02-25 11:37:00'),
(98, 98, 1, 'SYSTEM', 'SMS', '2026-02-25 11:38:00'),
(99, 99, 1, 'SYSTEM', 'PUSH', '2026-02-25 11:39:00'),
(100, 100, 1, 'SYSTEM', 'APP', '2026-02-25 11:40:00');

-- notification_inbox
INSERT INTO notification_inbox (inbox_id, user_id, notification_id, created_at, target_type, target_id) VALUES
(1, 2, 1, '2026-02-25 10:31:00', 'NOTICE', 1),
(2, 3, 2, '2026-02-25 10:32:00', NULL, NULL),
(3, 4, 3, '2026-02-25 10:33:00', 'EVENT', 3),
(4, 5, 4, '2026-02-25 10:34:00', 'NOTICE', 4),
(5, 6, 5, '2026-02-25 10:35:00', NULL, NULL),
(6, 7, 6, '2026-02-25 10:36:00', 'EVENT', 6),
(7, 8, 7, '2026-02-25 10:37:00', 'NOTICE', 7),
(8, 9, 8, '2026-02-25 10:38:00', NULL, NULL),
(9, 10, 9, '2026-02-25 10:39:00', 'EVENT', 9),
(10, 11, 10, '2026-02-25 10:40:00', 'NOTICE', 10),
(11, 12, 11, '2026-02-25 10:41:00', NULL, NULL),
(12, 13, 12, '2026-02-25 10:42:00', 'EVENT', 12),
(13, 14, 13, '2026-02-25 10:43:00', 'NOTICE', 13),
(14, 15, 14, '2026-02-25 10:44:00', NULL, NULL),
(15, 16, 15, '2026-02-25 10:45:00', 'EVENT', 15),
(16, 17, 16, '2026-02-25 10:46:00', 'NOTICE', 16),
(17, 18, 17, '2026-02-25 10:47:00', NULL, NULL),
(18, 19, 18, '2026-02-25 10:48:00', 'EVENT', 18),
(19, 20, 19, '2026-02-25 10:49:00', 'NOTICE', 19),
(20, 21, 20, '2026-02-25 10:50:00', NULL, NULL),
(21, 22, 21, '2026-02-25 10:51:00', 'EVENT', 21),
(22, 23, 22, '2026-02-25 10:52:00', 'NOTICE', 22),
(23, 24, 23, '2026-02-25 10:53:00', NULL, NULL),
(24, 25, 24, '2026-02-25 10:54:00', 'EVENT', 24),
(25, 26, 25, '2026-02-25 10:55:00', 'NOTICE', 25),
(26, 27, 26, '2026-02-25 10:56:00', NULL, NULL),
(27, 28, 27, '2026-02-25 10:57:00', 'EVENT', 27),
(28, 29, 28, '2026-02-25 10:58:00', 'NOTICE', 28),
(29, 30, 29, '2026-02-25 10:59:00', NULL, NULL),
(30, 31, 30, '2026-02-25 11:00:00', 'EVENT', 30),
(31, 32, 31, '2026-02-25 11:01:00', 'NOTICE', 31),
(32, 33, 32, '2026-02-25 11:02:00', NULL, NULL),
(33, 34, 33, '2026-02-25 11:03:00', 'EVENT', 33),
(34, 35, 34, '2026-02-25 11:04:00', 'NOTICE', 34),
(35, 36, 35, '2026-02-25 11:05:00', NULL, NULL),
(36, 37, 36, '2026-02-25 11:06:00', 'EVENT', 36),
(37, 38, 37, '2026-02-25 11:07:00', 'NOTICE', 37),
(38, 39, 38, '2026-02-25 11:08:00', NULL, NULL),
(39, 40, 39, '2026-02-25 11:09:00', 'EVENT', 39),
(40, 41, 40, '2026-02-25 11:10:00', 'NOTICE', 40),
(41, 42, 41, '2026-02-25 11:11:00', NULL, NULL),
(42, 43, 42, '2026-02-25 11:12:00', 'EVENT', 42),
(43, 44, 43, '2026-02-25 11:13:00', 'NOTICE', 43),
(44, 45, 44, '2026-02-25 11:14:00', NULL, NULL),
(45, 46, 45, '2026-02-25 11:15:00', 'EVENT', 45),
(46, 47, 46, '2026-02-25 11:16:00', 'NOTICE', 46),
(47, 48, 47, '2026-02-25 11:17:00', NULL, NULL),
(48, 49, 48, '2026-02-25 11:18:00', 'EVENT', 48),
(49, 50, 49, '2026-02-25 11:19:00', 'NOTICE', 49),
(50, 51, 50, '2026-02-25 11:20:00', NULL, NULL),
(51, 52, 51, '2026-02-25 11:21:00', 'EVENT', 51),
(52, 53, 52, '2026-02-25 11:22:00', 'NOTICE', 52),
(53, 54, 53, '2026-02-25 11:23:00', NULL, NULL),
(54, 55, 54, '2026-02-25 11:24:00', 'EVENT', 54),
(55, 56, 55, '2026-02-25 11:25:00', 'NOTICE', 55),
(56, 57, 56, '2026-02-25 11:26:00', NULL, NULL),
(57, 58, 57, '2026-02-25 11:27:00', 'EVENT', 57),
(58, 59, 58, '2026-02-25 11:28:00', 'NOTICE', 58),
(59, 60, 59, '2026-02-25 11:29:00', NULL, NULL),
(60, 61, 60, '2026-02-25 11:30:00', 'EVENT', 60),
(61, 62, 61, '2026-02-25 11:31:00', 'NOTICE', 61),
(62, 63, 62, '2026-02-25 11:32:00', NULL, NULL),
(63, 64, 63, '2026-02-25 11:33:00', 'EVENT', 63),
(64, 65, 64, '2026-02-25 11:34:00', 'NOTICE', 64),
(65, 66, 65, '2026-02-25 11:35:00', NULL, NULL),
(66, 67, 66, '2026-02-25 11:36:00', 'EVENT', 66),
(67, 68, 67, '2026-02-25 11:37:00', 'NOTICE', 67),
(68, 69, 68, '2026-02-25 11:38:00', NULL, NULL),
(69, 70, 69, '2026-02-25 11:39:00', 'EVENT', 69),
(70, 71, 70, '2026-02-25 11:40:00', 'NOTICE', 70),
(71, 72, 71, '2026-02-25 11:41:00', NULL, NULL),
(72, 73, 72, '2026-02-25 11:42:00', 'EVENT', 72),
(73, 74, 73, '2026-02-25 11:43:00', 'NOTICE', 73),
(74, 75, 74, '2026-02-25 11:44:00', NULL, NULL),
(75, 76, 75, '2026-02-25 11:45:00', 'EVENT', 75),
(76, 77, 76, '2026-02-25 11:46:00', 'NOTICE', 76),
(77, 78, 77, '2026-02-25 11:47:00', NULL, NULL),
(78, 79, 78, '2026-02-25 11:48:00', 'EVENT', 78),
(79, 80, 79, '2026-02-25 11:49:00', 'NOTICE', 79),
(80, 81, 80, '2026-02-25 11:50:00', NULL, NULL),
(81, 82, 81, '2026-02-25 11:51:00', 'EVENT', 81),
(82, 83, 82, '2026-02-25 11:52:00', 'NOTICE', 82),
(83, 84, 83, '2026-02-25 11:53:00', NULL, NULL),
(84, 85, 84, '2026-02-25 11:54:00', 'EVENT', 84),
(85, 86, 85, '2026-02-25 11:55:00', 'NOTICE', 85),
(86, 87, 86, '2026-02-25 11:56:00', NULL, NULL),
(87, 88, 87, '2026-02-25 11:57:00', 'EVENT', 87),
(88, 89, 88, '2026-02-25 11:58:00', 'NOTICE', 88),
(89, 90, 89, '2026-02-25 11:59:00', NULL, NULL),
(90, 91, 90, '2026-02-25 12:00:00', 'EVENT', 90),
(91, 92, 91, '2026-02-25 12:01:00', 'NOTICE', 91),
(92, 93, 92, '2026-02-25 12:02:00', NULL, NULL),
(93, 94, 93, '2026-02-25 12:03:00', 'EVENT', 93),
(94, 95, 94, '2026-02-25 12:04:00', 'NOTICE', 94),
(95, 96, 95, '2026-02-25 12:05:00', NULL, NULL),
(96, 97, 96, '2026-02-25 12:06:00', 'EVENT', 96),
(97, 98, 97, '2026-02-25 12:07:00', 'NOTICE', 97),
(98, 99, 98, '2026-02-25 12:08:00', NULL, NULL),
(99, 100, 99, '2026-02-25 12:09:00', 'EVENT', 99),
(100, 1, 100, '2026-02-25 12:10:00', 'NOTICE', 100);

-- notification_settings
INSERT INTO notification_settings (user_id, allow_marketing, updated_at) VALUES
(1, 1, '2026-02-26 09:00:00'),
(2, 1, '2026-02-27 09:00:00'),
(3, 0, '2026-02-28 09:00:00'),
(4, 1, '2026-03-01 09:00:00'),
(5, 1, '2026-03-02 09:00:00'),
(6, 0, '2026-03-03 09:00:00'),
(7, 1, '2026-03-04 09:00:00'),
(8, 1, '2026-03-05 09:00:00'),
(9, 0, '2026-03-06 09:00:00'),
(10, 1, '2026-03-07 09:00:00'),
(11, 1, '2026-03-08 09:00:00'),
(12, 0, '2026-03-09 09:00:00'),
(13, 1, '2026-03-10 09:00:00'),
(14, 1, '2026-03-11 09:00:00'),
(15, 0, '2026-03-12 09:00:00'),
(16, 1, '2026-03-13 09:00:00'),
(17, 1, '2026-03-14 09:00:00'),
(18, 0, '2026-03-15 09:00:00'),
(19, 1, '2026-03-16 09:00:00'),
(20, 1, '2026-03-17 09:00:00'),
(21, 0, '2026-03-18 09:00:00'),
(22, 1, '2026-03-19 09:00:00'),
(23, 1, '2026-03-20 09:00:00'),
(24, 0, '2026-03-21 09:00:00'),
(25, 1, '2026-03-22 09:00:00'),
(26, 1, '2026-03-23 09:00:00'),
(27, 0, '2026-03-24 09:00:00'),
(28, 1, '2026-03-25 09:00:00'),
(29, 1, '2026-03-26 09:00:00'),
(30, 0, '2026-03-27 09:00:00'),
(31, 1, '2026-03-28 09:00:00'),
(32, 1, '2026-03-29 09:00:00'),
(33, 0, '2026-03-30 09:00:00'),
(34, 1, '2026-03-31 09:00:00'),
(35, 1, '2026-04-01 09:00:00'),
(36, 0, '2026-04-02 09:00:00'),
(37, 1, '2026-04-03 09:00:00'),
(38, 1, '2026-04-04 09:00:00'),
(39, 0, '2026-04-05 09:00:00'),
(40, 1, '2026-04-06 09:00:00'),
(41, 1, '2026-04-07 09:00:00'),
(42, 0, '2026-04-08 09:00:00'),
(43, 1, '2026-04-09 09:00:00'),
(44, 1, '2026-04-10 09:00:00'),
(45, 0, '2026-04-11 09:00:00'),
(46, 1, '2026-04-12 09:00:00'),
(47, 1, '2026-04-13 09:00:00'),
(48, 0, '2026-04-14 09:00:00'),
(49, 1, '2026-04-15 09:00:00'),
(50, 1, '2026-04-16 09:00:00'),
(51, 0, '2026-04-17 09:00:00'),
(52, 1, '2026-04-18 09:00:00'),
(53, 1, '2026-04-19 09:00:00'),
(54, 0, '2026-04-20 09:00:00'),
(55, 1, '2026-04-21 09:00:00'),
(56, 1, '2026-04-22 09:00:00'),
(57, 0, '2026-04-23 09:00:00'),
(58, 1, '2026-04-24 09:00:00'),
(59, 1, '2026-04-25 09:00:00'),
(60, 0, '2026-04-26 09:00:00'),
(61, 1, '2026-04-27 09:00:00'),
(62, 1, '2026-04-28 09:00:00'),
(63, 0, '2026-04-29 09:00:00'),
(64, 1, '2026-04-30 09:00:00'),
(65, 1, '2026-05-01 09:00:00'),
(66, 0, '2026-05-02 09:00:00'),
(67, 1, '2026-05-03 09:00:00'),
(68, 1, '2026-05-04 09:00:00'),
(69, 0, '2026-05-05 09:00:00'),
(70, 1, '2026-05-06 09:00:00'),
(71, 1, '2026-05-07 09:00:00'),
(72, 0, '2026-05-08 09:00:00'),
(73, 1, '2026-05-09 09:00:00'),
(74, 1, '2026-05-10 09:00:00'),
(75, 0, '2026-05-11 09:00:00'),
(76, 1, '2026-05-12 09:00:00'),
(77, 1, '2026-05-13 09:00:00'),
(78, 0, '2026-05-14 09:00:00'),
(79, 1, '2026-05-15 09:00:00'),
(80, 1, '2026-05-16 09:00:00'),
(81, 0, '2026-05-17 09:00:00'),
(82, 1, '2026-05-18 09:00:00'),
(83, 1, '2026-05-19 09:00:00'),
(84, 0, '2026-05-20 09:00:00'),
(85, 1, '2026-05-21 09:00:00'),
(86, 1, '2026-05-22 09:00:00'),
(87, 0, '2026-05-23 09:00:00'),
(88, 1, '2026-05-24 09:00:00'),
(89, 1, '2026-05-25 09:00:00'),
(90, 0, '2026-05-26 09:00:00'),
(91, 1, '2026-05-27 09:00:00'),
(92, 1, '2026-05-28 09:00:00'),
(93, 0, '2026-05-29 09:00:00'),
(94, 1, '2026-05-30 09:00:00'),
(95, 1, '2026-05-31 09:00:00'),
(96, 0, '2026-06-01 09:00:00'),
(97, 1, '2026-06-02 09:00:00'),
(98, 1, '2026-06-03 09:00:00'),
(99, 0, '2026-06-04 09:00:00'),
(100, 1, '2026-06-05 09:00:00');

-- interests
INSERT INTO interests (interest_id, interest_name, type, is_active, created_at) VALUES
(1, 'EVENT', 'SYSTEM', 1, '2026-01-02 00:00:00'),
(2, 'SESSION', 'SYSTEM', 1, '2026-01-03 00:00:00'),
(3, 'EXPERIENCE', 'SYSTEM', 1, '2026-01-04 00:00:00'),
(4, 'BOOTH', 'SYSTEM', 1, '2026-01-05 00:00:00'),
(5, 'CONTEST', 'SYSTEM', 1, '2026-01-06 00:00:00'),
(6, 'NOTICE', 'SYSTEM', 1, '2026-01-07 00:00:00'),
(7, 'SNACK', 'SYSTEM', 1, '2026-01-08 00:00:00'),
(8, 'BATH_SUPPLIES', 'SYSTEM', 1, '2026-01-09 00:00:00'),
(9, 'GROOMING', 'SYSTEM', 1, '2026-01-10 00:00:00'),
(10, 'TOY', 'SYSTEM', 1, '2026-01-11 00:00:00'),
(11, 'CLOTHING', 'SYSTEM', 1, '2026-01-12 00:00:00'),
(12, 'HEALTH', 'SYSTEM', 1, '2026-01-13 00:00:00'),
(13, 'TRAINING', 'SYSTEM', 1, '2026-01-14 00:00:00'),
(14, 'WALK', 'SYSTEM', 1, '2026-01-15 00:00:00'),
(15, 'SUPPLEMENTS', 'SYSTEM', 1, '2026-01-16 00:00:00'),
(16, 'ACCESSORIES', 'SYSTEM', 1, '2026-01-17 00:00:00'),
(17, 'OTHERS', 'SYSTEM', 1, '2026-01-18 00:00:00'),
(18, 'EVENT', 'USER', 1, '2026-01-19 00:00:00'),
(19, 'SESSION', 'USER', 1, '2026-01-20 00:00:00'),
(20, 'EXPERIENCE', 'USER', 1, '2026-01-21 00:00:00'),
(21, 'BOOTH', 'USER', 1, '2026-01-22 00:00:00'),
(22, 'CONTEST', 'USER', 1, '2026-01-23 00:00:00'),
(23, 'NOTICE', 'USER', 1, '2026-01-24 00:00:00'),
(24, 'SNACK', 'USER', 1, '2026-01-25 00:00:00'),
(25, 'BATH_SUPPLIES', 'USER', 1, '2026-01-26 00:00:00'),
(26, 'GROOMING', 'USER', 1, '2026-01-27 00:00:00'),
(27, 'TOY', 'USER', 1, '2026-01-28 00:00:00'),
(28, 'CLOTHING', 'USER', 1, '2026-01-29 00:00:00'),
(29, 'HEALTH', 'USER', 1, '2026-01-30 00:00:00'),
(30, 'TRAINING', 'USER', 1, '2026-01-31 00:00:00'),
(31, 'WALK', 'USER', 1, '2026-02-01 00:00:00'),
(32, 'SUPPLEMENTS', 'USER', 1, '2026-02-02 00:00:00'),
(33, 'ACCESSORIES', 'USER', 1, '2026-02-03 00:00:00'),
(34, 'OTHERS', 'USER', 1, '2026-02-04 00:00:00'),
(35, 'EVENT', 'USER', 1, '2026-02-05 00:00:00'),
(36, 'SESSION', 'USER', 1, '2026-02-06 00:00:00'),
(37, 'EXPERIENCE', 'USER', 1, '2026-02-07 00:00:00'),
(38, 'BOOTH', 'USER', 1, '2026-02-08 00:00:00'),
(39, 'CONTEST', 'USER', 1, '2026-02-09 00:00:00'),
(40, 'NOTICE', 'USER', 1, '2026-02-10 00:00:00'),
(41, 'SNACK', 'USER', 1, '2026-02-11 00:00:00'),
(42, 'BATH_SUPPLIES', 'USER', 1, '2026-02-12 00:00:00'),
(43, 'GROOMING', 'USER', 1, '2026-02-13 00:00:00'),
(44, 'TOY', 'USER', 1, '2026-02-14 00:00:00'),
(45, 'CLOTHING', 'USER', 1, '2026-02-15 00:00:00'),
(46, 'HEALTH', 'USER', 1, '2026-02-16 00:00:00'),
(47, 'TRAINING', 'USER', 1, '2026-02-17 00:00:00'),
(48, 'WALK', 'USER', 1, '2026-02-18 00:00:00'),
(49, 'SUPPLEMENTS', 'USER', 1, '2026-02-19 00:00:00'),
(50, 'ACCESSORIES', 'USER', 1, '2026-02-20 00:00:00'),
(51, 'OTHERS', 'USER', 1, '2026-02-21 00:00:00'),
(52, 'EVENT', 'USER', 1, '2026-02-22 00:00:00'),
(53, 'SESSION', 'USER', 1, '2026-02-23 00:00:00'),
(54, 'EXPERIENCE', 'USER', 1, '2026-02-24 00:00:00'),
(55, 'BOOTH', 'USER', 1, '2026-02-25 00:00:00'),
(56, 'CONTEST', 'USER', 1, '2026-02-26 00:00:00'),
(57, 'NOTICE', 'USER', 1, '2026-02-27 00:00:00'),
(58, 'SNACK', 'USER', 1, '2026-02-28 00:00:00'),
(59, 'BATH_SUPPLIES', 'USER', 1, '2026-03-01 00:00:00'),
(60, 'GROOMING', 'USER', 1, '2026-03-02 00:00:00'),
(61, 'TOY', 'USER', 1, '2026-03-03 00:00:00'),
(62, 'CLOTHING', 'USER', 1, '2026-03-04 00:00:00'),
(63, 'HEALTH', 'USER', 1, '2026-03-05 00:00:00'),
(64, 'TRAINING', 'USER', 1, '2026-03-06 00:00:00'),
(65, 'WALK', 'USER', 1, '2026-03-07 00:00:00'),
(66, 'SUPPLEMENTS', 'USER', 1, '2026-03-08 00:00:00'),
(67, 'ACCESSORIES', 'USER', 1, '2026-03-09 00:00:00'),
(68, 'OTHERS', 'USER', 1, '2026-03-10 00:00:00'),
(69, 'EVENT', 'USER', 1, '2026-03-11 00:00:00'),
(70, 'SESSION', 'USER', 1, '2026-03-12 00:00:00'),
(71, 'EXPERIENCE', 'USER', 1, '2026-03-13 00:00:00'),
(72, 'BOOTH', 'USER', 1, '2026-03-14 00:00:00'),
(73, 'CONTEST', 'USER', 1, '2026-03-15 00:00:00'),
(74, 'NOTICE', 'USER', 1, '2026-03-16 00:00:00'),
(75, 'SNACK', 'USER', 1, '2026-03-17 00:00:00'),
(76, 'BATH_SUPPLIES', 'USER', 1, '2026-03-18 00:00:00'),
(77, 'GROOMING', 'USER', 1, '2026-03-19 00:00:00'),
(78, 'TOY', 'USER', 1, '2026-03-20 00:00:00'),
(79, 'CLOTHING', 'USER', 1, '2026-03-21 00:00:00'),
(80, 'HEALTH', 'USER', 1, '2026-03-22 00:00:00'),
(81, 'TRAINING', 'USER', 1, '2026-03-23 00:00:00'),
(82, 'WALK', 'USER', 1, '2026-03-24 00:00:00'),
(83, 'SUPPLEMENTS', 'USER', 1, '2026-03-25 00:00:00'),
(84, 'ACCESSORIES', 'USER', 1, '2026-03-26 00:00:00'),
(85, 'OTHERS', 'USER', 1, '2026-03-27 00:00:00'),
(86, 'EVENT', 'USER', 1, '2026-03-28 00:00:00'),
(87, 'SESSION', 'USER', 1, '2026-03-29 00:00:00'),
(88, 'EXPERIENCE', 'USER', 1, '2026-03-30 00:00:00'),
(89, 'BOOTH', 'USER', 1, '2026-03-31 00:00:00'),
(90, 'CONTEST', 'USER', 1, '2026-04-01 00:00:00'),
(91, 'NOTICE', 'USER', 1, '2026-04-02 00:00:00'),
(92, 'SNACK', 'USER', 1, '2026-04-03 00:00:00'),
(93, 'BATH_SUPPLIES', 'USER', 1, '2026-04-04 00:00:00'),
(94, 'GROOMING', 'USER', 1, '2026-04-05 00:00:00'),
(95, 'TOY', 'USER', 1, '2026-04-06 00:00:00'),
(96, 'CLOTHING', 'USER', 1, '2026-04-07 00:00:00'),
(97, 'HEALTH', 'USER', 1, '2026-04-08 00:00:00'),
(98, 'TRAINING', 'USER', 1, '2026-04-09 00:00:00'),
(99, 'WALK', 'USER', 1, '2026-04-10 00:00:00'),
(100, 'SUPPLEMENTS', 'USER', 1, '2026-04-11 00:00:00');

-- user_interest_subscriptions
INSERT INTO user_interest_subscriptions (subscription_id, user_id, interest_id, allow_inapp, allow_email, allow_sms, status, created_at) VALUES
(1, 1, 1, 1, 1, 0, 'ACTIVE', '2026-02-02 09:00:00'),
(2, 2, 2, 1, 0, 0, 'ACTIVE', '2026-02-03 09:00:00'),
(3, 3, 3, 1, 1, 0, 'ACTIVE', '2026-02-04 09:00:00'),
(4, 4, 4, 1, 0, 0, 'ACTIVE', '2026-02-05 09:00:00'),
(5, 5, 5, 1, 1, 1, 'ACTIVE', '2026-02-06 09:00:00'),
(6, 6, 6, 1, 0, 0, 'ACTIVE', '2026-02-07 09:00:00'),
(7, 7, 7, 1, 1, 0, 'ACTIVE', '2026-02-08 09:00:00'),
(8, 8, 8, 1, 0, 0, 'ACTIVE', '2026-02-09 09:00:00'),
(9, 9, 9, 1, 1, 0, 'ACTIVE', '2026-02-10 09:00:00'),
(10, 10, 10, 1, 0, 1, 'ACTIVE', '2026-02-11 09:00:00'),
(11, 11, 11, 1, 1, 0, 'ACTIVE', '2026-02-12 09:00:00'),
(12, 12, 12, 1, 0, 0, 'ACTIVE', '2026-02-13 09:00:00'),
(13, 13, 13, 1, 1, 0, 'ACTIVE', '2026-02-14 09:00:00'),
(14, 14, 14, 1, 0, 0, 'ACTIVE', '2026-02-15 09:00:00'),
(15, 15, 15, 1, 1, 1, 'ACTIVE', '2026-02-16 09:00:00'),
(16, 16, 16, 1, 0, 0, 'ACTIVE', '2026-02-17 09:00:00'),
(17, 17, 17, 1, 1, 0, 'ACTIVE', '2026-02-18 09:00:00'),
(18, 18, 18, 1, 0, 0, 'ACTIVE', '2026-02-19 09:00:00'),
(19, 19, 19, 1, 1, 0, 'ACTIVE', '2026-02-20 09:00:00'),
(20, 20, 20, 1, 0, 1, 'ACTIVE', '2026-02-21 09:00:00'),
(21, 21, 21, 1, 1, 0, 'ACTIVE', '2026-02-22 09:00:00'),
(22, 22, 22, 1, 0, 0, 'ACTIVE', '2026-02-23 09:00:00'),
(23, 23, 23, 1, 1, 0, 'ACTIVE', '2026-02-24 09:00:00'),
(24, 24, 24, 1, 0, 0, 'ACTIVE', '2026-02-25 09:00:00'),
(25, 25, 25, 1, 1, 1, 'ACTIVE', '2026-02-26 09:00:00'),
(26, 26, 26, 1, 0, 0, 'ACTIVE', '2026-02-27 09:00:00'),
(27, 27, 27, 1, 1, 0, 'ACTIVE', '2026-02-28 09:00:00'),
(28, 28, 28, 1, 0, 0, 'ACTIVE', '2026-03-01 09:00:00'),
(29, 29, 29, 1, 1, 0, 'ACTIVE', '2026-03-02 09:00:00'),
(30, 30, 30, 1, 0, 1, 'ACTIVE', '2026-03-03 09:00:00'),
(31, 31, 31, 1, 1, 0, 'ACTIVE', '2026-03-04 09:00:00'),
(32, 32, 32, 1, 0, 0, 'ACTIVE', '2026-03-05 09:00:00'),
(33, 33, 33, 1, 1, 0, 'ACTIVE', '2026-03-06 09:00:00'),
(34, 34, 34, 1, 0, 0, 'ACTIVE', '2026-03-07 09:00:00'),
(35, 35, 35, 1, 1, 1, 'ACTIVE', '2026-03-08 09:00:00'),
(36, 36, 36, 1, 0, 0, 'ACTIVE', '2026-03-09 09:00:00'),
(37, 37, 37, 1, 1, 0, 'ACTIVE', '2026-03-10 09:00:00'),
(38, 38, 38, 1, 0, 0, 'ACTIVE', '2026-03-11 09:00:00'),
(39, 39, 39, 1, 1, 0, 'ACTIVE', '2026-03-12 09:00:00'),
(40, 40, 40, 1, 0, 1, 'ACTIVE', '2026-03-13 09:00:00'),
(41, 41, 41, 1, 1, 0, 'ACTIVE', '2026-03-14 09:00:00'),
(42, 42, 42, 1, 0, 0, 'ACTIVE', '2026-03-15 09:00:00'),
(43, 43, 43, 1, 1, 0, 'ACTIVE', '2026-03-16 09:00:00'),
(44, 44, 44, 1, 0, 0, 'ACTIVE', '2026-03-17 09:00:00'),
(45, 45, 45, 1, 1, 1, 'ACTIVE', '2026-03-18 09:00:00'),
(46, 46, 46, 1, 0, 0, 'ACTIVE', '2026-03-19 09:00:00'),
(47, 47, 47, 1, 1, 0, 'ACTIVE', '2026-03-20 09:00:00'),
(48, 48, 48, 1, 0, 0, 'ACTIVE', '2026-03-21 09:00:00'),
(49, 49, 49, 1, 1, 0, 'ACTIVE', '2026-03-22 09:00:00'),
(50, 50, 50, 1, 0, 1, 'ACTIVE', '2026-03-23 09:00:00'),
(51, 51, 51, 1, 1, 0, 'ACTIVE', '2026-03-24 09:00:00'),
(52, 52, 52, 1, 0, 0, 'ACTIVE', '2026-03-25 09:00:00'),
(53, 53, 53, 1, 1, 0, 'ACTIVE', '2026-03-26 09:00:00'),
(54, 54, 54, 1, 0, 0, 'ACTIVE', '2026-03-27 09:00:00'),
(55, 55, 55, 1, 1, 1, 'ACTIVE', '2026-03-28 09:00:00'),
(56, 56, 56, 1, 0, 0, 'ACTIVE', '2026-03-29 09:00:00'),
(57, 57, 57, 1, 1, 0, 'ACTIVE', '2026-03-30 09:00:00'),
(58, 58, 58, 1, 0, 0, 'ACTIVE', '2026-03-31 09:00:00'),
(59, 59, 59, 1, 1, 0, 'ACTIVE', '2026-04-01 09:00:00'),
(60, 60, 60, 1, 0, 1, 'ACTIVE', '2026-04-02 09:00:00'),
(61, 61, 61, 1, 1, 0, 'ACTIVE', '2026-04-03 09:00:00'),
(62, 62, 62, 1, 0, 0, 'ACTIVE', '2026-04-04 09:00:00'),
(63, 63, 63, 1, 1, 0, 'ACTIVE', '2026-04-05 09:00:00'),
(64, 64, 64, 1, 0, 0, 'ACTIVE', '2026-04-06 09:00:00'),
(65, 65, 65, 1, 1, 1, 'ACTIVE', '2026-04-07 09:00:00'),
(66, 66, 66, 1, 0, 0, 'ACTIVE', '2026-04-08 09:00:00'),
(67, 67, 67, 1, 1, 0, 'ACTIVE', '2026-04-09 09:00:00'),
(68, 68, 68, 1, 0, 0, 'ACTIVE', '2026-04-10 09:00:00'),
(69, 69, 69, 1, 1, 0, 'ACTIVE', '2026-04-11 09:00:00'),
(70, 70, 70, 1, 0, 1, 'ACTIVE', '2026-04-12 09:00:00'),
(71, 71, 71, 1, 1, 0, 'ACTIVE', '2026-04-13 09:00:00'),
(72, 72, 72, 1, 0, 0, 'ACTIVE', '2026-04-14 09:00:00'),
(73, 73, 73, 1, 1, 0, 'ACTIVE', '2026-04-15 09:00:00'),
(74, 74, 74, 1, 0, 0, 'ACTIVE', '2026-04-16 09:00:00'),
(75, 75, 75, 1, 1, 1, 'ACTIVE', '2026-04-17 09:00:00'),
(76, 76, 76, 1, 0, 0, 'ACTIVE', '2026-04-18 09:00:00'),
(77, 77, 77, 1, 1, 0, 'ACTIVE', '2026-04-19 09:00:00'),
(78, 78, 78, 1, 0, 0, 'ACTIVE', '2026-04-20 09:00:00'),
(79, 79, 79, 1, 1, 0, 'ACTIVE', '2026-04-21 09:00:00'),
(80, 80, 80, 1, 0, 1, 'ACTIVE', '2026-04-22 09:00:00'),
(81, 81, 81, 1, 1, 0, 'ACTIVE', '2026-04-23 09:00:00'),
(82, 82, 82, 1, 0, 0, 'ACTIVE', '2026-04-24 09:00:00'),
(83, 83, 83, 1, 1, 0, 'ACTIVE', '2026-04-25 09:00:00'),
(84, 84, 84, 1, 0, 0, 'ACTIVE', '2026-04-26 09:00:00'),
(85, 85, 85, 1, 1, 1, 'ACTIVE', '2026-04-27 09:00:00'),
(86, 86, 86, 1, 0, 0, 'ACTIVE', '2026-04-28 09:00:00'),
(87, 87, 87, 1, 1, 0, 'ACTIVE', '2026-04-29 09:00:00'),
(88, 88, 88, 1, 0, 0, 'ACTIVE', '2026-04-30 09:00:00'),
(89, 89, 89, 1, 1, 0, 'ACTIVE', '2026-05-01 09:00:00'),
(90, 90, 90, 1, 0, 1, 'ACTIVE', '2026-05-02 09:00:00'),
(91, 91, 91, 1, 1, 0, 'ACTIVE', '2026-05-03 09:00:00'),
(92, 92, 92, 1, 0, 0, 'ACTIVE', '2026-05-04 09:00:00'),
(93, 93, 93, 1, 1, 0, 'ACTIVE', '2026-05-05 09:00:00'),
(94, 94, 94, 1, 0, 0, 'ACTIVE', '2026-05-06 09:00:00'),
(95, 95, 95, 1, 1, 1, 'ACTIVE', '2026-05-07 09:00:00'),
(96, 96, 96, 1, 0, 0, 'ACTIVE', '2026-05-08 09:00:00'),
(97, 97, 97, 1, 1, 0, 'ACTIVE', '2026-05-09 09:00:00'),
(98, 98, 98, 1, 0, 0, 'ACTIVE', '2026-05-10 09:00:00'),
(99, 99, 99, 1, 1, 0, 'ACTIVE', '2026-05-11 09:00:00'),
(100, 100, 100, 1, 0, 1, 'ACTIVE', '2026-05-12 09:00:00');

-- event_interest_map
INSERT INTO event_interest_map (event_interest_map_id, event_id, interest_id, created_at) VALUES
(1, 1, 1, '2026-02-02 09:00:00'),
(2, 2, 2, '2026-02-03 09:00:00'),
(3, 3, 3, '2026-02-04 09:00:00'),
(4, 4, 4, '2026-02-05 09:00:00'),
(5, 5, 5, '2026-02-06 09:00:00'),
(6, 6, 6, '2026-02-07 09:00:00'),
(7, 7, 7, '2026-02-08 09:00:00'),
(8, 8, 8, '2026-02-09 09:00:00'),
(9, 9, 9, '2026-02-10 09:00:00'),
(10, 10, 10, '2026-02-11 09:00:00'),
(11, 11, 11, '2026-02-12 09:00:00'),
(12, 12, 12, '2026-02-13 09:00:00'),
(13, 13, 13, '2026-02-14 09:00:00'),
(14, 14, 14, '2026-02-15 09:00:00'),
(15, 15, 15, '2026-02-16 09:00:00'),
(16, 16, 16, '2026-02-17 09:00:00'),
(17, 17, 17, '2026-02-18 09:00:00'),
(18, 18, 18, '2026-02-19 09:00:00'),
(19, 19, 19, '2026-02-20 09:00:00'),
(20, 20, 20, '2026-02-21 09:00:00'),
(21, 21, 21, '2026-02-22 09:00:00'),
(22, 22, 22, '2026-02-23 09:00:00'),
(23, 23, 23, '2026-02-24 09:00:00'),
(24, 24, 24, '2026-02-25 09:00:00'),
(25, 25, 25, '2026-02-26 09:00:00'),
(26, 26, 26, '2026-02-27 09:00:00'),
(27, 27, 27, '2026-02-28 09:00:00'),
(28, 28, 28, '2026-03-01 09:00:00'),
(29, 29, 29, '2026-03-02 09:00:00'),
(30, 30, 30, '2026-03-03 09:00:00'),
(31, 31, 31, '2026-03-04 09:00:00'),
(32, 32, 32, '2026-03-05 09:00:00'),
(33, 33, 33, '2026-03-06 09:00:00'),
(34, 34, 34, '2026-03-07 09:00:00'),
(35, 35, 35, '2026-03-08 09:00:00'),
(36, 36, 36, '2026-03-09 09:00:00'),
(37, 37, 37, '2026-03-10 09:00:00'),
(38, 38, 38, '2026-03-11 09:00:00'),
(39, 39, 39, '2026-03-12 09:00:00'),
(40, 40, 40, '2026-03-13 09:00:00'),
(41, 41, 41, '2026-03-14 09:00:00'),
(42, 42, 42, '2026-03-15 09:00:00'),
(43, 43, 43, '2026-03-16 09:00:00'),
(44, 44, 44, '2026-03-17 09:00:00'),
(45, 45, 45, '2026-03-18 09:00:00'),
(46, 46, 46, '2026-03-19 09:00:00'),
(47, 47, 47, '2026-03-20 09:00:00'),
(48, 48, 48, '2026-03-21 09:00:00'),
(49, 49, 49, '2026-03-22 09:00:00'),
(50, 50, 50, '2026-03-23 09:00:00'),
(51, 51, 51, '2026-03-24 09:00:00'),
(52, 52, 52, '2026-03-25 09:00:00'),
(53, 53, 53, '2026-03-26 09:00:00'),
(54, 54, 54, '2026-03-27 09:00:00'),
(55, 55, 55, '2026-03-28 09:00:00'),
(56, 56, 56, '2026-03-29 09:00:00'),
(57, 57, 57, '2026-03-30 09:00:00'),
(58, 58, 58, '2026-03-31 09:00:00'),
(59, 59, 59, '2026-04-01 09:00:00'),
(60, 60, 60, '2026-04-02 09:00:00'),
(61, 61, 61, '2026-04-03 09:00:00'),
(62, 62, 62, '2026-04-04 09:00:00'),
(63, 63, 63, '2026-04-05 09:00:00'),
(64, 64, 64, '2026-04-06 09:00:00'),
(65, 65, 65, '2026-04-07 09:00:00'),
(66, 66, 66, '2026-04-08 09:00:00'),
(67, 67, 67, '2026-04-09 09:00:00'),
(68, 68, 68, '2026-04-10 09:00:00'),
(69, 69, 69, '2026-04-11 09:00:00'),
(70, 70, 70, '2026-04-12 09:00:00'),
(71, 71, 71, '2026-04-13 09:00:00'),
(72, 72, 72, '2026-04-14 09:00:00'),
(73, 73, 73, '2026-04-15 09:00:00'),
(74, 74, 74, '2026-04-16 09:00:00'),
(75, 75, 75, '2026-04-17 09:00:00'),
(76, 76, 76, '2026-04-18 09:00:00'),
(77, 77, 77, '2026-04-19 09:00:00'),
(78, 78, 78, '2026-04-20 09:00:00'),
(79, 79, 79, '2026-04-21 09:00:00'),
(80, 80, 80, '2026-04-22 09:00:00'),
(81, 81, 81, '2026-04-23 09:00:00'),
(82, 82, 82, '2026-04-24 09:00:00'),
(83, 83, 83, '2026-04-25 09:00:00'),
(84, 84, 84, '2026-04-26 09:00:00'),
(85, 85, 85, '2026-04-27 09:00:00'),
(86, 86, 86, '2026-04-28 09:00:00'),
(87, 87, 87, '2026-04-29 09:00:00'),
(88, 88, 88, '2026-04-30 09:00:00'),
(89, 89, 89, '2026-05-01 09:00:00'),
(90, 90, 90, '2026-05-02 09:00:00'),
(91, 91, 91, '2026-05-03 09:00:00'),
(92, 92, 92, '2026-05-04 09:00:00'),
(93, 93, 93, '2026-05-05 09:00:00'),
(94, 94, 94, '2026-05-06 09:00:00'),
(95, 95, 95, '2026-05-07 09:00:00'),
(96, 96, 96, '2026-05-08 09:00:00'),
(97, 97, 97, '2026-05-09 09:00:00'),
(98, 98, 98, '2026-05-10 09:00:00'),
(99, 99, 99, '2026-05-11 09:00:00'),
(100, 100, 100, '2026-05-12 09:00:00');

-- email_verification_token
INSERT INTO email_verification_token (email_verification_token_id, user_id, token_hash, expires_at, used_at, created_at) VALUES
(1, 1, 'evt_97a201f008924a1eaa6982663c756b3d', '2026-12-31 00:00:00', NULL, '2026-02-25 08:01:00'),
(2, 2, 'evt_8b6a26dad77d4882a75477350b7542c1', '2026-12-31 00:00:00', NULL, '2026-02-25 08:02:00'),
(3, 3, 'evt_5731b291c78c4ed49beb426223edd014', '2026-12-31 00:00:00', NULL, '2026-02-25 08:03:00'),
(4, 4, 'evt_05d9e3e24ca241fdb7bfea651b4cdae6', '2026-12-31 00:00:00', NULL, '2026-02-25 08:04:00'),
(5, 5, 'evt_52cc9d18addb4f94b5d02372f03e8418', '2026-12-31 00:00:00', NULL, '2026-02-25 08:05:00'),
(6, 6, 'evt_ce350463425d492e88876b79a5fa8de3', '2026-12-31 00:00:00', NULL, '2026-02-25 08:06:00'),
(7, 7, 'evt_7d366250138f421e9d82fcd1c020c902', '2026-12-31 00:00:00', NULL, '2026-02-25 08:07:00'),
(8, 8, 'evt_d96afb6d83824144afec1aa0c850ec37', '2026-12-31 00:00:00', NULL, '2026-02-25 08:08:00'),
(9, 9, 'evt_87411a87f98b4d599b07165d7893c77b', '2026-12-31 00:00:00', NULL, '2026-02-25 08:09:00'),
(10, 10, 'evt_43fb4949261f44b3ab9ea777f55a3e08', '2026-12-31 00:00:00', NULL, '2026-02-25 08:10:00'),
(11, 11, 'evt_f761a5bd375d4d769fd5b6e8bc1af56c', '2026-12-31 00:00:00', NULL, '2026-02-25 08:11:00'),
(12, 12, 'evt_bc2e56f502f1461c937ebc33d203f3f8', '2026-12-31 00:00:00', NULL, '2026-02-25 08:12:00'),
(13, 13, 'evt_8a069e26aee94ba883da770bc6ef4f84', '2026-12-31 00:00:00', NULL, '2026-02-25 08:13:00'),
(14, 14, 'evt_4c0844586bd44bda81cfc9de5d537783', '2026-12-31 00:00:00', NULL, '2026-02-25 08:14:00'),
(15, 15, 'evt_4ee2febab11f4bf298af5df0d424557b', '2026-12-31 00:00:00', NULL, '2026-02-25 08:15:00'),
(16, 16, 'evt_b87357a8259c493d835fe5490654a5ee', '2026-12-31 00:00:00', NULL, '2026-02-25 08:16:00'),
(17, 17, 'evt_228bd17fff7e49d995a716d05211bfea', '2026-12-31 00:00:00', NULL, '2026-02-25 08:17:00'),
(18, 18, 'evt_ba78dfb131aa4abe87d15b1a2868ccd1', '2026-12-31 00:00:00', NULL, '2026-02-25 08:18:00'),
(19, 19, 'evt_56daffcd533e4a3996c12894110b492e', '2026-12-31 00:00:00', NULL, '2026-02-25 08:19:00'),
(20, 20, 'evt_db036d63014a41699a59d119a8c31d58', '2026-12-31 00:00:00', NULL, '2026-02-25 08:20:00'),
(21, 21, 'evt_9c1885d512a74ee88b5e669e1bca97d4', '2026-12-31 00:00:00', NULL, '2026-02-25 08:21:00'),
(22, 22, 'evt_d48b8816a55b4a92a813240652083a76', '2026-12-31 00:00:00', NULL, '2026-02-25 08:22:00'),
(23, 23, 'evt_86e98e58ab0a4ce18e34f3bfb85c778e', '2026-12-31 00:00:00', NULL, '2026-02-25 08:23:00'),
(24, 24, 'evt_85cda112019c4b7f939493497679a910', '2026-12-31 00:00:00', NULL, '2026-02-25 08:24:00'),
(25, 25, 'evt_6bcfa9516dca4f079c78cfe27d4d6074', '2026-12-31 00:00:00', NULL, '2026-02-25 08:25:00'),
(26, 26, 'evt_6bb1167d9ffa494094f0aef07c0846fd', '2026-12-31 00:00:00', NULL, '2026-02-25 08:26:00'),
(27, 27, 'evt_cae2a6c99c3a4803a492b761f8627154', '2026-12-31 00:00:00', NULL, '2026-02-25 08:27:00'),
(28, 28, 'evt_a7fcfb9de6af4eafb9a86f9bd96c8335', '2026-12-31 00:00:00', NULL, '2026-02-25 08:28:00'),
(29, 29, 'evt_1f446c39b4f94e68a4424ef519e1d2e6', '2026-12-31 00:00:00', NULL, '2026-02-25 08:29:00'),
(30, 30, 'evt_9c3c5229a2b848ccabfe9478bd3c4a76', '2026-12-31 00:00:00', NULL, '2026-02-25 08:30:00'),
(31, 31, 'evt_91c97598b4c147c6b075ce5bf7b80801', '2026-12-31 00:00:00', NULL, '2026-02-25 08:31:00'),
(32, 32, 'evt_f7690cc0094640c59794ddc1e12e72f7', '2026-12-31 00:00:00', NULL, '2026-02-25 08:32:00'),
(33, 33, 'evt_bf3d42353d8649ccb411d308a1855773', '2026-12-31 00:00:00', NULL, '2026-02-25 08:33:00'),
(34, 34, 'evt_a34e60fe259f48d38a43c551a04c65ba', '2026-12-31 00:00:00', NULL, '2026-02-25 08:34:00'),
(35, 35, 'evt_efa8d7ffb9024ab1b20407ad58eb2696', '2026-12-31 00:00:00', NULL, '2026-02-25 08:35:00'),
(36, 36, 'evt_113411b65afe4b8ca938f58c9ef8432c', '2026-12-31 00:00:00', NULL, '2026-02-25 08:36:00'),
(37, 37, 'evt_77d34472ce2a47a0bbc9c18ea2118eb1', '2026-12-31 00:00:00', NULL, '2026-02-25 08:37:00'),
(38, 38, 'evt_8c8ff015b5c9421aa95649c8a49912f5', '2026-12-31 00:00:00', NULL, '2026-02-25 08:38:00'),
(39, 39, 'evt_bd4b12c15bb2471cb086e35e66abcca3', '2026-12-31 00:00:00', NULL, '2026-02-25 08:39:00'),
(40, 40, 'evt_7becbd99b398430fbd172189f48c943d', '2026-12-31 00:00:00', NULL, '2026-02-25 08:40:00'),
(41, 41, 'evt_f84658eede7f4dca8c3a9969b6b95e83', '2026-12-31 00:00:00', NULL, '2026-02-25 08:41:00'),
(42, 42, 'evt_3c49f3eacee34ad1934871e35ec4edf3', '2026-12-31 00:00:00', NULL, '2026-02-25 08:42:00'),
(43, 43, 'evt_1d394346005c4fec9411436e8669133c', '2026-12-31 00:00:00', NULL, '2026-02-25 08:43:00'),
(44, 44, 'evt_bd0cb350d465492c9eb526d901046950', '2026-12-31 00:00:00', NULL, '2026-02-25 08:44:00'),
(45, 45, 'evt_918230e19a204f92a1238454cfc817aa', '2026-12-31 00:00:00', NULL, '2026-02-25 08:45:00'),
(46, 46, 'evt_4fa2aa9926c6408e9098879344b9ca2b', '2026-12-31 00:00:00', NULL, '2026-02-25 08:46:00'),
(47, 47, 'evt_90da245dc0d64e008d9c1a4dafa23c8f', '2026-12-31 00:00:00', NULL, '2026-02-25 08:47:00'),
(48, 48, 'evt_d6b61aae73a1471eafcfe514c6ce5c72', '2026-12-31 00:00:00', NULL, '2026-02-25 08:48:00'),
(49, 49, 'evt_6e0db648e3d74b65b28e251de1758de4', '2026-12-31 00:00:00', NULL, '2026-02-25 08:49:00'),
(50, 50, 'evt_f77b70097d6f457781a2d72db66ed521', '2026-12-31 00:00:00', NULL, '2026-02-25 08:50:00'),
(51, 51, 'evt_f7999baf161243b0961d38ff349bac06', '2026-12-31 00:00:00', NULL, '2026-02-25 08:51:00'),
(52, 52, 'evt_c822a4e9411a413ca5614454f646de21', '2026-12-31 00:00:00', NULL, '2026-02-25 08:52:00'),
(53, 53, 'evt_a01d8d45ac0e4ea0bbce9822ebeeedaf', '2026-12-31 00:00:00', NULL, '2026-02-25 08:53:00'),
(54, 54, 'evt_ce3f044fd4b44859884bc24a690f8957', '2026-12-31 00:00:00', NULL, '2026-02-25 08:54:00'),
(55, 55, 'evt_4c3e04f1c3084ae1bdbdf518b2b506e2', '2026-12-31 00:00:00', NULL, '2026-02-25 08:55:00'),
(56, 56, 'evt_48cf7192823c42d2aa3256d8f8d78b3d', '2026-12-31 00:00:00', NULL, '2026-02-25 08:56:00'),
(57, 57, 'evt_8148008646394420840bdbf32ae383ba', '2026-12-31 00:00:00', NULL, '2026-02-25 08:57:00'),
(58, 58, 'evt_4161a4bfc649452290f3691d1c639d2b', '2026-12-31 00:00:00', NULL, '2026-02-25 08:58:00'),
(59, 59, 'evt_892b8e20547b492c9d9e3f0631ded3f2', '2026-12-31 00:00:00', NULL, '2026-02-25 08:59:00'),
(60, 60, 'evt_b07974e3b9de4e6e84e4f93840168112', '2026-12-31 00:00:00', NULL, '2026-02-25 09:00:00'),
(61, 61, 'evt_df4c8c83ce3b4e389566736c7134d837', '2026-12-31 00:00:00', NULL, '2026-02-25 09:01:00'),
(62, 62, 'evt_2824152319d44d808c8b9554455c8381', '2026-12-31 00:00:00', NULL, '2026-02-25 09:02:00'),
(63, 63, 'evt_005326e4977a4b6c880da22be1cdd27f', '2026-12-31 00:00:00', NULL, '2026-02-25 09:03:00'),
(64, 64, 'evt_f38e2fc6e6de4601882266ba35fe3c2b', '2026-12-31 00:00:00', NULL, '2026-02-25 09:04:00'),
(65, 65, 'evt_468994f120ac4d4eaff01d4d0acab85a', '2026-12-31 00:00:00', NULL, '2026-02-25 09:05:00'),
(66, 66, 'evt_d49fd950e1a748509412a66ada01db3e', '2026-12-31 00:00:00', NULL, '2026-02-25 09:06:00'),
(67, 67, 'evt_72adf7ec3708421190bf1ce0fd8af2c5', '2026-12-31 00:00:00', NULL, '2026-02-25 09:07:00'),
(68, 68, 'evt_7a40be936a704ce1b6b7085c628698f6', '2026-12-31 00:00:00', NULL, '2026-02-25 09:08:00'),
(69, 69, 'evt_42def68297944b098574bc6f9fc596c2', '2026-12-31 00:00:00', NULL, '2026-02-25 09:09:00'),
(70, 70, 'evt_999c6b5f8e954a9fa3338ab52a57907a', '2026-12-31 00:00:00', NULL, '2026-02-25 09:10:00'),
(71, 71, 'evt_09e6294ce8a04428bcaa0cc4dc684fd0', '2026-12-31 00:00:00', NULL, '2026-02-25 09:11:00'),
(72, 72, 'evt_83f8dad00bf049d0837bd1c6f952273e', '2026-12-31 00:00:00', NULL, '2026-02-25 09:12:00'),
(73, 73, 'evt_de946b3b380141739b21642577d08be2', '2026-12-31 00:00:00', NULL, '2026-02-25 09:13:00'),
(74, 74, 'evt_b26e6ab732104a17b0359ad8563a66d3', '2026-12-31 00:00:00', NULL, '2026-02-25 09:14:00'),
(75, 75, 'evt_fe1163443b5a4f178ce7d74691a4df6a', '2026-12-31 00:00:00', NULL, '2026-02-25 09:15:00'),
(76, 76, 'evt_28f894e1d1ca4671826ef13f8fccb0da', '2026-12-31 00:00:00', NULL, '2026-02-25 09:16:00'),
(77, 77, 'evt_6ec14df33a064f9a9518e15a9044d885', '2026-12-31 00:00:00', NULL, '2026-02-25 09:17:00'),
(78, 78, 'evt_750e1be1232d445d818021d7531c71fd', '2026-12-31 00:00:00', NULL, '2026-02-25 09:18:00'),
(79, 79, 'evt_536f707d78fb4cf097c3c5d09341f97d', '2026-12-31 00:00:00', NULL, '2026-02-25 09:19:00'),
(80, 80, 'evt_b9893768473443269d408b3faa92353c', '2026-12-31 00:00:00', NULL, '2026-02-25 09:20:00'),
(81, 81, 'evt_33d61ca950414de585dff86f1e62d16a', '2026-12-31 00:00:00', NULL, '2026-02-25 09:21:00'),
(82, 82, 'evt_4a831c6ac2294a218efd699dfdcb8822', '2026-12-31 00:00:00', NULL, '2026-02-25 09:22:00'),
(83, 83, 'evt_be06ee8e6845473cafbc8f21e84d2771', '2026-12-31 00:00:00', NULL, '2026-02-25 09:23:00'),
(84, 84, 'evt_720809d2e594404c837b7dcb104e8b08', '2026-12-31 00:00:00', NULL, '2026-02-25 09:24:00'),
(85, 85, 'evt_f29b6c6c3b984faab8f1516263165904', '2026-12-31 00:00:00', NULL, '2026-02-25 09:25:00'),
(86, 86, 'evt_8808a3b4c2cb4eb58e8baec3ed849327', '2026-12-31 00:00:00', NULL, '2026-02-25 09:26:00'),
(87, 87, 'evt_de159f4fe7684819a5667cba43ccf4dd', '2026-12-31 00:00:00', NULL, '2026-02-25 09:27:00'),
(88, 88, 'evt_f8fbae436dd140e18ba7ec9693e60eee', '2026-12-31 00:00:00', NULL, '2026-02-25 09:28:00'),
(89, 89, 'evt_f94ee3ba049048dd8dfc9cbcddbdb010', '2026-12-31 00:00:00', NULL, '2026-02-25 09:29:00'),
(90, 90, 'evt_e587bf33cdb4467696b645ee96c8b5b7', '2026-12-31 00:00:00', NULL, '2026-02-25 09:30:00'),
(91, 91, 'evt_175c0303c3ea4b87814312b4edc11ae1', '2026-12-31 00:00:00', NULL, '2026-02-25 09:31:00'),
(92, 92, 'evt_37314417fd944be38c10adc9ad4fe3ae', '2026-12-31 00:00:00', NULL, '2026-02-25 09:32:00'),
(93, 93, 'evt_b39d779409e54227ba8a4148478ed8a8', '2026-12-31 00:00:00', NULL, '2026-02-25 09:33:00'),
(94, 94, 'evt_026e151ef36144d596854a2aaa3f5679', '2026-12-31 00:00:00', NULL, '2026-02-25 09:34:00'),
(95, 95, 'evt_575f80901e71430cafdda4398b33c0c1', '2026-12-31 00:00:00', NULL, '2026-02-25 09:35:00'),
(96, 96, 'evt_a1046ce4336f4ebaab9cd12e9082e841', '2026-12-31 00:00:00', NULL, '2026-02-25 09:36:00'),
(97, 97, 'evt_619e3968712e43858f8dca52215a102e', '2026-12-31 00:00:00', NULL, '2026-02-25 09:37:00'),
(98, 98, 'evt_f7c9662a377f4da99271502cd2bda7ad', '2026-12-31 00:00:00', NULL, '2026-02-25 09:38:00'),
(99, 99, 'evt_8f64c3eae0c54142b5d0e6f2326aedc0', '2026-12-31 00:00:00', NULL, '2026-02-25 09:39:00'),
(100, 100, 'evt_d5aa3d22cb664c3ca88d800e83b3f9d5', '2026-12-31 00:00:00', NULL, '2026-02-25 09:40:00');

-- phone_verification_token
INSERT INTO phone_verification_token (phone_verification_token_id, user_id, phone, code_hash, expires_at, used_at, attempt_count, created_at) VALUES
(1, 1, '010-1001-1007', 'pvt_3cb62f2cb7914ba1a22116f8910d9873', '2026-12-31 00:00:00', NULL, 0, '2026-02-25 08:31:00'),
(2, 2, '010-1002-1014', 'pvt_9379e31332b049938e7e7fbb0efd3b4a', '2026-12-31 00:00:00', NULL, 0, '2026-02-25 08:32:00'),
(3, 3, '010-1003-1021', 'pvt_121318429a95482689137ab1eabc2a72', '2026-12-31 00:00:00', NULL, 0, '2026-02-25 08:33:00'),
(4, 4, '010-1004-1028', 'pvt_07a33671e35a4ec089e6eb7300aa81af', '2026-12-31 00:00:00', NULL, 0, '2026-02-25 08:34:00'),
(5, 5, '010-1005-1035', 'pvt_26d4189f17a745e6badc57e6dccfa80e', '2026-12-31 00:00:00', NULL, 0, '2026-02-25 08:35:00'),
(6, 6, '010-1006-1042', 'pvt_1410a837120d4717a9a3a411cb828d15', '2026-12-31 00:00:00', NULL, 0, '2026-02-25 08:36:00'),
(7, 7, '010-1007-1049', 'pvt_9603c216185c4e869291d5cecbe08f11', '2026-12-31 00:00:00', NULL, 0, '2026-02-25 08:37:00'),
(8, 8, '010-1008-1056', 'pvt_9269e8d8c1ba4c7aa03d7b9a55bba7e3', '2026-12-31 00:00:00', NULL, 0, '2026-02-25 08:38:00'),
(9, 9, '010-1009-1063', 'pvt_c7605cc7eae6418ea584943315f31005', '2026-12-31 00:00:00', NULL, 0, '2026-02-25 08:39:00'),
(10, 10, '010-1010-1070', 'pvt_95ec141dfe2b4c31b8a403a08608a94e', '2026-12-31 00:00:00', NULL, 0, '2026-02-25 08:40:00'),
(11, 11, '010-1011-1077', 'pvt_bb4e89985aec44f5833e69389d9036a2', '2026-12-31 00:00:00', NULL, 0, '2026-02-25 08:41:00'),
(12, 12, '010-1012-1084', 'pvt_fcceb5b20f304dc5b8be6dd602147eaf', '2026-12-31 00:00:00', NULL, 0, '2026-02-25 08:42:00'),
(13, 13, '010-1013-1091', 'pvt_577a1bd7b9df4004943346a9abfc3745', '2026-12-31 00:00:00', NULL, 0, '2026-02-25 08:43:00'),
(14, 14, '010-1014-1098', 'pvt_5c5337b6d3c74d189be39bf88dd42bc9', '2026-12-31 00:00:00', NULL, 0, '2026-02-25 08:44:00'),
(15, 15, '010-1015-1105', 'pvt_f6c0d3866fd54136a844ff71eb8edc9a', '2026-12-31 00:00:00', NULL, 0, '2026-02-25 08:45:00'),
(16, 16, '010-1016-1112', 'pvt_8c7d0c41fb424500b77ee2d59dc9783e', '2026-12-31 00:00:00', NULL, 0, '2026-02-25 08:46:00'),
(17, 17, '010-1017-1119', 'pvt_5ede511fa399414695c82ecf52ee5d9e', '2026-12-31 00:00:00', NULL, 0, '2026-02-25 08:47:00'),
(18, 18, '010-1018-1126', 'pvt_a9895c5db0b74635b1b5b05e8429d36d', '2026-12-31 00:00:00', NULL, 0, '2026-02-25 08:48:00'),
(19, 19, '010-1019-1133', 'pvt_825f3a191f0543c9b9b0ee48d680bcd3', '2026-12-31 00:00:00', NULL, 0, '2026-02-25 08:49:00'),
(20, 20, '010-1020-1140', 'pvt_a466a68df34a440a9e9bc3aa7eb92382', '2026-12-31 00:00:00', NULL, 0, '2026-02-25 08:50:00'),
(21, 21, '010-1021-1147', 'pvt_bd720096a8a7467f9c266a4db7233587', '2026-12-31 00:00:00', NULL, 0, '2026-02-25 08:51:00'),
(22, 22, '010-1022-1154', 'pvt_384e99f1661b44048ea5690550167ff0', '2026-12-31 00:00:00', NULL, 0, '2026-02-25 08:52:00'),
(23, 23, '010-1023-1161', 'pvt_5006edf5b24b4d40b75d6b19f7acc744', '2026-12-31 00:00:00', NULL, 0, '2026-02-25 08:53:00'),
(24, 24, '010-1024-1168', 'pvt_4b035aaffc5345078f3eed4560112f51', '2026-12-31 00:00:00', NULL, 0, '2026-02-25 08:54:00'),
(25, 25, '010-1025-1175', 'pvt_e36da043cf9c450084828983c9657246', '2026-12-31 00:00:00', NULL, 0, '2026-02-25 08:55:00'),
(26, 26, '010-1026-1182', 'pvt_57af68b51186458f8035a14f1093708d', '2026-12-31 00:00:00', NULL, 0, '2026-02-25 08:56:00'),
(27, 27, '010-1027-1189', 'pvt_630b770a63f44713a873ccaad097d19d', '2026-12-31 00:00:00', NULL, 0, '2026-02-25 08:57:00'),
(28, 28, '010-1028-1196', 'pvt_3f7088d6d5ae43a9863cd9b0f069f766', '2026-12-31 00:00:00', NULL, 0, '2026-02-25 08:58:00'),
(29, 29, '010-1029-1203', 'pvt_38385196c91046a8aaecea1d8d7c26c9', '2026-12-31 00:00:00', NULL, 0, '2026-02-25 08:59:00'),
(30, 30, '010-1030-1210', 'pvt_aeea1c7554d445b99a02784a45fa3c8d', '2026-12-31 00:00:00', NULL, 0, '2026-02-25 09:00:00'),
(31, 31, '010-1031-1217', 'pvt_56d8de3580eb4ecbacca32e95f65d400', '2026-12-31 00:00:00', NULL, 0, '2026-02-25 09:01:00'),
(32, 32, '010-1032-1224', 'pvt_53130fb094f64e1c82b53633c47ce325', '2026-12-31 00:00:00', NULL, 0, '2026-02-25 09:02:00'),
(33, 33, '010-1033-1231', 'pvt_95af48449fda46a8b9380b56a58cfd86', '2026-12-31 00:00:00', NULL, 0, '2026-02-25 09:03:00'),
(34, 34, '010-1034-1238', 'pvt_b0f92d6d34944d299ecdb82d11745c07', '2026-12-31 00:00:00', NULL, 0, '2026-02-25 09:04:00'),
(35, 35, '010-1035-1245', 'pvt_96f372f20cf246778a8660f7df6fd6f3', '2026-12-31 00:00:00', NULL, 0, '2026-02-25 09:05:00'),
(36, 36, '010-1036-1252', 'pvt_5e848feb60ba4bbe883730631f159d05', '2026-12-31 00:00:00', NULL, 0, '2026-02-25 09:06:00'),
(37, 37, '010-1037-1259', 'pvt_7ff8f6e3418b4135b62d9e0c761aea0b', '2026-12-31 00:00:00', NULL, 0, '2026-02-25 09:07:00'),
(38, 38, '010-1038-1266', 'pvt_5d46b0f4123348b0afeee20937ad5645', '2026-12-31 00:00:00', NULL, 0, '2026-02-25 09:08:00'),
(39, 39, '010-1039-1273', 'pvt_6e1442c582c2488fa541799b6dea0854', '2026-12-31 00:00:00', NULL, 0, '2026-02-25 09:09:00'),
(40, 40, '010-1040-1280', 'pvt_553738987cc643189545e2a232d57220', '2026-12-31 00:00:00', NULL, 0, '2026-02-25 09:10:00'),
(41, 41, '010-1041-1287', 'pvt_11d9236933e34b33b3171e54f1601de4', '2026-12-31 00:00:00', NULL, 0, '2026-02-25 09:11:00'),
(42, 42, '010-1042-1294', 'pvt_e2e5a8b204f94c5d961cd93d48c0a6bb', '2026-12-31 00:00:00', NULL, 0, '2026-02-25 09:12:00'),
(43, 43, '010-1043-1301', 'pvt_ee8e126ae3544fcfb013dfd1b535134e', '2026-12-31 00:00:00', NULL, 0, '2026-02-25 09:13:00'),
(44, 44, '010-1044-1308', 'pvt_8c046349b7de42d8987b0aed5bf0ebdc', '2026-12-31 00:00:00', NULL, 0, '2026-02-25 09:14:00'),
(45, 45, '010-1045-1315', 'pvt_a5194914738f493fa6a768c11fcec5fc', '2026-12-31 00:00:00', NULL, 0, '2026-02-25 09:15:00'),
(46, 46, '010-1046-1322', 'pvt_eb2944c2bcec4fb1913d4945973c3c95', '2026-12-31 00:00:00', NULL, 0, '2026-02-25 09:16:00'),
(47, 47, '010-1047-1329', 'pvt_6d285dc85f894489b533c8ac48a891d3', '2026-12-31 00:00:00', NULL, 0, '2026-02-25 09:17:00'),
(48, 48, '010-1048-1336', 'pvt_2d60f1e98eb8447b828e271f49f660a4', '2026-12-31 00:00:00', NULL, 0, '2026-02-25 09:18:00'),
(49, 49, '010-1049-1343', 'pvt_9514c2dea9b142c5a6a94ca4dc73d720', '2026-12-31 00:00:00', NULL, 0, '2026-02-25 09:19:00'),
(50, 50, '010-1050-1350', 'pvt_e15c819e996446d6888a615580edec76', '2026-12-31 00:00:00', NULL, 0, '2026-02-25 09:20:00'),
(51, 51, '010-1051-1357', 'pvt_db42618b94504cc89d8a2d658c6dda30', '2026-12-31 00:00:00', NULL, 0, '2026-02-25 09:21:00'),
(52, 52, '010-1052-1364', 'pvt_3210795228cd4ac3bb101b9e868fc166', '2026-12-31 00:00:00', NULL, 0, '2026-02-25 09:22:00'),
(53, 53, '010-1053-1371', 'pvt_ec7326f89e244e6cb9ecf7942f0f624d', '2026-12-31 00:00:00', NULL, 0, '2026-02-25 09:23:00'),
(54, 54, '010-1054-1378', 'pvt_d817a9c5465a4ede992d4409dd4f6ab7', '2026-12-31 00:00:00', NULL, 0, '2026-02-25 09:24:00'),
(55, 55, '010-1055-1385', 'pvt_b80ef90e26cc4746a1775c178369a68e', '2026-12-31 00:00:00', NULL, 0, '2026-02-25 09:25:00'),
(56, 56, '010-1056-1392', 'pvt_8542b6c716564d8fab9fa6c4244e6456', '2026-12-31 00:00:00', NULL, 0, '2026-02-25 09:26:00'),
(57, 57, '010-1057-1399', 'pvt_0df5f38d8f4b4c90be9cdd0910d16379', '2026-12-31 00:00:00', NULL, 0, '2026-02-25 09:27:00'),
(58, 58, '010-1058-1406', 'pvt_f4598d4e61394c16b134519ed07503fa', '2026-12-31 00:00:00', NULL, 0, '2026-02-25 09:28:00'),
(59, 59, '010-1059-1413', 'pvt_f1218a7a87014171948b52efcbccbe6c', '2026-12-31 00:00:00', NULL, 0, '2026-02-25 09:29:00'),
(60, 60, '010-1060-1420', 'pvt_56f53bc7f8f94e34abd48d3ec0d469e3', '2026-12-31 00:00:00', NULL, 0, '2026-02-25 09:30:00'),
(61, 61, '010-1061-1427', 'pvt_98074e1f8fa64b658394f5844b670d30', '2026-12-31 00:00:00', NULL, 0, '2026-02-25 09:31:00'),
(62, 62, '010-1062-1434', 'pvt_bab0875d188f4678935952424a4c12de', '2026-12-31 00:00:00', NULL, 0, '2026-02-25 09:32:00'),
(63, 63, '010-1063-1441', 'pvt_92f6e8b6ac834ebcbb2942fa9d79593a', '2026-12-31 00:00:00', NULL, 0, '2026-02-25 09:33:00'),
(64, 64, '010-1064-1448', 'pvt_7a870959143544059b00c138ddb16c45', '2026-12-31 00:00:00', NULL, 0, '2026-02-25 09:34:00'),
(65, 65, '010-1065-1455', 'pvt_955e46f4c6ca408a921980768230f263', '2026-12-31 00:00:00', NULL, 0, '2026-02-25 09:35:00'),
(66, 66, '010-1066-1462', 'pvt_16deffca744a47e1831b74d5b61d39ce', '2026-12-31 00:00:00', NULL, 0, '2026-02-25 09:36:00'),
(67, 67, '010-1067-1469', 'pvt_ef62b5220628419a84889369399cdcd1', '2026-12-31 00:00:00', NULL, 0, '2026-02-25 09:37:00'),
(68, 68, '010-1068-1476', 'pvt_8a376a5c1a92457290514e28d68a1ac0', '2026-12-31 00:00:00', NULL, 0, '2026-02-25 09:38:00'),
(69, 69, '010-1069-1483', 'pvt_cdcfcac42fc643c99067f235bf46c022', '2026-12-31 00:00:00', NULL, 0, '2026-02-25 09:39:00'),
(70, 70, '010-1070-1490', 'pvt_bc8b8a74607249fda8c1a6a71011d953', '2026-12-31 00:00:00', NULL, 0, '2026-02-25 09:40:00'),
(71, 71, '010-1071-1497', 'pvt_c53ad62baf834e05b7d7a14f8c558433', '2026-12-31 00:00:00', NULL, 0, '2026-02-25 09:41:00'),
(72, 72, '010-1072-1504', 'pvt_b9be0fa258ff4742bb425dbd86415808', '2026-12-31 00:00:00', NULL, 0, '2026-02-25 09:42:00'),
(73, 73, '010-1073-1511', 'pvt_70677ce5d5864170a904db5554dc2627', '2026-12-31 00:00:00', NULL, 0, '2026-02-25 09:43:00'),
(74, 74, '010-1074-1518', 'pvt_2397fcb4380143469c81daf67a3a6500', '2026-12-31 00:00:00', NULL, 0, '2026-02-25 09:44:00'),
(75, 75, '010-1075-1525', 'pvt_0237aef5adb942dea9e4ba39ad4f2ff2', '2026-12-31 00:00:00', NULL, 0, '2026-02-25 09:45:00'),
(76, 76, '010-1076-1532', 'pvt_abe9a25cdcee44999848c3603e7cf71a', '2026-12-31 00:00:00', NULL, 0, '2026-02-25 09:46:00'),
(77, 77, '010-1077-1539', 'pvt_97564a85362a479ba46b46b135eb04b2', '2026-12-31 00:00:00', NULL, 0, '2026-02-25 09:47:00'),
(78, 78, '010-1078-1546', 'pvt_b17f74a6879c49ecace327a3ccf3f3a9', '2026-12-31 00:00:00', NULL, 0, '2026-02-25 09:48:00'),
(79, 79, '010-1079-1553', 'pvt_bb68b04bbc3d4c8aa145abdfc2d4fec4', '2026-12-31 00:00:00', NULL, 0, '2026-02-25 09:49:00'),
(80, 80, '010-1080-1560', 'pvt_eeccb002fc6e47129129bccd3ae01781', '2026-12-31 00:00:00', NULL, 0, '2026-02-25 09:50:00'),
(81, 81, '010-1081-1567', 'pvt_4526f69b84c14a239a28bd8d420d9048', '2026-12-31 00:00:00', NULL, 0, '2026-02-25 09:51:00'),
(82, 82, '010-1082-1574', 'pvt_bf3784d1d5094f92b67f92e091d4bcd5', '2026-12-31 00:00:00', NULL, 0, '2026-02-25 09:52:00'),
(83, 83, '010-1083-1581', 'pvt_1f1a3fa7dd9e4c8e990080288f0b0fe7', '2026-12-31 00:00:00', NULL, 0, '2026-02-25 09:53:00'),
(84, 84, '010-1084-1588', 'pvt_84fd11f638944534bae1110cbce4d14b', '2026-12-31 00:00:00', NULL, 0, '2026-02-25 09:54:00'),
(85, 85, '010-1085-1595', 'pvt_3fe92e12a8dd4007aef12bc0d288eb0e', '2026-12-31 00:00:00', NULL, 0, '2026-02-25 09:55:00'),
(86, 86, '010-1086-1602', 'pvt_abb9db29fce4479d98d769cd478db465', '2026-12-31 00:00:00', NULL, 0, '2026-02-25 09:56:00'),
(87, 87, '010-1087-1609', 'pvt_e8973c9393d741b19eb1ec3538fa39dd', '2026-12-31 00:00:00', NULL, 0, '2026-02-25 09:57:00'),
(88, 88, '010-1088-1616', 'pvt_ee9ccc7d79434daeb798e439ce7aba50', '2026-12-31 00:00:00', NULL, 0, '2026-02-25 09:58:00'),
(89, 89, '010-1089-1623', 'pvt_12c2b0941bad4f7dbda574022645fe4b', '2026-12-31 00:00:00', NULL, 0, '2026-02-25 09:59:00'),
(90, 90, '010-1090-1630', 'pvt_61f58ad6d93f4209a5c0def22d5c6fe7', '2026-12-31 00:00:00', NULL, 0, '2026-02-25 10:00:00'),
(91, 91, '010-1091-1637', 'pvt_fc946f5bc0f04118b69e6779a0349016', '2026-12-31 00:00:00', NULL, 0, '2026-02-25 10:01:00'),
(92, 92, '010-1092-1644', 'pvt_cb219205b6d8443b980f505aaa4ed3f4', '2026-12-31 00:00:00', NULL, 0, '2026-02-25 10:02:00'),
(93, 93, '010-1093-1651', 'pvt_c9b02dea412e4b329417c36fbcf2958e', '2026-12-31 00:00:00', NULL, 0, '2026-02-25 10:03:00'),
(94, 94, '010-1094-1658', 'pvt_977a2fe3e6ce462686f8583f174612a6', '2026-12-31 00:00:00', NULL, 0, '2026-02-25 10:04:00'),
(95, 95, '010-1095-1665', 'pvt_f85e6d91b5214a0b9fa138b71bc4746b', '2026-12-31 00:00:00', NULL, 0, '2026-02-25 10:05:00'),
(96, 96, '010-1096-1672', 'pvt_6634b85b2edb4ecb96ddc96f4d9e6b49', '2026-12-31 00:00:00', NULL, 0, '2026-02-25 10:06:00'),
(97, 97, '010-1097-1679', 'pvt_d240bfd5c42f40eab4689d62a33bd138', '2026-12-31 00:00:00', NULL, 0, '2026-02-25 10:07:00'),
(98, 98, '010-1098-1686', 'pvt_b5cee1d1481a4ad9a621f7e77b6a4d86', '2026-12-31 00:00:00', NULL, 0, '2026-02-25 10:08:00'),
(99, 99, '010-1099-1693', 'pvt_bedd1f60794d408d824a950cde05a0e7', '2026-12-31 00:00:00', NULL, 0, '2026-02-25 10:09:00'),
(100, 100, '010-1100-1700', 'pvt_71d7a0763cae4a9dbbf8373054eaf086', '2026-12-31 00:00:00', NULL, 0, '2026-02-25 10:10:00');

-- signup_sessions
INSERT INTO signup_sessions (signup_session_id, signup_key, signup_type, social_provider, social_provider_uid, email, password_hash, nickname, phone, otp_status, otp_verified_at, otp_last_sent_at, otp_code_hash, otp_expires_at, otp_fail_count, otp_blocked_until, email_status, email_verified_at, email_code_hash, email_expires_at, email_last_sent_at, email_fail_count, expires_at, created_at, updated_at) VALUES
(1, 'e2ef12f3-a3f6-4ed2-a1e5-1ad7897b3bb1', 'EMAIL', NULL, NULL, 'admin@pupoo.com', '$2a$10$abcdefghijklmnopqrstuv', '예비회원001', '010-901-1001', 'PENDING', NULL, '2026-02-25 09:01:00', 'otp_9011b1c98ab646b8bc60ba571cf583c8', '2026-02-25 09:11:00', 0, NULL, 'PENDING', NULL, 'email_9725764dc49e4290b0cd7fd5abb9c0fb', '2026-02-25 09:21:00', '2026-02-25 09:02:00', 0, '2026-03-31 00:00:00', '2026-02-25 09:01:00', '2026-02-25 09:01:00'),
(2, '5759f4e1-38e4-409a-9dc8-7816701ecbc9', 'SOCIAL', 'KAKAO', 'google_0002_47ed00f716', NULL, NULL, '예비회원002', '010-902-1002', 'PENDING', NULL, '2026-02-25 09:02:00', 'otp_b7ea8eb03c9f4d1ebef6358eb53ece88', '2026-02-25 09:12:00', 0, NULL, 'PENDING', NULL, 'email_de732be4cc134598b82cd44b27121374', '2026-02-25 09:22:00', '2026-02-25 09:03:00', 0, '2026-03-31 00:00:00', '2026-02-25 09:02:00', '2026-02-25 09:02:00'),
(3, 'ec4ae007-4579-49ef-ba16-ff9a34c31adc', 'EMAIL', NULL, NULL, 'user0003@example.com', '$2a$10$abcdefghijklmnopqrstuv', '예비회원003', '010-903-1003', 'VERIFIED', '2026-02-25 09:03:00', '2026-02-25 09:03:00', 'otp_b3eda083a4dd4d4f97a75e151e853efc', '2026-02-25 09:13:00', 0, NULL, 'PENDING', NULL, 'email_502bd81f13174646975b8b3b77149f6a', '2026-02-25 09:23:00', '2026-02-25 09:04:00', 0, '2026-03-31 00:00:00', '2026-02-25 09:03:00', '2026-02-25 09:03:00'),
(4, '4c2ea8b1-2dbc-45a8-9487-697267963c02', 'SOCIAL', 'KAKAO', 'kakao_0004_c8969ca248', NULL, NULL, '예비회원004', '010-904-1004', 'PENDING', NULL, '2026-02-25 09:04:00', 'otp_e8ab697c64844bfab8607b4d8c0eb675', '2026-02-25 09:14:00', 0, NULL, 'VERIFIED', '2026-02-25 09:09:00', 'email_236d7ef4343e4f288eb4581135a400ea', '2026-02-25 09:24:00', '2026-02-25 09:05:00', 0, '2026-03-31 00:00:00', '2026-02-25 09:04:00', '2026-02-25 09:04:00'),
(5, '847e88fa-e1ad-4aa5-b845-566f04262d49', 'EMAIL', NULL, NULL, 'user0005@example.com', '$2a$10$abcdefghijklmnopqrstuv', '예비회원005', '010-905-1005', 'PENDING', NULL, '2026-02-25 09:05:00', 'otp_d30713bd507d46c789c3f48df093641d', '2026-02-25 09:15:00', 0, NULL, 'PENDING', NULL, 'email_e73becc846914be988468197c371fbaf', '2026-02-25 09:25:00', '2026-02-25 09:06:00', 0, '2026-03-31 00:00:00', '2026-02-25 09:05:00', '2026-02-25 09:05:00'),
(6, '53b19b9f-4c7d-4dfd-933c-d1f0eb8be898', 'SOCIAL', 'KAKAO', 'google_0006_4af12027bf', NULL, NULL, '예비회원006', '010-906-1006', 'VERIFIED', '2026-02-25 09:06:00', '2026-02-25 09:06:00', 'otp_d2f2dbd7f4f741149a5650e8c25ecc4f', '2026-02-25 09:16:00', 0, NULL, 'PENDING', NULL, 'email_9d9dc5912387424496264a6e4bedd26e', '2026-02-25 09:26:00', '2026-02-25 09:07:00', 0, '2026-03-31 00:00:00', '2026-02-25 09:06:00', '2026-02-25 09:06:00'),
(7, 'd48aeff6-c00c-47b4-b5df-1c5a78579d5b', 'EMAIL', NULL, NULL, 'user0007@example.com', '$2a$10$abcdefghijklmnopqrstuv', '예비회원007', '010-907-1007', 'PENDING', NULL, '2026-02-25 09:07:00', 'otp_ea66f5aea8fa4b359e19b36093f243a6', '2026-02-25 09:17:00', 0, NULL, 'PENDING', NULL, 'email_92d08fca2c6144628e7a637c87eb7089', '2026-02-25 09:27:00', '2026-02-25 09:08:00', 0, '2026-03-31 00:00:00', '2026-02-25 09:07:00', '2026-02-25 09:07:00'),
(8, '06c17cac-171c-4049-8e94-08098b616c4d', 'SOCIAL', 'KAKAO', 'kakao_0008_8e08a72f9c', NULL, NULL, '예비회원008', '010-908-1008', 'PENDING', NULL, '2026-02-25 09:08:00', 'otp_ebf51d595b124d78bf01e6ee1f9aef3c', '2026-02-25 09:18:00', 0, NULL, 'VERIFIED', '2026-02-25 09:13:00', 'email_6f9b12c99b1f40cba040c6aff10327df', '2026-02-25 09:28:00', '2026-02-25 09:09:00', 0, '2026-03-31 00:00:00', '2026-02-25 09:08:00', '2026-02-25 09:08:00'),
(9, '44c419c2-442c-40dd-93b1-3a7922ebc55c', 'EMAIL', NULL, NULL, 'user0009@example.com', '$2a$10$abcdefghijklmnopqrstuv', '예비회원009', '010-909-1009', 'VERIFIED', '2026-02-25 09:09:00', '2026-02-25 09:09:00', 'otp_d2b248ae11784fdcb8ae893e4f073747', '2026-02-25 09:19:00', 0, NULL, 'PENDING', NULL, 'email_1e23a97d82b3440096e0e4903ab258dd', '2026-02-25 09:29:00', '2026-02-25 09:10:00', 0, '2026-03-31 00:00:00', '2026-02-25 09:09:00', '2026-02-25 09:09:00'),
(10, 'd886c2b3-360e-4871-86c9-a469b3f89688', 'SOCIAL', 'KAKAO', 'google_0010_b3b6ca40ab', NULL, NULL, '예비회원010', '010-910-1010', 'PENDING', NULL, '2026-02-25 09:10:00', 'otp_71ff4a30b4784f69b626845bf74e794e', '2026-02-25 09:20:00', 0, NULL, 'PENDING', NULL, 'email_643afa76a90d4feab52c7201a23c9a45', '2026-02-25 09:30:00', '2026-02-25 09:11:00', 0, '2026-03-31 00:00:00', '2026-02-25 09:10:00', '2026-02-25 09:10:00'),
(11, '035875ad-4847-4079-904c-f9a5089d54f8', 'EMAIL', NULL, NULL, 'user0011@example.com', '$2a$10$abcdefghijklmnopqrstuv', '예비회원011', '010-911-1011', 'PENDING', NULL, '2026-02-25 09:11:00', 'otp_0e8f48b9f6be4faabba57a4e1c50ab9b', '2026-02-25 09:21:00', 0, NULL, 'PENDING', NULL, 'email_ba2a277b823e43f1923f7fb23ed611c4', '2026-02-25 09:31:00', '2026-02-25 09:12:00', 0, '2026-03-31 00:00:00', '2026-02-25 09:11:00', '2026-02-25 09:11:00'),
(12, '56bed573-c6fe-4778-b0d6-3ae1350cded3', 'SOCIAL', 'KAKAO', 'kakao_0012_db5b6cabda', NULL, NULL, '예비회원012', '010-912-1012', 'VERIFIED', '2026-02-25 09:12:00', '2026-02-25 09:12:00', 'otp_2045b2d1568140908ff78174caa3b36d', '2026-02-25 09:22:00', 0, NULL, 'VERIFIED', '2026-02-25 09:17:00', 'email_a46f5321469e45b3bcde3f5a52d0838c', '2026-02-25 09:32:00', '2026-02-25 09:13:00', 0, '2026-03-31 00:00:00', '2026-02-25 09:12:00', '2026-02-25 09:12:00'),
(13, '2fc25beb-d32d-406c-bb86-2b3c294de5cf', 'EMAIL', NULL, NULL, 'user0013@example.com', '$2a$10$abcdefghijklmnopqrstuv', '예비회원013', '010-913-1013', 'PENDING', NULL, '2026-02-25 09:13:00', 'otp_321b15afdbe64202a06878cbd96830aa', '2026-02-25 09:23:00', 0, NULL, 'PENDING', NULL, 'email_2488d6017acd4cb097205c3405942229', '2026-02-25 09:33:00', '2026-02-25 09:14:00', 0, '2026-03-31 00:00:00', '2026-02-25 09:13:00', '2026-02-25 09:13:00'),
(14, '3acb3614-5145-4c35-b301-568dbebe04cc', 'SOCIAL', 'KAKAO', 'google_0014_61e45facc3', NULL, NULL, '예비회원014', '010-914-1014', 'PENDING', NULL, '2026-02-25 09:14:00', 'otp_50731db8899747afab788e7b3c479a3c', '2026-02-25 09:24:00', 0, NULL, 'PENDING', NULL, 'email_857ff551fb09445692e45770271256e5', '2026-02-25 09:34:00', '2026-02-25 09:15:00', 0, '2026-03-31 00:00:00', '2026-02-25 09:14:00', '2026-02-25 09:14:00'),
(15, '518e22e8-fe52-423d-929e-86b5f254252d', 'EMAIL', NULL, NULL, 'user0015@example.com', '$2a$10$abcdefghijklmnopqrstuv', '예비회원015', '010-915-1015', 'VERIFIED', '2026-02-25 09:15:00', '2026-02-25 09:15:00', 'otp_6c6f31ff236d4540852abe79c61b63d2', '2026-02-25 09:25:00', 0, NULL, 'PENDING', NULL, 'email_f6129cf27e6e47dca561b79c9efc2463', '2026-02-25 09:35:00', '2026-02-25 09:16:00', 0, '2026-03-31 00:00:00', '2026-02-25 09:15:00', '2026-02-25 09:15:00'),
(16, '39eaf592-2709-4d09-a6a8-8fa9efe4d6e4', 'SOCIAL', 'KAKAO', 'kakao_0016_db54d8953e', NULL, NULL, '예비회원016', '010-916-1016', 'PENDING', NULL, '2026-02-25 09:16:00', 'otp_f34f98f1d5124de5b8d359b1423b7958', '2026-02-25 09:26:00', 0, NULL, 'VERIFIED', '2026-02-25 09:21:00', 'email_8cf29eebb8754d14928b11fc9117b0f1', '2026-02-25 09:36:00', '2026-02-25 09:17:00', 0, '2026-03-31 00:00:00', '2026-02-25 09:16:00', '2026-02-25 09:16:00'),
(17, 'b598f955-d629-4b8d-b454-bb6d400eaa60', 'EMAIL', NULL, NULL, 'user0017@example.com', '$2a$10$abcdefghijklmnopqrstuv', '예비회원017', '010-917-1017', 'PENDING', NULL, '2026-02-25 09:17:00', 'otp_61c0a735233c4b73b0166902c31072c0', '2026-02-25 09:27:00', 0, NULL, 'PENDING', NULL, 'email_fc593f7da2f74a67946f0ce4afae6665', '2026-02-25 09:37:00', '2026-02-25 09:18:00', 0, '2026-03-31 00:00:00', '2026-02-25 09:17:00', '2026-02-25 09:17:00'),
(18, 'b4ac1e19-0f07-4a20-bd07-d7108bea3ab4', 'SOCIAL', 'KAKAO', 'google_0018_a61c57405d', NULL, NULL, '예비회원018', '010-918-1018', 'VERIFIED', '2026-02-25 09:18:00', '2026-02-25 09:18:00', 'otp_bfca0e3f248c47f6b1a3e4bdc5c69887', '2026-02-25 09:28:00', 0, NULL, 'PENDING', NULL, 'email_6e38bedf2b1a4c5e8adf698c3233274a', '2026-02-25 09:38:00', '2026-02-25 09:19:00', 0, '2026-03-31 00:00:00', '2026-02-25 09:18:00', '2026-02-25 09:18:00'),
(19, '9bbd3bc4-a7db-4080-be58-8d7dd247691d', 'EMAIL', NULL, NULL, 'user0019@example.com', '$2a$10$abcdefghijklmnopqrstuv', '예비회원019', '010-919-1019', 'PENDING', NULL, '2026-02-25 09:19:00', 'otp_8e2ac53c789d46569b951bd9a8f0ba06', '2026-02-25 09:29:00', 0, NULL, 'PENDING', NULL, 'email_a3ae2f7aa7fa40e188becd358ecf0951', '2026-02-25 09:39:00', '2026-02-25 09:20:00', 0, '2026-03-31 00:00:00', '2026-02-25 09:19:00', '2026-02-25 09:19:00'),
(20, '50a4fb70-b8b6-4fef-bd40-f10d44a38d61', 'SOCIAL', 'KAKAO', 'kakao_0020_1732e1340b', NULL, NULL, '예비회원020', '010-920-1020', 'PENDING', NULL, '2026-02-25 09:20:00', 'otp_83f953a900914ae092a61ecb81d26ea1', '2026-02-25 09:30:00', 0, NULL, 'VERIFIED', '2026-02-25 09:25:00', 'email_10b7f17e0c9345409586c496a305ce2a', '2026-02-25 09:40:00', '2026-02-25 09:21:00', 0, '2026-03-31 00:00:00', '2026-02-25 09:20:00', '2026-02-25 09:20:00'),
(21, '5c52b673-da0d-41e1-81cf-16b4c0b349aa', 'EMAIL', NULL, NULL, 'user0021@example.com', '$2a$10$abcdefghijklmnopqrstuv', '예비회원021', '010-921-1021', 'VERIFIED', '2026-02-25 09:21:00', '2026-02-25 09:21:00', 'otp_a4321d1da7444910810ecf6a333a2edb', '2026-02-25 09:31:00', 0, NULL, 'PENDING', NULL, 'email_83e8817433074644a7fb778459b59949', '2026-02-25 09:41:00', '2026-02-25 09:22:00', 0, '2026-03-31 00:00:00', '2026-02-25 09:21:00', '2026-02-25 09:21:00'),
(22, '73f1f237-75fb-49d0-8dda-18e7ba00f607', 'SOCIAL', 'KAKAO', 'google_0022_1cbc8737ac', NULL, NULL, '예비회원022', '010-922-1022', 'PENDING', NULL, '2026-02-25 09:22:00', 'otp_e1b22838b10a4254beb931ee0dadb7ff', '2026-02-25 09:32:00', 0, NULL, 'PENDING', NULL, 'email_e5c0125a9b634c2e927816d7a94115ca', '2026-02-25 09:42:00', '2026-02-25 09:23:00', 0, '2026-03-31 00:00:00', '2026-02-25 09:22:00', '2026-02-25 09:22:00'),
(23, '68e9fb53-0131-4c2d-af84-f74e1f9779b2', 'EMAIL', NULL, NULL, 'user0023@example.com', '$2a$10$abcdefghijklmnopqrstuv', '예비회원023', '010-923-1023', 'PENDING', NULL, '2026-02-25 09:23:00', 'otp_4e5d0d5f1b8340fa86da752410d46765', '2026-02-25 09:33:00', 0, NULL, 'PENDING', NULL, 'email_59417bbf6bae46089c4f60fd5aa2ae2a', '2026-02-25 09:43:00', '2026-02-25 09:24:00', 0, '2026-03-31 00:00:00', '2026-02-25 09:23:00', '2026-02-25 09:23:00'),
(24, 'ae610734-f9fe-43a2-9fc8-21981d03cf11', 'SOCIAL', 'KAKAO', 'kakao_0024_b8fa3e3a83', NULL, NULL, '예비회원024', '010-924-1024', 'VERIFIED', '2026-02-25 09:24:00', '2026-02-25 09:24:00', 'otp_a00a565a1b344b99ba90014a0c25b89e', '2026-02-25 09:34:00', 0, NULL, 'VERIFIED', '2026-02-25 09:29:00', 'email_764e833fc29a4b70a954d4d56b40a5b9', '2026-02-25 09:44:00', '2026-02-25 09:25:00', 0, '2026-03-31 00:00:00', '2026-02-25 09:24:00', '2026-02-25 09:24:00'),
(25, '0c266be3-fc35-466f-aaef-87d4ae68997c', 'EMAIL', NULL, NULL, 'user0025@example.com', '$2a$10$abcdefghijklmnopqrstuv', '예비회원025', '010-925-1025', 'PENDING', NULL, '2026-02-25 09:25:00', 'otp_f54e94d7036b4e51ac094a0c990433ce', '2026-02-25 09:35:00', 0, NULL, 'PENDING', NULL, 'email_d63f986a32624511b6bde636b248d8fd', '2026-02-25 09:45:00', '2026-02-25 09:26:00', 0, '2026-03-31 00:00:00', '2026-02-25 09:25:00', '2026-02-25 09:25:00'),
(26, '7eaefce1-2c42-4baf-94e8-da72016be6bc', 'SOCIAL', 'KAKAO', 'google_0026_3bbfc72f33', NULL, NULL, '예비회원026', '010-926-1026', 'PENDING', NULL, '2026-02-25 09:26:00', 'otp_929b91d98aae4d229009a4aab40b1e68', '2026-02-25 09:36:00', 0, NULL, 'PENDING', NULL, 'email_c8b240347f1f472caa561353e7595647', '2026-02-25 09:46:00', '2026-02-25 09:27:00', 0, '2026-03-31 00:00:00', '2026-02-25 09:26:00', '2026-02-25 09:26:00'),
(27, '52779cef-8445-4e85-9f88-2db04f79707b', 'EMAIL', NULL, NULL, 'user0027@example.com', '$2a$10$abcdefghijklmnopqrstuv', '예비회원027', '010-927-1027', 'VERIFIED', '2026-02-25 09:27:00', '2026-02-25 09:27:00', 'otp_cd2248db67ab45b8b84f87d748dc2db6', '2026-02-25 09:37:00', 0, NULL, 'PENDING', NULL, 'email_d1e502e51a354f0d9440ba7ee6e6f94b', '2026-02-25 09:47:00', '2026-02-25 09:28:00', 0, '2026-03-31 00:00:00', '2026-02-25 09:27:00', '2026-02-25 09:27:00'),
(28, '7c1b8b1c-515b-4fae-8c4b-3b6ed226eef6', 'SOCIAL', 'KAKAO', 'kakao_0028_fc2d963a83', NULL, NULL, '예비회원028', '010-928-1028', 'PENDING', NULL, '2026-02-25 09:28:00', 'otp_9c7facd35e2e4bb3b2cc2f7a4427b73b', '2026-02-25 09:38:00', 0, NULL, 'VERIFIED', '2026-02-25 09:33:00', 'email_8dc4451ac3fb48708e89e3836293e61d', '2026-02-25 09:48:00', '2026-02-25 09:29:00', 0, '2026-03-31 00:00:00', '2026-02-25 09:28:00', '2026-02-25 09:28:00'),
(29, '915c004c-0fd8-42ef-81a0-60d5048f7163', 'EMAIL', NULL, NULL, 'user0029@example.com', '$2a$10$abcdefghijklmnopqrstuv', '예비회원029', '010-929-1029', 'PENDING', NULL, '2026-02-25 09:29:00', 'otp_3e25c16e271a4a77928782a47779232c', '2026-02-25 09:39:00', 0, NULL, 'PENDING', NULL, 'email_61967c1d936b433e85e5f04bc1a6c093', '2026-02-25 09:49:00', '2026-02-25 09:30:00', 0, '2026-03-31 00:00:00', '2026-02-25 09:29:00', '2026-02-25 09:29:00'),
(30, '35f0e948-aa97-4bc2-95e5-eb298691f1f0', 'SOCIAL', 'KAKAO', 'google_0030_4da3791502', NULL, NULL, '예비회원030', '010-930-1030', 'VERIFIED', '2026-02-25 09:30:00', '2026-02-25 09:30:00', 'otp_35cd1ed2a01b4f43a9d15409446ae346', '2026-02-25 09:40:00', 0, NULL, 'PENDING', NULL, 'email_617008798f194d9b95d3d6626ce26fb2', '2026-02-25 09:50:00', '2026-02-25 09:31:00', 0, '2026-03-31 00:00:00', '2026-02-25 09:30:00', '2026-02-25 09:30:00'),
(31, '5c67063b-33e3-4370-b8c4-919270ab9e05', 'EMAIL', NULL, NULL, 'user0031@example.com', '$2a$10$abcdefghijklmnopqrstuv', '예비회원031', '010-931-1031', 'PENDING', NULL, '2026-02-25 09:31:00', 'otp_a2c21db5ebbd499dab9338edff7e04b5', '2026-02-25 09:41:00', 0, NULL, 'PENDING', NULL, 'email_096e1fd2105a4063bdaf35097f3e9e18', '2026-02-25 09:51:00', '2026-02-25 09:32:00', 0, '2026-03-31 00:00:00', '2026-02-25 09:31:00', '2026-02-25 09:31:00'),
(32, '9c1e9e26-012b-45c3-9488-922fb0601836', 'SOCIAL', 'KAKAO', 'kakao_0032_3bad76132f', NULL, NULL, '예비회원032', '010-932-1032', 'PENDING', NULL, '2026-02-25 09:32:00', 'otp_cf8c21ebff3740c6bc94addc378b1d98', '2026-02-25 09:42:00', 0, NULL, 'VERIFIED', '2026-02-25 09:37:00', 'email_a894ed9681e944a2adc3ffcbb9a7ed4d', '2026-02-25 09:52:00', '2026-02-25 09:33:00', 0, '2026-03-31 00:00:00', '2026-02-25 09:32:00', '2026-02-25 09:32:00'),
(33, '725b5d96-2a57-4fa5-94ae-180417492b04', 'EMAIL', NULL, NULL, 'user0033@example.com', '$2a$10$abcdefghijklmnopqrstuv', '예비회원033', '010-933-1033', 'VERIFIED', '2026-02-25 09:33:00', '2026-02-25 09:33:00', 'otp_b6e2916bbc59402e8f148c81a20d56e8', '2026-02-25 09:43:00', 0, NULL, 'PENDING', NULL, 'email_1ea4f2cc970e4c86a49dc7dec7733862', '2026-02-25 09:53:00', '2026-02-25 09:34:00', 0, '2026-03-31 00:00:00', '2026-02-25 09:33:00', '2026-02-25 09:33:00'),
(34, 'aece8c1c-ec85-4851-93a3-53ee7b407965', 'SOCIAL', 'KAKAO', 'google_0034_8587f44438', NULL, NULL, '예비회원034', '010-934-1034', 'PENDING', NULL, '2026-02-25 09:34:00', 'otp_fe0c836e946146e4ba1a45aa5a91e3b7', '2026-02-25 09:44:00', 0, NULL, 'PENDING', NULL, 'email_98ff2824f8b24bf989301e52b95e80ff', '2026-02-25 09:54:00', '2026-02-25 09:35:00', 0, '2026-03-31 00:00:00', '2026-02-25 09:34:00', '2026-02-25 09:34:00'),
(35, '5fdd4e6d-618c-462c-85a4-f7b57c8b40f7', 'EMAIL', NULL, NULL, 'user0035@example.com', '$2a$10$abcdefghijklmnopqrstuv', '예비회원035', '010-935-1035', 'PENDING', NULL, '2026-02-25 09:35:00', 'otp_35413c0f68d3480bac00233b3846feba', '2026-02-25 09:45:00', 0, NULL, 'PENDING', NULL, 'email_d2be9c5589254409876739bd86a6aeb3', '2026-02-25 09:55:00', '2026-02-25 09:36:00', 0, '2026-03-31 00:00:00', '2026-02-25 09:35:00', '2026-02-25 09:35:00'),
(36, 'd2458a8a-4648-4b30-8274-dcea9ec08210', 'SOCIAL', 'KAKAO', 'kakao_0036_f761d91f80', NULL, NULL, '예비회원036', '010-936-1036', 'VERIFIED', '2026-02-25 09:36:00', '2026-02-25 09:36:00', 'otp_460ec9a5607940f3a7c0cbbc778d97f4', '2026-02-25 09:46:00', 0, NULL, 'VERIFIED', '2026-02-25 09:41:00', 'email_d222f91d338b43b989ef397ca17d293d', '2026-02-25 09:56:00', '2026-02-25 09:37:00', 0, '2026-03-31 00:00:00', '2026-02-25 09:36:00', '2026-02-25 09:36:00'),
(37, '4b7e0348-9bfd-45bb-b334-b8eb9014bbe2', 'EMAIL', NULL, NULL, 'user0037@example.com', '$2a$10$abcdefghijklmnopqrstuv', '예비회원037', '010-937-1037', 'PENDING', NULL, '2026-02-25 09:37:00', 'otp_cb82096184904a158e1860fe8e87c04f', '2026-02-25 09:47:00', 0, NULL, 'PENDING', NULL, 'email_23a8838ba21745b097b0475d1c3b21df', '2026-02-25 09:57:00', '2026-02-25 09:38:00', 0, '2026-03-31 00:00:00', '2026-02-25 09:37:00', '2026-02-25 09:37:00'),
(38, '278167b8-83bd-4d35-8857-63a5b7d30075', 'SOCIAL', 'KAKAO', 'google_0038_55e33a1490', NULL, NULL, '예비회원038', '010-938-1038', 'PENDING', NULL, '2026-02-25 09:38:00', 'otp_3a8c5950432048dba98f66de3e5142e2', '2026-02-25 09:48:00', 0, NULL, 'PENDING', NULL, 'email_b5d3a24e52e445f195ab4e22924a2461', '2026-02-25 09:58:00', '2026-02-25 09:39:00', 0, '2026-03-31 00:00:00', '2026-02-25 09:38:00', '2026-02-25 09:38:00'),
(39, '568ea299-1229-43d9-a0d0-8c60101f6cca', 'EMAIL', NULL, NULL, 'user0039@example.com', '$2a$10$abcdefghijklmnopqrstuv', '예비회원039', '010-939-1039', 'VERIFIED', '2026-02-25 09:39:00', '2026-02-25 09:39:00', 'otp_9ad7bc0844a840338f5748f72ac1ad1c', '2026-02-25 09:49:00', 0, NULL, 'PENDING', NULL, 'email_5d1ddf8d2c3245148bbe21ba99ab9693', '2026-02-25 09:59:00', '2026-02-25 09:40:00', 0, '2026-03-31 00:00:00', '2026-02-25 09:39:00', '2026-02-25 09:39:00'),
(40, 'c7c05f24-df70-401e-a26b-c2470db2180a', 'SOCIAL', 'KAKAO', 'kakao_0040_c106f6e359', NULL, NULL, '예비회원040', '010-940-1040', 'PENDING', NULL, '2026-02-25 09:40:00', 'otp_ee9afc82418044cbae0219a69f5846fa', '2026-02-25 09:50:00', 0, NULL, 'VERIFIED', '2026-02-25 09:45:00', 'email_c4685156e8d54d1692c1e579ce0ca1ee', '2026-02-25 10:00:00', '2026-02-25 09:41:00', 0, '2026-03-31 00:00:00', '2026-02-25 09:40:00', '2026-02-25 09:40:00'),
(41, '30d3907a-0ac0-4bda-a8c6-d6f361273a83', 'EMAIL', NULL, NULL, 'user0041@example.com', '$2a$10$abcdefghijklmnopqrstuv', '예비회원041', '010-941-1041', 'PENDING', NULL, '2026-02-25 09:41:00', 'otp_a126db6b3b1448dc9a82400031e3bf66', '2026-02-25 09:51:00', 0, NULL, 'PENDING', NULL, 'email_47bd2d397f5547e1acb6ffcb792b616a', '2026-02-25 10:01:00', '2026-02-25 09:42:00', 0, '2026-03-31 00:00:00', '2026-02-25 09:41:00', '2026-02-25 09:41:00'),
(42, 'cd9e8bed-fbc4-4d13-8111-4dfd39b5e492', 'SOCIAL', 'KAKAO', 'google_0042_37fa64e5a1', NULL, NULL, '예비회원042', '010-942-1042', 'VERIFIED', '2026-02-25 09:42:00', '2026-02-25 09:42:00', 'otp_3645eb790dbf43b2a6e9d8f627b9cddb', '2026-02-25 09:52:00', 0, NULL, 'PENDING', NULL, 'email_d77452b6ce3c46a48d0714f14633aaf5', '2026-02-25 10:02:00', '2026-02-25 09:43:00', 0, '2026-03-31 00:00:00', '2026-02-25 09:42:00', '2026-02-25 09:42:00'),
(43, '699222ed-312c-4ecc-b4ff-d4fee3461dac', 'EMAIL', NULL, NULL, 'user0043@example.com', '$2a$10$abcdefghijklmnopqrstuv', '예비회원043', '010-943-1043', 'PENDING', NULL, '2026-02-25 09:43:00', 'otp_6401540378ff4538b72e969cbb044ca8', '2026-02-25 09:53:00', 0, NULL, 'PENDING', NULL, 'email_bbecbc9d144f4359ac2ad64456ad059b', '2026-02-25 10:03:00', '2026-02-25 09:44:00', 0, '2026-03-31 00:00:00', '2026-02-25 09:43:00', '2026-02-25 09:43:00'),
(44, '089983d5-843d-4abf-a73d-9ef428ace5ca', 'SOCIAL', 'KAKAO', 'kakao_0044_d97dda199c', NULL, NULL, '예비회원044', '010-944-1044', 'PENDING', NULL, '2026-02-25 09:44:00', 'otp_9b410cb0cc104ab487d018f81d25ed66', '2026-02-25 09:54:00', 0, NULL, 'VERIFIED', '2026-02-25 09:49:00', 'email_a49098bd32e345aca66f5504c6aa67f0', '2026-02-25 10:04:00', '2026-02-25 09:45:00', 0, '2026-03-31 00:00:00', '2026-02-25 09:44:00', '2026-02-25 09:44:00'),
(45, '9ccbfb7c-b2ce-457f-90c4-f1a9d378b73a', 'EMAIL', NULL, NULL, 'user0045@example.com', '$2a$10$abcdefghijklmnopqrstuv', '예비회원045', '010-945-1045', 'VERIFIED', '2026-02-25 09:45:00', '2026-02-25 09:45:00', 'otp_95e09f53358e4bea920329536f5c9439', '2026-02-25 09:55:00', 0, NULL, 'PENDING', NULL, 'email_e2ff5f51da2f4741b27242479efe6a21', '2026-02-25 10:05:00', '2026-02-25 09:46:00', 0, '2026-03-31 00:00:00', '2026-02-25 09:45:00', '2026-02-25 09:45:00'),
(46, '946728cb-e785-4965-9535-91bab3419f4a', 'SOCIAL', 'KAKAO', 'google_0046_1d7be0d938', NULL, NULL, '예비회원046', '010-946-1046', 'PENDING', NULL, '2026-02-25 09:46:00', 'otp_ff12bea8dbf24399b5848f3f9d4a4835', '2026-02-25 09:56:00', 0, NULL, 'PENDING', NULL, 'email_e0df8a3edfe845ccba51f61a9391612f', '2026-02-25 10:06:00', '2026-02-25 09:47:00', 0, '2026-03-31 00:00:00', '2026-02-25 09:46:00', '2026-02-25 09:46:00'),
(47, '6916a718-dbd3-45d0-a931-175a6764488b', 'EMAIL', NULL, NULL, 'user0047@example.com', '$2a$10$abcdefghijklmnopqrstuv', '예비회원047', '010-947-1047', 'PENDING', NULL, '2026-02-25 09:47:00', 'otp_3c61974f80f74b86b840face8a26d78e', '2026-02-25 09:57:00', 0, NULL, 'PENDING', NULL, 'email_2537bce489514a9a990ca2e088d2b103', '2026-02-25 10:07:00', '2026-02-25 09:48:00', 0, '2026-03-31 00:00:00', '2026-02-25 09:47:00', '2026-02-25 09:47:00'),
(48, 'fa3da7aa-4014-4a50-90c2-43652df51c60', 'SOCIAL', 'KAKAO', 'kakao_0048_bf8f011fd0', NULL, NULL, '예비회원048', '010-948-1048', 'VERIFIED', '2026-02-25 09:48:00', '2026-02-25 09:48:00', 'otp_4843e650b40f49578522148f91a44fae', '2026-02-25 09:58:00', 0, NULL, 'VERIFIED', '2026-02-25 09:53:00', 'email_c6aabf18e8844a68b3ef897542c4626d', '2026-02-25 10:08:00', '2026-02-25 09:49:00', 0, '2026-03-31 00:00:00', '2026-02-25 09:48:00', '2026-02-25 09:48:00'),
(49, '8006775a-c79a-43bd-b035-d70ce0d917d2', 'EMAIL', NULL, NULL, 'user0049@example.com', '$2a$10$abcdefghijklmnopqrstuv', '예비회원049', '010-949-1049', 'PENDING', NULL, '2026-02-25 09:49:00', 'otp_ba7c4c15a0b84bfaaaafa28ab42fa51c', '2026-02-25 09:59:00', 0, NULL, 'PENDING', NULL, 'email_d50cf3b07d284f50bfe80dfb6ce9ac4b', '2026-02-25 10:09:00', '2026-02-25 09:50:00', 0, '2026-03-31 00:00:00', '2026-02-25 09:49:00', '2026-02-25 09:49:00'),
(50, '849347b3-9dc1-49b1-8d79-9c3764810f9d', 'SOCIAL', 'KAKAO', 'google_0050_09963b9361', NULL, NULL, '예비회원050', '010-950-1050', 'PENDING', NULL, '2026-02-25 09:50:00', 'otp_db4316ee0abe47aa9f4983bea69be6fe', '2026-02-25 10:00:00', 0, NULL, 'PENDING', NULL, 'email_268039d782ae438f969c94fcfc11ecb8', '2026-02-25 10:10:00', '2026-02-25 09:51:00', 0, '2026-03-31 00:00:00', '2026-02-25 09:50:00', '2026-02-25 09:50:00'),
(51, 'b37be2c7-c586-442f-8fe3-39b2ed37f8de', 'EMAIL', NULL, NULL, 'user0051@example.com', '$2a$10$abcdefghijklmnopqrstuv', '예비회원051', '010-951-1051', 'VERIFIED', '2026-02-25 09:51:00', '2026-02-25 09:51:00', 'otp_3b2f5149cd52409ca0d9bdbb24e03be9', '2026-02-25 10:01:00', 0, NULL, 'PENDING', NULL, 'email_0ce7a8d3bb5547229beec7ab87f61680', '2026-02-25 10:11:00', '2026-02-25 09:52:00', 0, '2026-03-31 00:00:00', '2026-02-25 09:51:00', '2026-02-25 09:51:00'),
(52, '6bcc4f32-5905-4a7d-a612-f402b50cd176', 'SOCIAL', 'KAKAO', 'kakao_0052_abe7aef107', NULL, NULL, '예비회원052', '010-952-1052', 'PENDING', NULL, '2026-02-25 09:52:00', 'otp_4236271fca564e91825e5c6d01b4cd16', '2026-02-25 10:02:00', 0, NULL, 'VERIFIED', '2026-02-25 09:57:00', 'email_e5e9b6b23ad1433fbebeaf35b1ae6662', '2026-02-25 10:12:00', '2026-02-25 09:53:00', 0, '2026-03-31 00:00:00', '2026-02-25 09:52:00', '2026-02-25 09:52:00'),
(53, 'b04a8a82-5f4b-469e-9208-8cd86b608bf8', 'EMAIL', NULL, NULL, 'user0053@example.com', '$2a$10$abcdefghijklmnopqrstuv', '예비회원053', '010-953-1053', 'PENDING', NULL, '2026-02-25 09:53:00', 'otp_6cb3c371e4bf43168246be543cea9b00', '2026-02-25 10:03:00', 0, NULL, 'PENDING', NULL, 'email_c7c4f08ba3144bf39c04f076627fa1aa', '2026-02-25 10:13:00', '2026-02-25 09:54:00', 0, '2026-03-31 00:00:00', '2026-02-25 09:53:00', '2026-02-25 09:53:00'),
(54, '25dcd6ad-56f6-49c3-b806-71cdcd9ee74e', 'SOCIAL', 'KAKAO', 'google_0054_3aa6036f47', NULL, NULL, '예비회원054', '010-954-1054', 'VERIFIED', '2026-02-25 09:54:00', '2026-02-25 09:54:00', 'otp_9703c0127d2746738f48bb59159ffa7c', '2026-02-25 10:04:00', 0, NULL, 'PENDING', NULL, 'email_68e15895eada41feab6c2513a7155a4a', '2026-02-25 10:14:00', '2026-02-25 09:55:00', 0, '2026-03-31 00:00:00', '2026-02-25 09:54:00', '2026-02-25 09:54:00'),
(55, '56867cd6-6c9c-407d-acec-ba7c90d0d66e', 'EMAIL', NULL, NULL, 'user0055@example.com', '$2a$10$abcdefghijklmnopqrstuv', '예비회원055', '010-955-1055', 'PENDING', NULL, '2026-02-25 09:55:00', 'otp_69af8f1b22ad4172ba43a7d957f07904', '2026-02-25 10:05:00', 0, NULL, 'PENDING', NULL, 'email_17e79509b35d49c2b7bd370c292a064c', '2026-02-25 10:15:00', '2026-02-25 09:56:00', 0, '2026-03-31 00:00:00', '2026-02-25 09:55:00', '2026-02-25 09:55:00'),
(56, 'edb169ed-7500-440c-8368-be570e400eb1', 'SOCIAL', 'KAKAO', 'kakao_0056_e741bede08', NULL, NULL, '예비회원056', '010-956-1056', 'PENDING', NULL, '2026-02-25 09:56:00', 'otp_e8bfae7643f04c69a89ac676147a073f', '2026-02-25 10:06:00', 0, NULL, 'VERIFIED', '2026-02-25 10:01:00', 'email_194189e1e389431cba10934e15e8c205', '2026-02-25 10:16:00', '2026-02-25 09:57:00', 0, '2026-03-31 00:00:00', '2026-02-25 09:56:00', '2026-02-25 09:56:00'),
(57, '9b0cf884-d551-4555-bb20-9da5b61174e7', 'EMAIL', NULL, NULL, 'user0057@example.com', '$2a$10$abcdefghijklmnopqrstuv', '예비회원057', '010-957-1057', 'VERIFIED', '2026-02-25 09:57:00', '2026-02-25 09:57:00', 'otp_3675b618953344ca8499f8244d161df6', '2026-02-25 10:07:00', 0, NULL, 'PENDING', NULL, 'email_11bb8a0b0fe946d9baf897500343afd3', '2026-02-25 10:17:00', '2026-02-25 09:58:00', 0, '2026-03-31 00:00:00', '2026-02-25 09:57:00', '2026-02-25 09:57:00'),
(58, 'f95af673-d633-4d1e-b788-2342838d4508', 'SOCIAL', 'KAKAO', 'google_0058_46bdf3594a', NULL, NULL, '예비회원058', '010-958-1058', 'PENDING', NULL, '2026-02-25 09:58:00', 'otp_073cdbd281f941e29f9ef82e591014ec', '2026-02-25 10:08:00', 0, NULL, 'PENDING', NULL, 'email_9092b148ba7b4d65beea15414b92f296', '2026-02-25 10:18:00', '2026-02-25 09:59:00', 0, '2026-03-31 00:00:00', '2026-02-25 09:58:00', '2026-02-25 09:58:00'),
(59, 'd14d9f14-31cf-4b78-92b0-0e18263b626c', 'EMAIL', NULL, NULL, 'user0059@example.com', '$2a$10$abcdefghijklmnopqrstuv', '예비회원059', '010-959-1059', 'PENDING', NULL, '2026-02-25 09:59:00', 'otp_360bdc1e17fc43deaa4b67fb01a6b971', '2026-02-25 10:09:00', 0, NULL, 'PENDING', NULL, 'email_03fa6fd4b5374f49ba5107209c34e0a8', '2026-02-25 10:19:00', '2026-02-25 10:00:00', 0, '2026-03-31 00:00:00', '2026-02-25 09:59:00', '2026-02-25 09:59:00'),
(60, 'efb58e8e-5e5f-4251-b96f-9fa45e0cd3dd', 'SOCIAL', 'KAKAO', 'kakao_0060_0f8a3e9d69', NULL, NULL, '예비회원060', '010-960-1060', 'VERIFIED', '2026-02-25 10:00:00', '2026-02-25 10:00:00', 'otp_915c34305f644e19afd87394d86996f7', '2026-02-25 10:10:00', 0, NULL, 'VERIFIED', '2026-02-25 10:05:00', 'email_81d0c38afa724c7ab1b9eca80c0fbf1d', '2026-02-25 10:20:00', '2026-02-25 10:01:00', 0, '2026-03-31 00:00:00', '2026-02-25 10:00:00', '2026-02-25 10:00:00'),
(61, 'a86f3da5-e53a-4bf4-b9cd-b36f48af7f2d', 'EMAIL', NULL, NULL, 'user0061@example.com', '$2a$10$abcdefghijklmnopqrstuv', '예비회원061', '010-961-1061', 'PENDING', NULL, '2026-02-25 10:01:00', 'otp_501fbe375b804d608d7594f7bc45b8ff', '2026-02-25 10:11:00', 0, NULL, 'PENDING', NULL, 'email_be32ffb72b764ad2907a1174eada0b44', '2026-02-25 10:21:00', '2026-02-25 10:02:00', 0, '2026-03-31 00:00:00', '2026-02-25 10:01:00', '2026-02-25 10:01:00'),
(62, '8e46732e-dc6e-4923-806a-58a1788d7a37', 'SOCIAL', 'KAKAO', 'google_0062_3cbada4411', NULL, NULL, '예비회원062', '010-962-1062', 'PENDING', NULL, '2026-02-25 10:02:00', 'otp_e138ab655e484447be15474056f6fee7', '2026-02-25 10:12:00', 0, NULL, 'PENDING', NULL, 'email_6e1b2cfd4ed04ea98a84b9b8c2d588d2', '2026-02-25 10:22:00', '2026-02-25 10:03:00', 0, '2026-03-31 00:00:00', '2026-02-25 10:02:00', '2026-02-25 10:02:00'),
(63, '238d0513-5ce7-4669-be55-dcd20dd6507b', 'EMAIL', NULL, NULL, 'user0063@example.com', '$2a$10$abcdefghijklmnopqrstuv', '예비회원063', '010-963-1063', 'VERIFIED', '2026-02-25 10:03:00', '2026-02-25 10:03:00', 'otp_328c754af5234b878b44eee9bc05f6ba', '2026-02-25 10:13:00', 0, NULL, 'PENDING', NULL, 'email_fc46ccfb14ac427193c1f4f3894f5a30', '2026-02-25 10:23:00', '2026-02-25 10:04:00', 0, '2026-03-31 00:00:00', '2026-02-25 10:03:00', '2026-02-25 10:03:00'),
(64, '3b6496ea-46c4-4ae9-8b1d-65e933a853fa', 'SOCIAL', 'KAKAO', 'kakao_0064_e777096108', NULL, NULL, '예비회원064', '010-964-1064', 'PENDING', NULL, '2026-02-25 10:04:00', 'otp_bc701f4c6b144ab0b6bcfb2fec559795', '2026-02-25 10:14:00', 0, NULL, 'VERIFIED', '2026-02-25 10:09:00', 'email_c27e073d8f4a45d089419ae4b31c4b96', '2026-02-25 10:24:00', '2026-02-25 10:05:00', 0, '2026-03-31 00:00:00', '2026-02-25 10:04:00', '2026-02-25 10:04:00'),
(65, '7e66917f-834e-4e29-aa73-87223b8c6566', 'EMAIL', NULL, NULL, 'user0065@example.com', '$2a$10$abcdefghijklmnopqrstuv', '예비회원065', '010-965-1065', 'PENDING', NULL, '2026-02-25 10:05:00', 'otp_52209b37643d4a5ca3f087a674d87060', '2026-02-25 10:15:00', 0, NULL, 'PENDING', NULL, 'email_ea51985eecf34443b680a0aefc00ae54', '2026-02-25 10:25:00', '2026-02-25 10:06:00', 0, '2026-03-31 00:00:00', '2026-02-25 10:05:00', '2026-02-25 10:05:00'),
(66, '519bd660-457f-44af-94a3-5f807642dc4d', 'SOCIAL', 'KAKAO', 'google_0066_4d484593c5', NULL, NULL, '예비회원066', '010-966-1066', 'VERIFIED', '2026-02-25 10:06:00', '2026-02-25 10:06:00', 'otp_f6b98726594647569210e9fdb81a0592', '2026-02-25 10:16:00', 0, NULL, 'PENDING', NULL, 'email_285d41b7cfdb41b8b474ac42e68ba90b', '2026-02-25 10:26:00', '2026-02-25 10:07:00', 0, '2026-03-31 00:00:00', '2026-02-25 10:06:00', '2026-02-25 10:06:00'),
(67, 'c090aa29-a94d-4521-b02d-aa35677a422e', 'EMAIL', NULL, NULL, 'user0067@example.com', '$2a$10$abcdefghijklmnopqrstuv', '예비회원067', '010-967-1067', 'PENDING', NULL, '2026-02-25 10:07:00', 'otp_aecb252fde85442d8623021b457a6b99', '2026-02-25 10:17:00', 0, NULL, 'PENDING', NULL, 'email_3ee4a8e570234bdebfae6e1332a37568', '2026-02-25 10:27:00', '2026-02-25 10:08:00', 0, '2026-03-31 00:00:00', '2026-02-25 10:07:00', '2026-02-25 10:07:00'),
(68, '3f7a04ed-1f20-4f89-b2ac-4b19a4bf4fbc', 'SOCIAL', 'KAKAO', 'kakao_0068_a0208f6413', NULL, NULL, '예비회원068', '010-968-1068', 'PENDING', NULL, '2026-02-25 10:08:00', 'otp_52b540a1c2384e49b504e08f25b6eb27', '2026-02-25 10:18:00', 0, NULL, 'VERIFIED', '2026-02-25 10:13:00', 'email_f0d4085de3bc46eeb4e405a7ec67fede', '2026-02-25 10:28:00', '2026-02-25 10:09:00', 0, '2026-03-31 00:00:00', '2026-02-25 10:08:00', '2026-02-25 10:08:00'),
(69, '7efaa711-e65e-453a-8ad4-4ef5c24dfce9', 'EMAIL', NULL, NULL, 'user0069@example.com', '$2a$10$abcdefghijklmnopqrstuv', '예비회원069', '010-969-1069', 'VERIFIED', '2026-02-25 10:09:00', '2026-02-25 10:09:00', 'otp_a6ae94b786324a1ab1fa09af134d5568', '2026-02-25 10:19:00', 0, NULL, 'PENDING', NULL, 'email_d49e552002074873a9693a0b0da91c99', '2026-02-25 10:29:00', '2026-02-25 10:10:00', 0, '2026-03-31 00:00:00', '2026-02-25 10:09:00', '2026-02-25 10:09:00'),
(70, '1cb75c48-03dc-4a3c-b2fa-f0df54c5b4c7', 'SOCIAL', 'KAKAO', 'google_0070_8076bc299c', NULL, NULL, '예비회원070', '010-970-1070', 'PENDING', NULL, '2026-02-25 10:10:00', 'otp_2e2ea9fc09c14ef6bb61a8eb684aac04', '2026-02-25 10:20:00', 0, NULL, 'PENDING', NULL, 'email_4e94010bfb88415bae37ddfbff688789', '2026-02-25 10:30:00', '2026-02-25 10:11:00', 0, '2026-03-31 00:00:00', '2026-02-25 10:10:00', '2026-02-25 10:10:00'),
(71, 'ab0d6958-2534-41c8-b867-214bc93e53ba', 'EMAIL', NULL, NULL, 'user0071@example.com', '$2a$10$abcdefghijklmnopqrstuv', '예비회원071', '010-971-1071', 'PENDING', NULL, '2026-02-25 10:11:00', 'otp_3dc05b069969469382c54a6788faf141', '2026-02-25 10:21:00', 0, NULL, 'PENDING', NULL, 'email_10d55715e0744e819b80f9e5cfbf627f', '2026-02-25 10:31:00', '2026-02-25 10:12:00', 0, '2026-03-31 00:00:00', '2026-02-25 10:11:00', '2026-02-25 10:11:00'),
(72, '6792b780-99cd-4b13-bdfd-243687638fc7', 'SOCIAL', 'KAKAO', 'kakao_0072_624a60ff10', NULL, NULL, '예비회원072', '010-972-1072', 'VERIFIED', '2026-02-25 10:12:00', '2026-02-25 10:12:00', 'otp_564db1d5fb3f43b0944fd4acc971041a', '2026-02-25 10:22:00', 0, NULL, 'VERIFIED', '2026-02-25 10:17:00', 'email_c8e202fbe6aa4cef8fc988ee9a2400ee', '2026-02-25 10:32:00', '2026-02-25 10:13:00', 0, '2026-03-31 00:00:00', '2026-02-25 10:12:00', '2026-02-25 10:12:00'),
(73, '976e9853-458c-4f2d-844e-3e94eabbb38c', 'EMAIL', NULL, NULL, 'user0073@example.com', '$2a$10$abcdefghijklmnopqrstuv', '예비회원073', '010-973-1073', 'PENDING', NULL, '2026-02-25 10:13:00', 'otp_66bcb998e4d2488bac004dcb6e3a6567', '2026-02-25 10:23:00', 0, NULL, 'PENDING', NULL, 'email_0e873f47e6304a3b9a8cb24236176abf', '2026-02-25 10:33:00', '2026-02-25 10:14:00', 0, '2026-03-31 00:00:00', '2026-02-25 10:13:00', '2026-02-25 10:13:00'),
(74, '740338d1-5e43-44e0-81fb-17bd7d3119f5', 'SOCIAL', 'KAKAO', 'google_0074_59347d7ad0', NULL, NULL, '예비회원074', '010-974-1074', 'PENDING', NULL, '2026-02-25 10:14:00', 'otp_e609a6230b22496c8d3bc8e62b4d5231', '2026-02-25 10:24:00', 0, NULL, 'PENDING', NULL, 'email_7a3d578503554b2987e290af6e4ce3c9', '2026-02-25 10:34:00', '2026-02-25 10:15:00', 0, '2026-03-31 00:00:00', '2026-02-25 10:14:00', '2026-02-25 10:14:00'),
(75, 'd40d4ac7-551c-4251-bf10-79d25de1e6e7', 'EMAIL', NULL, NULL, 'user0075@example.com', '$2a$10$abcdefghijklmnopqrstuv', '예비회원075', '010-975-1075', 'VERIFIED', '2026-02-25 10:15:00', '2026-02-25 10:15:00', 'otp_d5654705dbe84c40a1c20d8106d8c48f', '2026-02-25 10:25:00', 0, NULL, 'PENDING', NULL, 'email_0ad6cc48df774d2080e1a842e57341b2', '2026-02-25 10:35:00', '2026-02-25 10:16:00', 0, '2026-03-31 00:00:00', '2026-02-25 10:15:00', '2026-02-25 10:15:00'),
(76, 'b6e55988-faae-45c9-b414-5fed8922f982', 'SOCIAL', 'KAKAO', 'kakao_0076_f341653ff7', NULL, NULL, '예비회원076', '010-976-1076', 'PENDING', NULL, '2026-02-25 10:16:00', 'otp_ad0eb19082e744afba664b010b2281fc', '2026-02-25 10:26:00', 0, NULL, 'VERIFIED', '2026-02-25 10:21:00', 'email_aef9c50aa2bb497bae845f850d2c2046', '2026-02-25 10:36:00', '2026-02-25 10:17:00', 0, '2026-03-31 00:00:00', '2026-02-25 10:16:00', '2026-02-25 10:16:00'),
(77, '9f5cc44a-3320-4b11-b861-8a2206d3b5cd', 'EMAIL', NULL, NULL, 'user0077@example.com', '$2a$10$abcdefghijklmnopqrstuv', '예비회원077', '010-977-1077', 'PENDING', NULL, '2026-02-25 10:17:00', 'otp_04fd33ebf8f049cbbc2957a40b6b6f93', '2026-02-25 10:27:00', 0, NULL, 'PENDING', NULL, 'email_1bfff7579616446b868c402f82ce330c', '2026-02-25 10:37:00', '2026-02-25 10:18:00', 0, '2026-03-31 00:00:00', '2026-02-25 10:17:00', '2026-02-25 10:17:00'),
(78, 'dc25f607-a98a-4110-8700-1cef57e1e9ff', 'SOCIAL', 'KAKAO', 'google_0078_b0306540f2', NULL, NULL, '예비회원078', '010-978-1078', 'VERIFIED', '2026-02-25 10:18:00', '2026-02-25 10:18:00', 'otp_dd5f20d2fdef4039ab644ea2153aa94c', '2026-02-25 10:28:00', 0, NULL, 'PENDING', NULL, 'email_b700fab2bf6a4380877967a4395adbc7', '2026-02-25 10:38:00', '2026-02-25 10:19:00', 0, '2026-03-31 00:00:00', '2026-02-25 10:18:00', '2026-02-25 10:18:00'),
(79, 'd4367549-8897-4f4e-aeee-b8994b15fdb9', 'EMAIL', NULL, NULL, 'user0079@example.com', '$2a$10$abcdefghijklmnopqrstuv', '예비회원079', '010-979-1079', 'PENDING', NULL, '2026-02-25 10:19:00', 'otp_633e3337ecd44a1ead7699825d36ff37', '2026-02-25 10:29:00', 0, NULL, 'PENDING', NULL, 'email_bfb22bfda57e4e72834c8105410b1d56', '2026-02-25 10:39:00', '2026-02-25 10:20:00', 0, '2026-03-31 00:00:00', '2026-02-25 10:19:00', '2026-02-25 10:19:00'),
(80, 'f90c0f3c-c802-4b6a-a74b-fc2483c5e5c3', 'SOCIAL', 'KAKAO', 'kakao_0080_a9158a5a8f', NULL, NULL, '예비회원080', '010-980-1080', 'PENDING', NULL, '2026-02-25 10:20:00', 'otp_af79302cf6fb43628ed8cd4cbdb15b76', '2026-02-25 10:30:00', 0, NULL, 'VERIFIED', '2026-02-25 10:25:00', 'email_0b5db7c1c58c44d2878aec1e6490322d', '2026-02-25 10:40:00', '2026-02-25 10:21:00', 0, '2026-03-31 00:00:00', '2026-02-25 10:20:00', '2026-02-25 10:20:00'),
(81, '05bc1d5c-cd9b-4e36-b333-b4cf610f36bc', 'EMAIL', NULL, NULL, 'user0081@example.com', '$2a$10$abcdefghijklmnopqrstuv', '예비회원081', '010-981-1081', 'VERIFIED', '2026-02-25 10:21:00', '2026-02-25 10:21:00', 'otp_3763201355834238ba76897be2e6564d', '2026-02-25 10:31:00', 0, NULL, 'PENDING', NULL, 'email_214d0eda6d5143bfa42e932fc60a7292', '2026-02-25 10:41:00', '2026-02-25 10:22:00', 0, '2026-03-31 00:00:00', '2026-02-25 10:21:00', '2026-02-25 10:21:00'),
(82, 'bdef1677-3e89-4f91-a4e7-90b211108e34', 'SOCIAL', 'KAKAO', 'google_0082_66d191cba2', NULL, NULL, '예비회원082', '010-982-1082', 'PENDING', NULL, '2026-02-25 10:22:00', 'otp_da761fe858ed49c0aa8ccc4545d7449a', '2026-02-25 10:32:00', 0, NULL, 'PENDING', NULL, 'email_91b98035950d4c62ab08d887b26c289b', '2026-02-25 10:42:00', '2026-02-25 10:23:00', 0, '2026-03-31 00:00:00', '2026-02-25 10:22:00', '2026-02-25 10:22:00'),
(83, 'ee5df84d-81d3-400b-a445-448c1955fac4', 'EMAIL', NULL, NULL, 'user0083@example.com', '$2a$10$abcdefghijklmnopqrstuv', '예비회원083', '010-983-1083', 'PENDING', NULL, '2026-02-25 10:23:00', 'otp_5771da6bfe7a461a88e6c441bd6b7ea9', '2026-02-25 10:33:00', 0, NULL, 'PENDING', NULL, 'email_69573855d7fc4759b1eba1f12a7b7582', '2026-02-25 10:43:00', '2026-02-25 10:24:00', 0, '2026-03-31 00:00:00', '2026-02-25 10:23:00', '2026-02-25 10:23:00'),
(84, '1b162968-b592-4910-b86d-5c1a0ad7fa32', 'SOCIAL', 'KAKAO', 'kakao_0084_9015292cc2', NULL, NULL, '예비회원084', '010-984-1084', 'VERIFIED', '2026-02-25 10:24:00', '2026-02-25 10:24:00', 'otp_38c75037b7414edf985e30aa41774ff9', '2026-02-25 10:34:00', 0, NULL, 'VERIFIED', '2026-02-25 10:29:00', 'email_860268d44c4a492aa49c2223c78b4c28', '2026-02-25 10:44:00', '2026-02-25 10:25:00', 0, '2026-03-31 00:00:00', '2026-02-25 10:24:00', '2026-02-25 10:24:00'),
(85, 'b45b5cc5-866c-48b7-af22-d8d4a440451f', 'EMAIL', NULL, NULL, 'user0085@example.com', '$2a$10$abcdefghijklmnopqrstuv', '예비회원085', '010-985-1085', 'PENDING', NULL, '2026-02-25 10:25:00', 'otp_edddd2e77b06442c948bfb23b7766285', '2026-02-25 10:35:00', 0, NULL, 'PENDING', NULL, 'email_3ad884d04f0748cf93af3e1a0a3a80ed', '2026-02-25 10:45:00', '2026-02-25 10:26:00', 0, '2026-03-31 00:00:00', '2026-02-25 10:25:00', '2026-02-25 10:25:00'),
(86, 'f1c2e39c-4c95-490b-9098-205b40e50b6f', 'SOCIAL', 'KAKAO', 'google_0086_67b41eea09', NULL, NULL, '예비회원086', '010-986-1086', 'PENDING', NULL, '2026-02-25 10:26:00', 'otp_595e513f3f314d23a1a63f80adbdc452', '2026-02-25 10:36:00', 0, NULL, 'PENDING', NULL, 'email_7e68ce6d834a4bf5a94e54ba3493091d', '2026-02-25 10:46:00', '2026-02-25 10:27:00', 0, '2026-03-31 00:00:00', '2026-02-25 10:26:00', '2026-02-25 10:26:00'),
(87, '97e8f840-567b-47bc-b683-41e355169b7f', 'EMAIL', NULL, NULL, 'user0087@example.com', '$2a$10$abcdefghijklmnopqrstuv', '예비회원087', '010-987-1087', 'VERIFIED', '2026-02-25 10:27:00', '2026-02-25 10:27:00', 'otp_3cf53a813a3a4640afdf14817878c133', '2026-02-25 10:37:00', 0, NULL, 'PENDING', NULL, 'email_beb71d4ff9894689a20dd9dd6f45a2b0', '2026-02-25 10:47:00', '2026-02-25 10:28:00', 0, '2026-03-31 00:00:00', '2026-02-25 10:27:00', '2026-02-25 10:27:00'),
(88, '17fc1ceb-2d6e-4bca-b363-00de84f0d073', 'SOCIAL', 'KAKAO', 'kakao_0088_76a28496b3', NULL, NULL, '예비회원088', '010-988-1088', 'PENDING', NULL, '2026-02-25 10:28:00', 'otp_8ab1b858930c4df7a54286ceffb51b27', '2026-02-25 10:38:00', 0, NULL, 'VERIFIED', '2026-02-25 10:33:00', 'email_5c7f6668466b4e729b7a58f714a7ae47', '2026-02-25 10:48:00', '2026-02-25 10:29:00', 0, '2026-03-31 00:00:00', '2026-02-25 10:28:00', '2026-02-25 10:28:00'),
(89, '2ca703bc-6345-4f09-be5c-6ff0e97e3ff8', 'EMAIL', NULL, NULL, 'user0089@example.com', '$2a$10$abcdefghijklmnopqrstuv', '예비회원089', '010-989-1089', 'PENDING', NULL, '2026-02-25 10:29:00', 'otp_45dbd26ba31447229264ef46a48c9cc6', '2026-02-25 10:39:00', 0, NULL, 'PENDING', NULL, 'email_7297519d680443f5b8fd7124ea41e9bc', '2026-02-25 10:49:00', '2026-02-25 10:30:00', 0, '2026-03-31 00:00:00', '2026-02-25 10:29:00', '2026-02-25 10:29:00'),
(90, 'b3454b3c-6dde-4404-a3a9-7266632ad00c', 'SOCIAL', 'KAKAO', 'google_0090_5409060855', NULL, NULL, '예비회원090', '010-990-1090', 'VERIFIED', '2026-02-25 10:30:00', '2026-02-25 10:30:00', 'otp_13676365bf6c44289a19b800bedccf19', '2026-02-25 10:40:00', 0, NULL, 'PENDING', NULL, 'email_4f49c67a7aec41dbb03f36a7ed77de9e', '2026-02-25 10:50:00', '2026-02-25 10:31:00', 0, '2026-03-31 00:00:00', '2026-02-25 10:30:00', '2026-02-25 10:30:00'),
(91, '1ab85f88-48f5-4265-a7a4-d6a2d414c971', 'EMAIL', NULL, NULL, 'user0091@example.com', '$2a$10$abcdefghijklmnopqrstuv', '예비회원091', '010-991-1091', 'PENDING', NULL, '2026-02-25 10:31:00', 'otp_77a1484f7b4b42e5bbe5fbf20e5ed13f', '2026-02-25 10:41:00', 0, NULL, 'PENDING', NULL, 'email_391c6c7416f449be91bd010b410bdeb6', '2026-02-25 10:51:00', '2026-02-25 10:32:00', 0, '2026-03-31 00:00:00', '2026-02-25 10:31:00', '2026-02-25 10:31:00'),
(92, '05aeb7d7-00ba-4816-8daa-a19c0972c46e', 'SOCIAL', 'KAKAO', 'kakao_0092_96bbbc1b8e', NULL, NULL, '예비회원092', '010-992-1092', 'PENDING', NULL, '2026-02-25 10:32:00', 'otp_b966b3d40341491891a2320d15f88b5b', '2026-02-25 10:42:00', 0, NULL, 'VERIFIED', '2026-02-25 10:37:00', 'email_76f3913eea4141d586bf25f9bb539356', '2026-02-25 10:52:00', '2026-02-25 10:33:00', 0, '2026-03-31 00:00:00', '2026-02-25 10:32:00', '2026-02-25 10:32:00'),
(93, '19623d0e-1a60-474a-bf55-9f1e9e1c7c20', 'EMAIL', NULL, NULL, 'user0093@example.com', '$2a$10$abcdefghijklmnopqrstuv', '예비회원093', '010-993-1093', 'VERIFIED', '2026-02-25 10:33:00', '2026-02-25 10:33:00', 'otp_24fc09842f8544b29b44f39447db6e33', '2026-02-25 10:43:00', 0, NULL, 'PENDING', NULL, 'email_3b8afdab6cf44d55adbe82ebd419b659', '2026-02-25 10:53:00', '2026-02-25 10:34:00', 0, '2026-03-31 00:00:00', '2026-02-25 10:33:00', '2026-02-25 10:33:00'),
(94, '26a30cbb-f7b5-4bb9-99b4-0c7eee5b3cd5', 'SOCIAL', 'KAKAO', 'google_0094_59097f9263', NULL, NULL, '예비회원094', '010-994-1094', 'PENDING', NULL, '2026-02-25 10:34:00', 'otp_de649ffd95ac4d02932123d084aeb1cc', '2026-02-25 10:44:00', 0, NULL, 'PENDING', NULL, 'email_a0db574193e345ff9900e302c6190ee9', '2026-02-25 10:54:00', '2026-02-25 10:35:00', 0, '2026-03-31 00:00:00', '2026-02-25 10:34:00', '2026-02-25 10:34:00'),
(95, '68da406f-f229-47b3-9417-b9135874a287', 'EMAIL', NULL, NULL, 'user0095@example.com', '$2a$10$abcdefghijklmnopqrstuv', '예비회원095', '010-995-1095', 'PENDING', NULL, '2026-02-25 10:35:00', 'otp_bf190d70e72846cabafd447b5c11a9cb', '2026-02-25 10:45:00', 0, NULL, 'PENDING', NULL, 'email_015fe3e97193401ab5f3c36f9fe7cbb3', '2026-02-25 10:55:00', '2026-02-25 10:36:00', 0, '2026-03-31 00:00:00', '2026-02-25 10:35:00', '2026-02-25 10:35:00'),
(96, '7075693c-ae48-4240-a25f-d3777d16a6a3', 'SOCIAL', 'KAKAO', 'kakao_0096_6601a9dd5e', NULL, NULL, '예비회원096', '010-996-1096', 'VERIFIED', '2026-02-25 10:36:00', '2026-02-25 10:36:00', 'otp_720b8437f9d04563bcb4a94121ccb3e4', '2026-02-25 10:46:00', 0, NULL, 'VERIFIED', '2026-02-25 10:41:00', 'email_6ac21142a4e94fbe8bded95335688eda', '2026-02-25 10:56:00', '2026-02-25 10:37:00', 0, '2026-03-31 00:00:00', '2026-02-25 10:36:00', '2026-02-25 10:36:00'),
(97, 'c898748a-3723-4606-92a4-9d416e604b9b', 'EMAIL', NULL, NULL, 'user0097@example.com', '$2a$10$abcdefghijklmnopqrstuv', '예비회원097', '010-997-1097', 'PENDING', NULL, '2026-02-25 10:37:00', 'otp_14cd849d03fe444a9bba25d9c00ba9f6', '2026-02-25 10:47:00', 0, NULL, 'PENDING', NULL, 'email_1e70bf70dd5641eb88f4d50806d7f665', '2026-02-25 10:57:00', '2026-02-25 10:38:00', 0, '2026-03-31 00:00:00', '2026-02-25 10:37:00', '2026-02-25 10:37:00'),
(98, '9641f77d-fcc1-4012-9bb7-c3bb056b8b49', 'SOCIAL', 'KAKAO', 'google_0098_be4000a8d2', NULL, NULL, '예비회원098', '010-998-1098', 'PENDING', NULL, '2026-02-25 10:38:00', 'otp_842d31262c284d85bc3a84bf9146fe60', '2026-02-25 10:48:00', 0, NULL, 'PENDING', NULL, 'email_a7e987b8ebfb489388abdaf4ae118613', '2026-02-25 10:58:00', '2026-02-25 10:39:00', 0, '2026-03-31 00:00:00', '2026-02-25 10:38:00', '2026-02-25 10:38:00'),
(99, '04cb0f96-c161-46b1-a4d2-e5223a052432', 'EMAIL', NULL, NULL, 'user0099@example.com', '$2a$10$abcdefghijklmnopqrstuv', '예비회원099', '010-999-1099', 'VERIFIED', '2026-02-25 10:39:00', '2026-02-25 10:39:00', 'otp_c8e9ebf93a694816acefe50308a8f13a', '2026-02-25 10:49:00', 0, NULL, 'PENDING', NULL, 'email_08dbd4c306ff4b2b9a5757a08f91f5c8', '2026-02-25 10:59:00', '2026-02-25 10:40:00', 0, '2026-03-31 00:00:00', '2026-02-25 10:39:00', '2026-02-25 10:39:00'),
(100, 'ed2701f3-0f07-4e13-8dfa-bcb9335fbc12', 'SOCIAL', 'KAKAO', 'kakao_0100_d4cef9b5d1', NULL, NULL, '예비회원100', '010-900-1100', 'PENDING', NULL, '2026-02-25 10:40:00', 'otp_868941616ee6495da05c2505bcba31b2', '2026-02-25 10:50:00', 0, NULL, 'VERIFIED', '2026-02-25 10:45:00', 'email_ef35573e627e41dfb36b69dd8eaa454c', '2026-02-25 11:00:00', '2026-02-25 10:41:00', 0, '2026-03-31 00:00:00', '2026-02-25 10:40:00', '2026-02-25 10:40:00');

-- admin_logs
INSERT INTO admin_logs (log_id, admin_id, action, target_type, target_id, ip_address, result, error_code, created_at) VALUES
(1, 1, 'ACTION_001', 'EVENT', 1, '127.0.0.1', 'SUCCESS', NULL, '2026-02-25 10:01:00'),
(2, 1, 'ACTION_002', 'PROGRAM', 2, '127.0.0.1', 'SUCCESS', NULL, '2026-02-25 10:02:00'),
(3, 1, 'ACTION_003', 'BOOTH', 3, '127.0.0.1', 'SUCCESS', NULL, '2026-02-25 10:03:00'),
(4, 1, 'ACTION_004', 'NOTICE', 4, '127.0.0.1', 'SUCCESS', NULL, '2026-02-25 10:04:00'),
(5, 1, 'ACTION_005', 'PAYMENT', 5, '127.0.0.1', 'SUCCESS', NULL, '2026-02-25 10:05:00'),
(6, 1, 'ACTION_006', 'REFUND', 6, '127.0.0.1', 'SUCCESS', NULL, '2026-02-25 10:06:00'),
(7, 1, 'ACTION_007', 'REVIEW', 7, '127.0.0.1', 'SUCCESS', NULL, '2026-02-25 10:07:00'),
(8, 1, 'ACTION_008', 'POST', 8, '127.0.0.1', 'SUCCESS', NULL, '2026-02-25 10:08:00'),
(9, 1, 'ACTION_009', 'QNA', 9, '127.0.0.1', 'SUCCESS', NULL, '2026-02-25 10:09:00'),
(10, 1, 'ACTION_010', 'INQUIRY', 10, '127.0.0.1', 'SUCCESS', NULL, '2026-02-25 10:10:00'),
(11, 1, 'ACTION_011', 'GALLERY', 11, '127.0.0.1', 'SUCCESS', NULL, '2026-02-25 10:11:00'),
(12, 1, 'ACTION_012', 'QR', 12, '127.0.0.1', 'SUCCESS', NULL, '2026-02-25 10:12:00'),
(13, 1, 'ACTION_013', 'SYSTEM', 13, '127.0.0.1', 'SUCCESS', NULL, '2026-02-25 10:13:00'),
(14, 1, 'ACTION_014', 'OTHER', 14, '127.0.0.1', 'SUCCESS', NULL, '2026-02-25 10:14:00'),
(15, 1, 'ACTION_015', 'USER', 15, '127.0.0.1', 'SUCCESS', NULL, '2026-02-25 10:15:00'),
(16, 1, 'ACTION_016', 'EVENT', 16, '127.0.0.1', 'SUCCESS', NULL, '2026-02-25 10:16:00'),
(17, 1, 'ACTION_017', 'PROGRAM', 17, '127.0.0.1', 'SUCCESS', NULL, '2026-02-25 10:17:00'),
(18, 1, 'ACTION_018', 'BOOTH', 18, '127.0.0.1', 'SUCCESS', NULL, '2026-02-25 10:18:00'),
(19, 1, 'ACTION_019', 'NOTICE', 19, '127.0.0.1', 'SUCCESS', NULL, '2026-02-25 10:19:00'),
(20, 1, 'ACTION_020', 'PAYMENT', 20, '127.0.0.1', 'SUCCESS', NULL, '2026-02-25 10:20:00'),
(21, 1, 'ACTION_021', 'REFUND', 21, '127.0.0.1', 'SUCCESS', NULL, '2026-02-25 10:21:00'),
(22, 1, 'ACTION_022', 'REVIEW', 22, '127.0.0.1', 'SUCCESS', NULL, '2026-02-25 10:22:00'),
(23, 1, 'ACTION_023', 'POST', 23, '127.0.0.1', 'SUCCESS', NULL, '2026-02-25 10:23:00'),
(24, 1, 'ACTION_024', 'QNA', 24, '127.0.0.1', 'SUCCESS', NULL, '2026-02-25 10:24:00'),
(25, 1, 'ACTION_025', 'INQUIRY', 25, '127.0.0.1', 'SUCCESS', NULL, '2026-02-25 10:25:00'),
(26, 1, 'ACTION_026', 'GALLERY', 26, '127.0.0.1', 'SUCCESS', NULL, '2026-02-25 10:26:00'),
(27, 1, 'ACTION_027', 'QR', 27, '127.0.0.1', 'SUCCESS', NULL, '2026-02-25 10:27:00'),
(28, 1, 'ACTION_028', 'SYSTEM', 28, '127.0.0.1', 'SUCCESS', NULL, '2026-02-25 10:28:00'),
(29, 1, 'ACTION_029', 'OTHER', 29, '127.0.0.1', 'SUCCESS', NULL, '2026-02-25 10:29:00'),
(30, 1, 'ACTION_030', 'USER', 30, '127.0.0.1', 'SUCCESS', NULL, '2026-02-25 10:30:00'),
(31, 1, 'ACTION_031', 'EVENT', 31, '127.0.0.1', 'SUCCESS', NULL, '2026-02-25 10:31:00'),
(32, 1, 'ACTION_032', 'PROGRAM', 32, '127.0.0.1', 'SUCCESS', NULL, '2026-02-25 10:32:00'),
(33, 1, 'ACTION_033', 'BOOTH', 33, '127.0.0.1', 'SUCCESS', NULL, '2026-02-25 10:33:00'),
(34, 1, 'ACTION_034', 'NOTICE', 34, '127.0.0.1', 'SUCCESS', NULL, '2026-02-25 10:34:00'),
(35, 1, 'ACTION_035', 'PAYMENT', 35, '127.0.0.1', 'SUCCESS', NULL, '2026-02-25 10:35:00'),
(36, 1, 'ACTION_036', 'REFUND', 36, '127.0.0.1', 'SUCCESS', NULL, '2026-02-25 10:36:00'),
(37, 1, 'ACTION_037', 'REVIEW', 37, '127.0.0.1', 'SUCCESS', NULL, '2026-02-25 10:37:00'),
(38, 1, 'ACTION_038', 'POST', 38, '127.0.0.1', 'SUCCESS', NULL, '2026-02-25 10:38:00'),
(39, 1, 'ACTION_039', 'QNA', 39, '127.0.0.1', 'SUCCESS', NULL, '2026-02-25 10:39:00'),
(40, 1, 'ACTION_040', 'INQUIRY', 40, '127.0.0.1', 'SUCCESS', NULL, '2026-02-25 10:40:00'),
(41, 1, 'ACTION_041', 'GALLERY', 41, '127.0.0.1', 'SUCCESS', NULL, '2026-02-25 10:41:00'),
(42, 1, 'ACTION_042', 'QR', 42, '127.0.0.1', 'SUCCESS', NULL, '2026-02-25 10:42:00'),
(43, 1, 'ACTION_043', 'SYSTEM', 43, '127.0.0.1', 'SUCCESS', NULL, '2026-02-25 10:43:00'),
(44, 1, 'ACTION_044', 'OTHER', 44, '127.0.0.1', 'SUCCESS', NULL, '2026-02-25 10:44:00'),
(45, 1, 'ACTION_045', 'USER', 45, '127.0.0.1', 'SUCCESS', NULL, '2026-02-25 10:45:00'),
(46, 1, 'ACTION_046', 'EVENT', 46, '127.0.0.1', 'SUCCESS', NULL, '2026-02-25 10:46:00'),
(47, 1, 'ACTION_047', 'PROGRAM', 47, '127.0.0.1', 'SUCCESS', NULL, '2026-02-25 10:47:00'),
(48, 1, 'ACTION_048', 'BOOTH', 48, '127.0.0.1', 'SUCCESS', NULL, '2026-02-25 10:48:00'),
(49, 1, 'ACTION_049', 'NOTICE', 49, '127.0.0.1', 'SUCCESS', NULL, '2026-02-25 10:49:00'),
(50, 1, 'ACTION_050', 'PAYMENT', 50, '127.0.0.1', 'SUCCESS', NULL, '2026-02-25 10:50:00'),
(51, 1, 'ACTION_051', 'REFUND', 51, '127.0.0.1', 'SUCCESS', NULL, '2026-02-25 10:51:00'),
(52, 1, 'ACTION_052', 'REVIEW', 52, '127.0.0.1', 'SUCCESS', NULL, '2026-02-25 10:52:00'),
(53, 1, 'ACTION_053', 'POST', 53, '127.0.0.1', 'SUCCESS', NULL, '2026-02-25 10:53:00'),
(54, 1, 'ACTION_054', 'QNA', 54, '127.0.0.1', 'SUCCESS', NULL, '2026-02-25 10:54:00'),
(55, 1, 'ACTION_055', 'INQUIRY', 55, '127.0.0.1', 'SUCCESS', NULL, '2026-02-25 10:55:00'),
(56, 1, 'ACTION_056', 'GALLERY', 56, '127.0.0.1', 'SUCCESS', NULL, '2026-02-25 10:56:00'),
(57, 1, 'ACTION_057', 'QR', 57, '127.0.0.1', 'SUCCESS', NULL, '2026-02-25 10:57:00'),
(58, 1, 'ACTION_058', 'SYSTEM', 58, '127.0.0.1', 'SUCCESS', NULL, '2026-02-25 10:58:00'),
(59, 1, 'ACTION_059', 'OTHER', 59, '127.0.0.1', 'SUCCESS', NULL, '2026-02-25 10:59:00'),
(60, 1, 'ACTION_060', 'USER', 60, '127.0.0.1', 'SUCCESS', NULL, '2026-02-25 11:00:00'),
(61, 1, 'ACTION_061', 'EVENT', 61, '127.0.0.1', 'SUCCESS', NULL, '2026-02-25 11:01:00'),
(62, 1, 'ACTION_062', 'PROGRAM', 62, '127.0.0.1', 'SUCCESS', NULL, '2026-02-25 11:02:00'),
(63, 1, 'ACTION_063', 'BOOTH', 63, '127.0.0.1', 'SUCCESS', NULL, '2026-02-25 11:03:00'),
(64, 1, 'ACTION_064', 'NOTICE', 64, '127.0.0.1', 'SUCCESS', NULL, '2026-02-25 11:04:00'),
(65, 1, 'ACTION_065', 'PAYMENT', 65, '127.0.0.1', 'SUCCESS', NULL, '2026-02-25 11:05:00'),
(66, 1, 'ACTION_066', 'REFUND', 66, '127.0.0.1', 'SUCCESS', NULL, '2026-02-25 11:06:00'),
(67, 1, 'ACTION_067', 'REVIEW', 67, '127.0.0.1', 'SUCCESS', NULL, '2026-02-25 11:07:00'),
(68, 1, 'ACTION_068', 'POST', 68, '127.0.0.1', 'SUCCESS', NULL, '2026-02-25 11:08:00'),
(69, 1, 'ACTION_069', 'QNA', 69, '127.0.0.1', 'SUCCESS', NULL, '2026-02-25 11:09:00'),
(70, 1, 'ACTION_070', 'INQUIRY', 70, '127.0.0.1', 'SUCCESS', NULL, '2026-02-25 11:10:00'),
(71, 1, 'ACTION_071', 'GALLERY', 71, '127.0.0.1', 'SUCCESS', NULL, '2026-02-25 11:11:00'),
(72, 1, 'ACTION_072', 'QR', 72, '127.0.0.1', 'SUCCESS', NULL, '2026-02-25 11:12:00'),
(73, 1, 'ACTION_073', 'SYSTEM', 73, '127.0.0.1', 'SUCCESS', NULL, '2026-02-25 11:13:00'),
(74, 1, 'ACTION_074', 'OTHER', 74, '127.0.0.1', 'SUCCESS', NULL, '2026-02-25 11:14:00'),
(75, 1, 'ACTION_075', 'USER', 75, '127.0.0.1', 'SUCCESS', NULL, '2026-02-25 11:15:00'),
(76, 1, 'ACTION_076', 'EVENT', 76, '127.0.0.1', 'SUCCESS', NULL, '2026-02-25 11:16:00'),
(77, 1, 'ACTION_077', 'PROGRAM', 77, '127.0.0.1', 'SUCCESS', NULL, '2026-02-25 11:17:00'),
(78, 1, 'ACTION_078', 'BOOTH', 78, '127.0.0.1', 'SUCCESS', NULL, '2026-02-25 11:18:00'),
(79, 1, 'ACTION_079', 'NOTICE', 79, '127.0.0.1', 'SUCCESS', NULL, '2026-02-25 11:19:00'),
(80, 1, 'ACTION_080', 'PAYMENT', 80, '127.0.0.1', 'SUCCESS', NULL, '2026-02-25 11:20:00'),
(81, 1, 'ACTION_081', 'REFUND', 81, '127.0.0.1', 'SUCCESS', NULL, '2026-02-25 11:21:00'),
(82, 1, 'ACTION_082', 'REVIEW', 82, '127.0.0.1', 'SUCCESS', NULL, '2026-02-25 11:22:00'),
(83, 1, 'ACTION_083', 'POST', 83, '127.0.0.1', 'SUCCESS', NULL, '2026-02-25 11:23:00'),
(84, 1, 'ACTION_084', 'QNA', 84, '127.0.0.1', 'SUCCESS', NULL, '2026-02-25 11:24:00'),
(85, 1, 'ACTION_085', 'INQUIRY', 85, '127.0.0.1', 'SUCCESS', NULL, '2026-02-25 11:25:00'),
(86, 1, 'ACTION_086', 'GALLERY', 86, '127.0.0.1', 'SUCCESS', NULL, '2026-02-25 11:26:00'),
(87, 1, 'ACTION_087', 'QR', 87, '127.0.0.1', 'SUCCESS', NULL, '2026-02-25 11:27:00'),
(88, 1, 'ACTION_088', 'SYSTEM', 88, '127.0.0.1', 'SUCCESS', NULL, '2026-02-25 11:28:00'),
(89, 1, 'ACTION_089', 'OTHER', 89, '127.0.0.1', 'SUCCESS', NULL, '2026-02-25 11:29:00'),
(90, 1, 'ACTION_090', 'USER', 90, '127.0.0.1', 'SUCCESS', NULL, '2026-02-25 11:30:00'),
(91, 1, 'ACTION_091', 'EVENT', 91, '127.0.0.1', 'SUCCESS', NULL, '2026-02-25 11:31:00'),
(92, 1, 'ACTION_092', 'PROGRAM', 92, '127.0.0.1', 'SUCCESS', NULL, '2026-02-25 11:32:00'),
(93, 1, 'ACTION_093', 'BOOTH', 93, '127.0.0.1', 'SUCCESS', NULL, '2026-02-25 11:33:00'),
(94, 1, 'ACTION_094', 'NOTICE', 94, '127.0.0.1', 'SUCCESS', NULL, '2026-02-25 11:34:00'),
(95, 1, 'ACTION_095', 'PAYMENT', 95, '127.0.0.1', 'SUCCESS', NULL, '2026-02-25 11:35:00'),
(96, 1, 'ACTION_096', 'REFUND', 96, '127.0.0.1', 'SUCCESS', NULL, '2026-02-25 11:36:00'),
(97, 1, 'ACTION_097', 'REVIEW', 97, '127.0.0.1', 'SUCCESS', NULL, '2026-02-25 11:37:00'),
(98, 1, 'ACTION_098', 'POST', 98, '127.0.0.1', 'SUCCESS', NULL, '2026-02-25 11:38:00'),
(99, 1, 'ACTION_099', 'QNA', 99, '127.0.0.1', 'SUCCESS', NULL, '2026-02-25 11:39:00'),
(100, 1, 'ACTION_100', 'INQUIRY', 100, '127.0.0.1', 'SUCCESS', NULL, '2026-02-25 11:40:00');

-- refresh_token
INSERT INTO refresh_token (refresh_token_id, user_id, token, expired_at, created_at) VALUES
(1, 1, 'rt_6f82243253094dfcb7a24352b19f5477', '2026-12-31 00:00:00', '2026-02-25 10:01:00'),
(2, 2, 'rt_1c867fbca12e445996f9924c7b8c9a62', '2026-12-31 00:00:00', '2026-02-25 10:02:00'),
(3, 3, 'rt_ccf402a27d5b42a59a2d18b7862e63fc', '2026-12-31 00:00:00', '2026-02-25 10:03:00'),
(4, 4, 'rt_40cdeb2d140049a7b1412ba4fbc91982', '2026-12-31 00:00:00', '2026-02-25 10:04:00'),
(5, 5, 'rt_5e785f603341466fa5b1c6459789e6fb', '2026-12-31 00:00:00', '2026-02-25 10:05:00'),
(6, 6, 'rt_0f59b99404b246b9a5e031693b8b02db', '2026-12-31 00:00:00', '2026-02-25 10:06:00'),
(7, 7, 'rt_04a424a51db84bfca2d58a0b97d06039', '2026-12-31 00:00:00', '2026-02-25 10:07:00'),
(8, 8, 'rt_a6d3235a6bb447fd8cfd678d4539f3c3', '2026-12-31 00:00:00', '2026-02-25 10:08:00'),
(9, 9, 'rt_d3070c68b83040c3afdb57fe351d8939', '2026-12-31 00:00:00', '2026-02-25 10:09:00'),
(10, 10, 'rt_9dd117a834f045208dc15a7902bbbd4d', '2026-12-31 00:00:00', '2026-02-25 10:10:00'),
(11, 11, 'rt_32fa8d2a67c340bdb31af7c6f68250f1', '2026-12-31 00:00:00', '2026-02-25 10:11:00'),
(12, 12, 'rt_ba7f993c12e648ebadfa076017ec63e3', '2026-12-31 00:00:00', '2026-02-25 10:12:00'),
(13, 13, 'rt_fa827b68f7144430bbbd3d65a9142459', '2026-12-31 00:00:00', '2026-02-25 10:13:00'),
(14, 14, 'rt_835547654b7f4bfda2eb79e1a2eabd8b', '2026-12-31 00:00:00', '2026-02-25 10:14:00'),
(15, 15, 'rt_fda2a68218b44dadb4d9aeee3d2b0f72', '2026-12-31 00:00:00', '2026-02-25 10:15:00'),
(16, 16, 'rt_0edf7a5534434d5da2c29c6ae6f87a43', '2026-12-31 00:00:00', '2026-02-25 10:16:00'),
(17, 17, 'rt_65bb629f317442afa3219e6a84607d52', '2026-12-31 00:00:00', '2026-02-25 10:17:00'),
(18, 18, 'rt_f51a0972f843404195055698dedc814f', '2026-12-31 00:00:00', '2026-02-25 10:18:00'),
(19, 19, 'rt_2b66278729de43fe90f837a729c1db47', '2026-12-31 00:00:00', '2026-02-25 10:19:00'),
(20, 20, 'rt_f2d080c3d3e54672b8e43c4321691519', '2026-12-31 00:00:00', '2026-02-25 10:20:00'),
(21, 21, 'rt_dcc18df13d87464bbe7b96c4f149969c', '2026-12-31 00:00:00', '2026-02-25 10:21:00'),
(22, 22, 'rt_3c4c0b5cc59949a3b5da1b34864f9379', '2026-12-31 00:00:00', '2026-02-25 10:22:00'),
(23, 23, 'rt_014f2998ee7a4016ba85f2640d19bdc0', '2026-12-31 00:00:00', '2026-02-25 10:23:00'),
(24, 24, 'rt_6044258f31a54f79b06ab54aa2bd6002', '2026-12-31 00:00:00', '2026-02-25 10:24:00'),
(25, 25, 'rt_b10af6bad39f497e8c7662a70256b33e', '2026-12-31 00:00:00', '2026-02-25 10:25:00'),
(26, 26, 'rt_e31e7680754d4049b4b1cf92f6a55902', '2026-12-31 00:00:00', '2026-02-25 10:26:00'),
(27, 27, 'rt_ef00c75f54d148c5ad70ff503da5784f', '2026-12-31 00:00:00', '2026-02-25 10:27:00'),
(28, 28, 'rt_6955e66678a243ae8160476d0d1291f4', '2026-12-31 00:00:00', '2026-02-25 10:28:00'),
(29, 29, 'rt_3d8a06bdac0147029159d498f6f658d0', '2026-12-31 00:00:00', '2026-02-25 10:29:00'),
(30, 30, 'rt_a3b9bec420ba4264a4cc1fe99204e2be', '2026-12-31 00:00:00', '2026-02-25 10:30:00'),
(31, 31, 'rt_183e991e132d4e3da172e50dc438bf1e', '2026-12-31 00:00:00', '2026-02-25 10:31:00'),
(32, 32, 'rt_34132de625ff4869b5db6bc7c5e0a89f', '2026-12-31 00:00:00', '2026-02-25 10:32:00'),
(33, 33, 'rt_9aec439828944c818c521b989c2a4d54', '2026-12-31 00:00:00', '2026-02-25 10:33:00'),
(34, 34, 'rt_7561d1d82d244e42a06263707ed9a2e2', '2026-12-31 00:00:00', '2026-02-25 10:34:00'),
(35, 35, 'rt_7a222d81cc7844f0b604396e3357f747', '2026-12-31 00:00:00', '2026-02-25 10:35:00'),
(36, 36, 'rt_594db6ebd40d48ed82f194e8aea188ad', '2026-12-31 00:00:00', '2026-02-25 10:36:00'),
(37, 37, 'rt_c3b248a860654168b42c54cacf818202', '2026-12-31 00:00:00', '2026-02-25 10:37:00'),
(38, 38, 'rt_620ea7cd994a4088aae01835f0568572', '2026-12-31 00:00:00', '2026-02-25 10:38:00'),
(39, 39, 'rt_84d110d6274441598455b6ab54cd74f9', '2026-12-31 00:00:00', '2026-02-25 10:39:00'),
(40, 40, 'rt_6643d73f3d7b483f8b69cb6fa402d36f', '2026-12-31 00:00:00', '2026-02-25 10:40:00'),
(41, 41, 'rt_658b71fe2672453b9d3d9c502fb91bf6', '2026-12-31 00:00:00', '2026-02-25 10:41:00'),
(42, 42, 'rt_281ffaea7ceb406f9c7f6427c4250e42', '2026-12-31 00:00:00', '2026-02-25 10:42:00'),
(43, 43, 'rt_6a861e7143d746cb90f073e80825c091', '2026-12-31 00:00:00', '2026-02-25 10:43:00'),
(44, 44, 'rt_0472b637b0f54d369060e25d44b5a47c', '2026-12-31 00:00:00', '2026-02-25 10:44:00'),
(45, 45, 'rt_98e354cf0cbe46ad9aad55686602fc00', '2026-12-31 00:00:00', '2026-02-25 10:45:00'),
(46, 46, 'rt_40aed98afc1b4ab1bcce32dd627f48df', '2026-12-31 00:00:00', '2026-02-25 10:46:00'),
(47, 47, 'rt_809404587cc6452c9d247dee77d1c428', '2026-12-31 00:00:00', '2026-02-25 10:47:00'),
(48, 48, 'rt_15393c38f5c14189876315fae4547dcc', '2026-12-31 00:00:00', '2026-02-25 10:48:00'),
(49, 49, 'rt_7e53274fc63742d2a1e5ccaadf16a83e', '2026-12-31 00:00:00', '2026-02-25 10:49:00'),
(50, 50, 'rt_51c948e205594394880a296b5edeecb2', '2026-12-31 00:00:00', '2026-02-25 10:50:00'),
(51, 51, 'rt_b146bca0abde49a0a7bbc65378f98d6d', '2026-12-31 00:00:00', '2026-02-25 10:51:00'),
(52, 52, 'rt_0357858a00ce42ffb7059c02cd0e5ada', '2026-12-31 00:00:00', '2026-02-25 10:52:00'),
(53, 53, 'rt_aeb016051c6a46f383a9a65d96e3799c', '2026-12-31 00:00:00', '2026-02-25 10:53:00'),
(54, 54, 'rt_fb79e543125b4133953fc5ba7ea39e63', '2026-12-31 00:00:00', '2026-02-25 10:54:00'),
(55, 55, 'rt_826c5fb95cd440b593309ce15cb396be', '2026-12-31 00:00:00', '2026-02-25 10:55:00'),
(56, 56, 'rt_68754cf189c64f20a4c2a249bc1e0668', '2026-12-31 00:00:00', '2026-02-25 10:56:00'),
(57, 57, 'rt_3ef0e25cd6e74137a80e6647c8faf947', '2026-12-31 00:00:00', '2026-02-25 10:57:00'),
(58, 58, 'rt_b326d8496e88496180d787e87b2974df', '2026-12-31 00:00:00', '2026-02-25 10:58:00'),
(59, 59, 'rt_b618ad5b7dcc4a98bda2360c3ff30231', '2026-12-31 00:00:00', '2026-02-25 10:59:00'),
(60, 60, 'rt_6777ff2cb10140ec8619ddae213d0364', '2026-12-31 00:00:00', '2026-02-25 11:00:00'),
(61, 61, 'rt_d9343d5805ce4421be02739747f5b718', '2026-12-31 00:00:00', '2026-02-25 11:01:00'),
(62, 62, 'rt_85cd564548214455a34c5777d368329f', '2026-12-31 00:00:00', '2026-02-25 11:02:00'),
(63, 63, 'rt_33608531eb8145d288464c67cd18b859', '2026-12-31 00:00:00', '2026-02-25 11:03:00'),
(64, 64, 'rt_3d99b0e599ff46c9a44c2f3291447c5e', '2026-12-31 00:00:00', '2026-02-25 11:04:00'),
(65, 65, 'rt_f5dae05126a34b8bab59a1194c3a08f9', '2026-12-31 00:00:00', '2026-02-25 11:05:00'),
(66, 66, 'rt_544527b839704d4e8ec479a6f9cc3012', '2026-12-31 00:00:00', '2026-02-25 11:06:00'),
(67, 67, 'rt_a9fd2f683f7c4415906c0255db193ce3', '2026-12-31 00:00:00', '2026-02-25 11:07:00'),
(68, 68, 'rt_e53074f79941479baf879973b86eb8f8', '2026-12-31 00:00:00', '2026-02-25 11:08:00'),
(69, 69, 'rt_c255c809094e4a4ca27736788226cb1c', '2026-12-31 00:00:00', '2026-02-25 11:09:00'),
(70, 70, 'rt_037c01861fec4093988e95b1fed05a42', '2026-12-31 00:00:00', '2026-02-25 11:10:00'),
(71, 71, 'rt_fa4bb33b07f24df4af74a39497137ac1', '2026-12-31 00:00:00', '2026-02-25 11:11:00'),
(72, 72, 'rt_3ce28254f8554849978fd58fcd8d3cf6', '2026-12-31 00:00:00', '2026-02-25 11:12:00'),
(73, 73, 'rt_d0a5b84c9eb64daebf706f2b804c1e8a', '2026-12-31 00:00:00', '2026-02-25 11:13:00'),
(74, 74, 'rt_57b446485acf414f8cb52b66334ad7df', '2026-12-31 00:00:00', '2026-02-25 11:14:00'),
(75, 75, 'rt_6d22d6fb81314d89b8fc18c74d22228d', '2026-12-31 00:00:00', '2026-02-25 11:15:00'),
(76, 76, 'rt_4790053529054681a024c7a29ee10b25', '2026-12-31 00:00:00', '2026-02-25 11:16:00'),
(77, 77, 'rt_6494ea871ff540dc928ff6686f7e6588', '2026-12-31 00:00:00', '2026-02-25 11:17:00'),
(78, 78, 'rt_d968d5a6fc104e42858f8ebc2b1b828c', '2026-12-31 00:00:00', '2026-02-25 11:18:00'),
(79, 79, 'rt_a4cba82842ba4474b07d80f082bc0a45', '2026-12-31 00:00:00', '2026-02-25 11:19:00'),
(80, 80, 'rt_c4bbccdf883247ba834689deaa26f1fe', '2026-12-31 00:00:00', '2026-02-25 11:20:00'),
(81, 81, 'rt_5c6159944048485a9e91eb0d1feb7fb2', '2026-12-31 00:00:00', '2026-02-25 11:21:00'),
(82, 82, 'rt_532f65b364df4cdaa9313ddbb1e5fe95', '2026-12-31 00:00:00', '2026-02-25 11:22:00'),
(83, 83, 'rt_52e873bb7b9145f6bf9a01c54558582c', '2026-12-31 00:00:00', '2026-02-25 11:23:00'),
(84, 84, 'rt_62df755fa8b64671b72dc9f02a826bf2', '2026-12-31 00:00:00', '2026-02-25 11:24:00'),
(85, 85, 'rt_c7ebe669641d461385465ed24443bd71', '2026-12-31 00:00:00', '2026-02-25 11:25:00'),
(86, 86, 'rt_18791c18fabb4317b63f945e2edbb305', '2026-12-31 00:00:00', '2026-02-25 11:26:00'),
(87, 87, 'rt_47d0e1cb32eb456e991153519644a6d6', '2026-12-31 00:00:00', '2026-02-25 11:27:00'),
(88, 88, 'rt_41cee4e4790547e5b87b48f0f28a6171', '2026-12-31 00:00:00', '2026-02-25 11:28:00'),
(89, 89, 'rt_44e064a7b06348418245a93dbd7ae150', '2026-12-31 00:00:00', '2026-02-25 11:29:00'),
(90, 90, 'rt_6522d9be5c8b47ffa270f661039193c7', '2026-12-31 00:00:00', '2026-02-25 11:30:00'),
(91, 91, 'rt_1e176a4441e84b48809673c5c4b3a1e0', '2026-12-31 00:00:00', '2026-02-25 11:31:00'),
(92, 92, 'rt_e6eb879621e043bebcc7c3f76f1d3e23', '2026-12-31 00:00:00', '2026-02-25 11:32:00'),
(93, 93, 'rt_9a0b832fc57e4afd83791dd389075bc1', '2026-12-31 00:00:00', '2026-02-25 11:33:00'),
(94, 94, 'rt_14a833fb8014419195fc143e736c8bd1', '2026-12-31 00:00:00', '2026-02-25 11:34:00'),
(95, 95, 'rt_810a87c168854b23b570f6f078fa5862', '2026-12-31 00:00:00', '2026-02-25 11:35:00'),
(96, 96, 'rt_39076abe9c6840858ed1ba33f1850587', '2026-12-31 00:00:00', '2026-02-25 11:36:00'),
(97, 97, 'rt_a1b649e02a73480b9a76db3b34a61368', '2026-12-31 00:00:00', '2026-02-25 11:37:00'),
(98, 98, 'rt_249c3c7e9dbc485388c103192dc55e22', '2026-12-31 00:00:00', '2026-02-25 11:38:00'),
(99, 99, 'rt_a606b60b7e024eea8e3e5cf6237709bf', '2026-12-31 00:00:00', '2026-02-25 11:39:00'),
(100, 100, 'rt_76dd84bc3a554d9c9a71b766f513d114', '2026-12-31 00:00:00', '2026-02-25 11:40:00');

SET FOREIGN_KEY_CHECKS = 1;
SET SQL_SAFE_UPDATES = 1; 
